t	N	S	f197536	f197553	f205457	f205440	f197537
1	40	8	0	0	0	0	0
2	103	18	0	0	0	0	0
3	291	43	0	0	0	0	0
4	669	65	0	0	0	0	0
5	759	57	0	0	0	0	0
6	826	52	0	0	0	0	0
7	834	50	0	0	0	0	0
8	785	57	0	0	0	0	0
9	787	57	0	0	0	0	0
10	771	63	0	0	0	0	0
11	797	57	0	0	0	0	0
12	794	60	0	0	0	0	0
13	798	49	0	0	0	0	0
14	799	48	0	0	0	0	0
15	810	51	0	0	0	0	0
16	800	49	0	0	0	0	0
17	775	43	0	0	0	0	0
18	794	44	0	0	0	0	0
19	797	48	0	0	0	0	0
20	796	49	0	0	0	0	0
21	798	51	0	0	0	0	0
22	776	53	0	0	0	0	0
23	767	58	0	0	0	0	0
24	783	54	0	0	0	0	0
25	795	50	0	0	0	0	0
26	716	57	0	0	0	0	0
27	499	67	0	0	0	0	0
28	481	70	0	0	0	0	0
29	735	93	0	0	0	0	0
30	1796	112	0	0	0	0	0
31	1600	107	0	0	0	0	0
32	935	92	0	0	0	0	0
33	560	63	0	0	0	0	0
34	309	39	0	0	0	0	0
35	187	28	0	0	0	0	0
36	97	22	0	0	0	0	0
37	142	32	0	0	0	0	0
38	212	40	0	0	0	0	0
39	260	51	0	0	0	0	0
40	224	36	0	0	0	0	0
41	317	43	0	0	0	0	0
42	287	37	0	0	0	0	0
43	146	19	0	0	0	0	0
44	109	16	0	0	0	0	0
45	202	32	0	0	0	0	0
46	229	46	0	0	0	0	0
47	380	56	0	0	0	0	0
48	567	65	0	0	0	0	0
49	495	65	0	0	0	0	0
50	314	52	0	0	0	0	0
51	268	38	0	0	0	0	0
52	151	26	0	0	0	0	0
53	175	34	0	0	0	0	0
54	242	39	0	0	0	0	0
55	316	39	0	0	0	0	0
56	301	35	0	0	0	0	0
57	291	31	0	0	0	0	0
58	318	35	0	0	0	0	0
59	288	29	0	0	0	0	0
60	271	29	0	0	0	0	0
61	297	21	0	0	0	0	0
62	297	23	0	0	0	0	0
63	283	22	0	0	0	0	0
64	273	22	0	0	0	0	0
65	265	22	0	0	0	0	0
66	292	24	0	0	0	0	0
67	254	30	0	0	0	0	0
68	270	28	0	0	0	0	0
69	269	25	0	0	0	0	0
70	266	29	0	0	0	0	0
71	309	29	0	0	0	0	0
72	347	36	0	0	0	0	0
73	418	38	0	0	0	0	0
74	888	68	0	0	0	0	0
75	1461	76	0	0	0	0	0
76	1599	80	0	0	0	0	0
77	1631	75	0	0	0	0	0
78	1628	68	0	0	0	0	0
79	1660	63	0	0	0	0	0
80	1686	65	0	0	0	0	0
81	1682	70	0	0	0	0	0
82	1657	67	0	0	0	0	0
83	1666	73	0	0	0	0	0
84	1619	80	0	0	0	0	0
85	1561	72	0	0	0	0	0
86	1511	69	0	0	0	0	0
87	1522	65	0	0	0	0	0
88	1517	71	0	0	0	0	0
89	1513	67	0	0	0	0	0
90	1527	61	0	0	0	0	0
91	1510	68	0	0	0	0	0
92	1535	70	0	0	0	0	0
93	1554	64	0	0	0	0	0
94	1517	71	0	0	0	0	0
95	1520	76	0	0	0	0	0
96	1550	65	0	0	0	0	0
97	1532	68	0	0	0	0	0
98	1532	67	0	0	0	0	0
99	1526	67	0	0	0	0	0
100	1559	63	0	0	0	0	0
101	1527	69	0	0	0	0	0
102	1546	67	0	0	0	0	0
103	1502	65	0	0	0	0	0
104	1494	72	0	0	0	0	0
105	1506	65	0	0	0	0	0
106	1520	69	0	0	0	0	0
107	1524	65	0	0	0	0	0
108	1519	66	0	0	0	0	0
109	1524	71	0	0	0	0	0
110	1509	71	0	0	0	0	0
111	1511	64	0	0	0	0	0
112	1504	72	0	0	0	0	0
113	1505	79	0	0	0	0	0
114	1524	70	0	0	0	0	0
115	1540	67	0	0	0	0	0
116	1537	60	0	0	0	0	0
117	1547	59	0	0	0	0	0
118	1533	67	0	0	0	0	0
119	1505	68	0	0	0	0	0
120	1558	64	0	0	0	0	0
121	1518	65	0	0	0	0	0
122	1532	69	0	0	0	0	0
123	1501	65	0	0	0	0	0
124	1492	69	0	0	0	0	0
125	1518	75	0	0	0	0	0
126	1502	68	0	0	0	0	0
127	1525	59	0	0	0	0	0
128	1498	69	0	0	0	0	0
129	1508	67	0	0	0	0	0
130	1516	65	0	0	0	0	0
131	1514	70	0	0	0	0	0
132	1542	66	0	0	0	0	0
133	1558	66	0	0	0	0	0
134	1552	63	0	0	0	0	0
135	1524	62	0	0	0	0	0
136	1532	54	0	0	0	0	0
137	1506	62	0	0	0	0	0
138	1517	60	0	0	0	0	0
139	1494	74	0	0	0	0	0
140	1515	66	0	0	0	0	0
141	1497	73	0	0	0	0	0
142	1548	64	0	0	0	0	0
143	1545	67	0	0	0	0	0
144	1560	67	0	0	0	0	0
145	1531	67	0	0	0	0	0
146	1550	68	0	0	0	0	0
147	1521	66	0	0	0	0	0
148	1496	63	0	0	0	0	0
149	1504	74	0	0	0	0	0
150	1483	69	0	0	0	0	0
151	1499	60	0	0	0	0	0
152	1517	64	0	0	0	0	0
153	1539	72	0	0	0	0	0
154	1548	74	0	0	0	0	0
155	1523	71	0	0	0	0	0
156	1544	62	0	0	0	0	0
157	1552	63	0	0	0	0	0
158	1549	64	0	0	0	0	0
159	1509	64	0	0	0	0	0
160	1493	65	0	0	0	0	0
161	1508	66	0	0	0	0	0
162	1495	71	0	0	0	0	0
163	1550	67	0	0	0	0	0
164	1547	65	0	0	0	0	0
165	1564	66	0	0	0	0	0
166	1541	67	0	0	0	0	0
167	1524	68	0	0	0	0	0
168	1520	60	0	0	0	0	0
169	1523	65	0	0	0	0	0
170	1506	63	0	0	0	0	0
171	1503	66	0	0	0	0	0
172	1517	65	0	0	0	0	0
173	1532	67	0	0	0	0	0
174	1528	73	0	0	0	0	0
175	1514	69	0	0	0	0	0
176	1494	72	0	0	0	0	0
177	1517	65	0	0	0	0	0
178	1515	73	0	0	0	0	0
179	1542	62	0	0	0	0	0
180	1530	71	0	0	0	0	0
181	1517	66	0	0	0	0	0
182	1518	67	0	0	0	0	0
183	1516	70	0	0	0	0	0
184	1505	67	0	0	0	0	0
185	1499	63	0	0	0	0	0
186	1499	65	0	0	0	0	0
187	1510	61	0	0	0	0	0
188	1486	72	0	0	0	0	0
189	1494	74	0	0	0	0	0
190	1499	73	0	0	0	0	0
191	1500	70	0	0	0	0	0
192	1497	60	0	0	0	0	0
193	1512	63	0	0	0	0	0
194	1504	68	0	0	0	0	0
195	1537	65	0	0	0	0	0
196	1521	69	0	0	0	0	0
197	1488	69	0	0	0	0	0
198	1523	65	0	0	0	0	0
199	1509	68	0	0	0	0	0
200	1504	65	0	0	0	0	0
201	1523	59	0	0	0	0	0
202	1521	68	0	0	0	0	0
203	1566	70	0	0	0	0	0
204	1540	75	0	0	0	0	0
205	1523	71	0	0	0	0	0
206	1531	73	0	0	0	0	0
207	1549	69	0	0	0	0	0
208	1546	65	0	0	0	0	0
209	1552	57	0	0	0	0	0
210	1535	60	0	0	0	0	0
211	1523	67	0	0	0	0	0
212	1547	59	0	0	0	0	0
213	1529	64	0	0	0	0	0
214	1532	65	0	0	0	0	0
215	1541	62	0	0	0	0	0
216	1539	68	0	0	0	0	0
217	1540	70	0	0	0	0	0
218	1490	69	0	0	0	0	0
219	1505	79	0	0	0	0	0
220	1522	74	0	0	0	0	0
221	1527	71	0	0	0	0	0
222	1537	73	0	0	0	0	0
223	1542	66	0	0	0	0	0
224	1502	69	0	0	0	0	0
225	1517	67	0	0	0	0	0
226	1514	68	0	0	0	0	0
227	1494	68	0	0	0	0	0
228	1502	66	0	0	0	0	0
229	1511	74	0	0	0	0	0
230	1529	72	0	0	0	0	0
231	1498	65	0	0	0	0	0
232	1526	66	0	0	0	0	0
233	1559	71	0	0	0	0	0
234	1559	66	0	0	0	0	0
235	1524	63	0	0	0	0	0
236	1493	64	0	0	0	0	0
237	1515	67	0	0	0	0	0
238	1524	73	0	0	0	0	0
239	1534	64	0	0	0	0	0
240	1541	66	0	0	0	0	0
241	1521	69	0	0	0	0	0
242	1504	64	0	0	0	0	0
243	1516	65	0	0	0	0	0
244	1523	69	0	0	0	0	0
245	1519	71	0	0	0	0	0
246	1506	57	0	0	0	0	0
247	1521	64	0	0	0	0	0
248	1542	59	0	0	0	0	0
249	1520	58	0	0	0	0	0
250	1505	66	0	0	0	0	0
251	1526	64	0	0	0	0	0
252	1544	64	0	0	0	0	0
253	1511	62	0	0	0	0	0
254	1544	61	0	0	0	0	0
255	1574	64	0	0	0	0	0
256	1514	68	0	0	0	0	0
257	1520	62	0	0	0	0	0
258	1528	73	0	0	0	0	0
259	1504	71	0	0	0	0	0
260	1531	65	0	0	0	0	0
261	1509	72	0	0	0	0	0
262	1530	66	0	0	0	0	0
263	1559	67	0	0	0	0	0
264	1542	65	0	0	0	0	0
265	1526	66	0	0	0	0	0
266	1536	67	0	0	0	0	0
267	1519	66	0	0	0	0	0
268	1499	65	0	0	0	0	0
269	1508	70	0	0	0	0	0
270	1500	57	0	0	0	0	0
271	1538	63	0	0	0	0	0
272	1506	69	0	0	0	0	0
273	1538	66	0	0	0	0	0
274	1517	63	0	0	0	0	0
275	1550	72	0	0	0	0	0
276	1567	72	0	0	0	0	0
277	1506	63	0	0	0	0	0
278	1494	59	0	0	0	0	0
279	1497	63	0	0	0	0	0
280	1507	65	0	0	0	0	0
281	1533	68	0	0	0	0	0
282	1529	63	0	0	0	0	0
283	1536	67	0	0	0	0	0
284	1545	64	0	0	0	0	0
285	1571	61	0	0	0	0	0
286	1555	68	0	0	0	0	0
287	1545	75	0	0	0	0	0
288	1479	74	0	0	0	0	0
289	1505	70	0	0	0	0	0
290	1486	66	0	0	0	0	0
291	1500	65	0	0	0	0	0
292	1491	61	0	0	0	0	0
293	1513	64	0	0	0	0	0
294	1530	66	0	0	0	0	0
295	1559	75	0	0	0	0	0
296	1559	70	0	0	0	0	0
297	1538	60	0	0	0	0	0
298	1549	65	0	0	0	0	0
299	1536	62	0	0	0	0	0
300	1539	67	0	0	0	0	0
301	1509	69	0	0	0	0	0
302	1507	68	0	0	0	0	0
303	1537	63	0	0	0	0	0
304	1536	63	0	0	0	0	0
305	1546	65	0	0	0	0	0
306	1556	61	0	0	0	0	0
307	1542	67	0	0	0	0	0
308	1527	67	0	0	0	0	0
309	1520	61	0	0	0	0	0
310	1510	65	0	0	0	0	0
311	1492	73	0	0	0	0	0
312	1512	67	0	0	0	0	0
313	1484	71	0	0	0	0	0
314	1519	74	0	0	0	0	0
315	1668	68	0	0	0	0	0
316	2196	94	0	0	0	0	0
317	2431	94	0	0	0	0	0
318	2477	89	0	0	0	0	0
319	2507	78	0	0	0	0	0
320	2517	93	0	0	0	0	0
321	2521	90	0	0	0	0	0
322	2519	83	0	0	0	0	0
323	2529	86	0	0	0	0	0
324	2556	81	0	0	0	0	0
325	2527	78	0	0	0	0	0
326	2529	85	0	0	0	0	0
327	2507	77	0	0	0	0	0
328	2533	77	0	0	0	0	0
329	2531	76	0	0	0	0	0
330	2527	77	0	0	0	0	0
331	2504	79	0	0	0	0	0
332	2533	90	0	0	0	0	0
333	2535	85	0	0	0	0	0
334	2548	82	0	0	0	0	0
335	2552	84	0	0	0	0	0
336	2537	84	0	0	0	0	0
337	2527	88	0	0	0	0	0
338	2482	84	0	0	0	0	0
339	2480	90	0	0	0	0	0
340	2515	81	0	0	0	0	0
341	2512	75	0	0	0	0	0
342	2515	81	0	0	0	0	0
343	2508	86	0	0	0	0	0
344	2546	84	0	0	0	0	0
345	2505	76	0	0	0	0	0
346	2550	81	0	0	0	0	0
347	2507	73	0	0	0	0	0
348	2501	75	0	0	0	0	0
349	2480	87	0	0	0	0	0
350	2513	87	0	0	0	0	0
351	2487	89	0	0	0	0	0
352	2502	85	0	0	0	0	0
353	2481	83	0	0	0	0	0
354	2520	87	0	0	0	0	0
355	2541	83	0	0	0	0	0
356	2530	76	0	0	0	0	0
357	2519	75	0	0	0	0	0
358	2488	81	0	0	0	0	0
359	2485	79	0	0	0	0	0
360	2492	78	0	0	0	0	0
361	2506	79	0	0	0	0	0
362	2541	82	0	0	0	0	0
363	2534	82	0	0	0	0	0
364	2545	81	0	0	0	0	0
365	2492	87	0	0	0	0	0
366	2510	88	0	0	0	0	0
367	2495	86	0	0	0	0	0
368	2531	92	0	0	0	0	0
369	2511	82	0	0	0	0	0
370	2528	86	0	0	0	0	0
371	2522	80	0	0	0	0	0
372	2490	79	0	0	0	0	0
373	2494	76	0	0	0	0	0
374	2502	87	0	0	0	0	0
375	2527	86	0	0	0	0	0
376	2526	82	0	0	0	0	0
377	2529	86	0	0	0	0	0
378	2508	82	0	0	0	0	0
379	2535	79	0	0	0	0	0
380	2533	74	0	0	0	0	0
381	2529	78	0	0	0	0	0
382	2536	83	0	0	0	0	0
383	2530	78	0	0	0	0	0
384	2522	86	0	0	0	0	0
385	2483	82	0	0	0	0	0
386	2498	82	0	0	0	0	0
387	2492	81	0	0	0	0	0
388	2482	80	0	0	0	0	0
389	2504	81	0	0	0	0	0
390	2529	73	0	0	0	0	0
391	2513	84	0	0	0	0	0
392	2492	83	0	0	0	0	0
393	2523	82	0	0	0	0	0
394	2529	85	0	0	0	0	0
395	2532	81	0	0	0	0	0
396	2528	79	0	0	0	0	0
397	2523	83	0	0	0	0	0
398	2492	86	0	0	0	0	0
399	2499	85	0	0	0	0	0
400	2499	91	0	0	0	0	0
401	2522	93	0	0	0	0	0
402	2512	85	0	0	0	0	0
403	2492	77	0	0	0	0	0
404	2492	81	0	0	0	0	0
405	2508	68	0	0	0	0	0
406	2481	73	0	0	0	0	0
407	2499	79	0	0	0	0	0
408	2506	83	0	0	0	0	0
409	2519	81	0	0	0	0	0
410	2470	84	0	0	0	0	0
411	2506	82	0	0	0	0	0
412	2499	87	0	0	0	0	0
413	2514	88	0	0	0	0	0
414	2529	89	0	0	0	0	0
415	2502	80	0	0	0	0	0
416	2493	83	0	0	0	0	0
417	2517	75	0	0	0	0	0
418	2506	77	0	0	0	0	0
419	2489	76	0	0	0	0	0
420	2516	83	0	0	0	0	0
421	2507	84	0	0	0	0	0
422	2505	84	0	0	0	0	0
423	2491	77	0	0	0	0	0
424	2507	77	0	0	0	0	0
425	2557	71	0	0	0	0	0
426	2533	83	0	0	0	0	0
427	2491	86	0	0	0	0	0
428	2494	90	0	0	0	0	0
429	2507	84	0	0	0	0	0
430	2542	79	0	0	0	0	0
431	2544	80	0	0	0	0	0
432	2527	82	0	0	0	0	0
433	2536	83	0	0	0	0	0
434	2552	81	0	0	0	0	0
435	2524	81	0	0	0	0	0
436	2540	86	0	0	0	0	0
437	2475	91	0	0	0	0	0
438	2529	85	0	0	0	0	0
439	2482	86	0	0	0	0	0
440	2505	83	0	0	0	0	0
441	2515	88	0	0	0	0	0
442	2475	87	0	0	0	0	0
443	2481	82	0	0	0	0	0
444	2483	80	0	0	0	0	0
445	2525	67	0	0	0	0	0
446	2511	77	0	0	0	0	0
447	2528	82	0	0	0	0	0
448	2482	78	0	0	0	0	0
449	2468	80	0	0	0	0	0
450	2484	83	0	0	0	0	0
451	2497	75	0	0	0	0	0
452	2525	79	0	0	0	0	0
453	2510	76	0	0	0	0	0
454	2520	82	0	0	0	0	0
455	2520	74	0	0	0	0	0
456	2529	71	0	0	0	0	0
457	2540	80	0	0	0	0	0
458	2509	72	0	0	0	0	0
459	2516	74	0	0	0	0	0
460	2495	89	0	0	0	0	0
461	2493	78	0	0	0	0	0
462	2546	76	0	0	0	0	0
463	2523	78	0	0	0	0	0
464	2508	87	0	0	0	0	0
465	2514	71	0	0	0	0	0
466	2503	70	0	0	0	0	0
467	2483	78	0	0	0	0	0
468	2501	83	0	0	0	0	0
469	2467	86	0	0	0	0	0
470	2498	79	0	0	0	0	0
471	2507	80	0	0	0	0	0
472	2499	83	0	0	0	0	0
473	2527	77	0	0	0	0	0
474	2509	86	0	0	0	0	0
475	2479	89	0	0	0	0	0
476	2526	82	0	0	0	0	0
477	2505	73	0	0	0	0	0
478	2526	74	0	0	0	0	0
479	2511	80	0	0	0	0	0
480	2523	90	0	0	0	0	0
481	2527	82	0	0	0	0	0
482	2519	80	0	0	0	0	0
483	2507	82	0	0	0	0	0
484	2537	80	0	0	0	0	0
485	2540	80	0	0	0	0	0
486	2546	72	0	0	0	0	0
487	2519	73	0	0	0	0	0
488	2523	89	0	0	0	0	0
489	2531	76	0	0	0	0	0
490	2508	101	0	0	0	0	0
491	2485	93	0	0	0	0	0
492	2516	84	0	0	0	0	0
493	2511	79	0	0	0	0	0
494	2507	77	0	0	0	0	0
495	2512	89	0	0	0	0	0
496	2524	78	0	0	0	0	0
497	2486	80	0	0	0	0	0
498	2509	93	0	0	0	0	0
499	2486	82	0	0	0	0	0
500	2507	85	0	0	0	0	0
501	2533	84	0	0	0	0	0
502	2516	79	0	0	0	0	0
503	2518	80	0	0	0	0	0
504	2521	87	0	0	0	0	0
505	2518	82	0	0	0	0	0
506	2483	86	0	0	0	0	0
507	2504	85	0	0	0	0	0
508	2528	83	0	0	0	0	0
509	2501	83	0	0	0	0	0
510	2528	79	0	0	0	0	0
511	2523	89	0	0	0	0	0
512	2549	77	0	0	0	0	0
513	2514	77	0	0	0	0	0
514	2537	81	0	0	0	0	0
515	2534	81	0	0	0	0	0
516	2513	80	0	0	0	0	0
517	2536	83	0	0	0	0	0
518	2517	75	0	0	0	0	0
519	2519	73	0	0	0	0	0
520	2533	75	0	0	0	0	0
521	2482	79	0	0	0	0	0
522	2501	77	0	0	0	0	0
523	2477	86	0	0	0	0	0
524	2483	77	0	0	0	0	0
525	2504	86	0	0	0	0	0
526	2524	88	0	0	0	0	0
527	2542	77	0	0	0	0	0
528	2518	82	0	0	0	0	0
529	2505	80	0	0	0	0	0
530	2547	78	0	0	0	0	0
531	2566	76	0	0	0	0	0
532	2563	75	0	0	0	0	0
533	2516	85	0	0	0	0	0
534	2498	85	0	0	0	0	0
535	2536	79	0	0	0	0	0
536	2498	83	0	0	0	0	0
537	2507	83	0	0	0	0	0
538	2505	80	0	0	0	0	0
539	2505	77	0	0	0	0	0
540	2524	78	0	0	0	0	0
541	2506	81	0	0	0	0	0
542	2511	87	0	0	0	0	0
543	2524	77	0	0	0	0	0
544	2532	72	0	0	0	0	0
545	2497	80	0	0	0	0	0
546	2504	82	0	0	0	0	0
547	2515	89	0	0	0	0	0
548	2509	82	0	0	0	0	0
549	2521	87	0	0	0	0	0
550	2525	94	0	0	0	0	0
551	2519	83	0	0	0	0	0
552	2530	74	0	0	0	0	0
553	2507	77	0	0	0	0	0
554	2495	81	0	0	0	0	0
555	2511	78	0	0	0	0	0
556	2508	92	0	0	0	0	0
557	2524	85	0	0	0	0	0
558	2536	81	0	0	0	0	0
559	2516	83	0	0	0	0	0
560	2506	80	0	0	0	0	0
561	2497	80	0	0	0	0	0
562	2529	84	0	0	0	0	0
563	2510	81	0	0	0	0	0
564	2505	76	0	0	0	0	0
565	2520	75	0	0	0	0	0
566	2521	79	0	0	0	0	0
567	2524	85	0	0	0	0	0
568	2528	82	0	0	0	0	0
569	2503	69	0	0	0	0	0
570	2484	80	0	0	0	0	0
571	2485	76	0	0	0	0	0
572	2506	82	0	0	0	0	0
573	2527	91	0	0	0	0	0
574	2494	80	0	0	0	0	0
575	2526	70	0	0	0	0	0
576	2519	82	0	0	0	0	0
577	2553	77	0	0	0	0	0
578	2535	85	0	0	0	0	0
579	2506	72	0	0	0	0	0
580	2484	84	0	0	0	0	0
581	2516	72	0	0	0	0	0
582	2534	72	0	0	0	0	0
583	2525	84	0	0	0	0	0
584	2507	82	0	0	0	0	0
585	2479	86	0	0	0	0	0
586	2484	85	0	0	0	0	0
587	2492	77	0	0	0	0	0
588	2504	81	0	0	0	0	0
589	2486	87	0	0	0	0	0
590	2475	88	0	0	0	0	0
591	2508	85	0	0	0	0	0
592	2524	80	0	0	0	0	0
593	2487	90	0	0	0	0	0
594	2478	81	0	0	0	0	0
595	2490	75	0	0	0	0	0
596	2544	80	0	0	0	0	0
597	2535	82	0	0	0	0	0
598	2525	77	0	0	0	0	0
599	2516	83	0	0	0	0	0
600	2486	83	0	0	0	0	0
601	2494	91	0	0	0	0	0
602	2482	87	0	0	0	0	0
603	2509	81	0	0	0	0	0
604	2508	89	0	0	0	0	0
605	2475	90	0	0	0	0	0
606	2511	85	0	0	0	0	0
607	2522	80	0	0	0	0	0
608	2490	82	0	0	0	0	0
609	2544	88	0	0	0	0	0
610	2519	81	0	0	0	0	0
611	2510	81	0	0	0	0	0
612	2513	83	0	0	0	0	0
613	2529	72	0	0	0	0	0
614	2520	84	0	0	0	0	0
615	2522	80	0	0	0	0	0
616	2538	88	0	0	0	0	0
617	2517	88	0	0	0	0	0
618	2498	76	0	0	0	0	0
619	2510	78	0	0	0	0	0
620	2476	86	0	0	0	0	0
621	2526	81	0	0	0	0	0
622	2498	79	0	0	0	0	0
623	2495	83	0	0	0	0	0
624	2519	80	0	0	0	0	0
625	2482	80	0	0	0	0	0
626	2498	76	0	0	0	0	0
627	2564	83	0	0	0	0	0
628	2528	92	0	0	0	0	0
629	2531	90	0	0	0	0	0
630	2501	83	0	0	0	0	0
631	2488	89	0	0	0	0	0
632	2522	81	0	0	0	0	0
633	2518	81	0	0	0	0	0
634	2496	87	0	0	0	0	0
635	2479	92	0	0	0	0	0
636	2497	81	0	0	0	0	0
637	2517	82	0	0	0	0	0
638	2498	78	0	0	0	0	0
639	2559	74	0	0	0	0	0
640	2538	68	0	0	0	0	0
641	2507	81	0	0	0	0	0
642	2486	83	0	0	0	0	0
643	2491	82	0	0	0	0	0
644	2482	82	0	0	0	0	0
645	2504	88	0	0	0	0	0
646	2503	81	0	0	0	0	0
647	2522	74	0	0	0	0	0
648	2527	76	0	0	0	0	0
649	2504	83	0	0	0	0	0
650	2504	71	0	0	0	0	0
651	2481	82	0	0	0	0	0
652	2523	72	0	0	0	0	0
653	2517	75	0	0	0	0	0
654	2542	78	0	0	0	0	0
655	2523	85	0	0	0	0	0
656	2523	84	0	0	0	0	0
657	2471	71	0	0	0	0	0
658	2508	76	0	0	0	0	0
659	2519	74	0	0	0	0	0
660	2519	83	0	0	0	0	0
661	2484	91	0	0	0	0	0
662	2541	74	0	0	0	0	0
663	2536	79	0	0	0	0	0
664	2518	91	0	0	0	0	0
665	2515	85	0	0	0	0	0
666	2476	85	0	0	0	0	0
667	2500	80	0	0	0	0	0
668	2550	82	0	0	0	0	0
669	2494	80	0	0	0	0	0
670	2467	81	0	0	0	0	0
671	2557	82	0	0	0	0	0
672	2494	90	0	0	0	0	0
673	2520	90	0	0	0	0	0
674	2511	85	0	0	0	0	0
675	2499	78	0	0	0	0	0
676	2516	68	0	0	0	0	0
677	2539	66	0	0	0	0	0
678	2452	76	0	0	0	0	0
679	2491	73	0	0	0	0	0
680	2537	86	0	0	0	0	0
681	2524	84	0	0	0	0	0
682	2515	79	0	0	0	0	0
683	2510	83	0	0	0	0	0
684	2500	82	0	0	0	0	0
685	2483	93	0	0	0	0	0
686	2543	80	0	0	0	0	0
687	2527	80	0	0	0	0	0
688	2516	87	0	0	0	0	0
689	2516	88	0	0	0	0	0
690	2510	91	0	0	0	0	0
691	2518	84	0	0	0	0	0
692	2495	79	0	0	0	0	0
693	2470	83	0	0	0	0	0
694	2515	88	0	0	0	0	0
695	2536	91	0	0	0	0	0
696	2521	83	0	0	0	0	0
697	2486	84	0	0	0	0	0
698	2501	84	0	0	0	0	0
699	2517	75	0	0	0	0	0
700	2540	76	0	0	0	0	0
701	2455	87	0	0	0	0	0
702	2502	86	0	0	0	0	0
703	2482	80	0	0	0	0	0
704	2492	84	0	0	0	0	0
705	2491	83	0	0	0	0	0
706	2509	80	0	0	0	0	0
707	2502	84	0	0	0	0	0
708	2490	76	0	0	0	0	0
709	2507	84	0	0	0	0	0
710	2519	85	0	0	0	0	0
711	2495	80	0	0	0	0	0
712	2539	86	0	0	0	0	0
713	2526	71	0	0	0	0	0
714	2524	85	0	0	0	0	0
715	2504	87	0	0	0	0	0
716	2476	89	0	0	0	0	0
717	2457	90	0	0	0	0	0
718	2503	77	0	0	0	0	0
719	2478	83	0	0	0	0	0
720	2489	70	0	0	0	0	0
721	2469	87	0	0	0	0	0
722	2495	77	0	0	0	0	0
723	2494	83	0	0	0	0	0
724	2486	79	0	0	0	0	0
725	2475	96	0	0	0	0	0
726	2518	88	0	0	0	0	0
727	2511	88	0	0	0	0	0
728	2511	86	0	0	0	0	0
729	2516	83	0	0	0	0	0
730	2506	79	0	0	0	0	0
731	2529	78	0	0	0	0	0
732	2488	86	0	0	0	0	0
733	2504	82	0	0	0	0	0
734	2512	86	0	0	0	0	0
735	2547	92	0	0	0	0	0
736	2554	83	0	0	0	0	0
737	2521	78	0	0	0	0	0
738	2499	80	0	0	0	0	0
739	2508	80	0	0	0	0	0
740	2529	74	0	0	0	0	0
741	2521	83	0	0	0	0	0
742	2478	89	0	0	0	0	0
743	2463	87	0	0	0	0	0
744	2378	92	0	0	0	0	0
745	1565	86	0	0	0	0	0
746	1054	82	0	0	0	0	0
747	552	50	0	0	0	0	0
748	274	35	0	0	0	0	0
749	219	30	0	0	0	0	0
750	176	29	0	0	0	0	0
751	161	29	0	0	0	11	0
752	367	42	0	0	0	79	0
753	1141	83	0	0	2	467	0
754	1150	88	0	0	17	395	0
755	1260	98	0	0	408	332	0
756	911	100	0	0	198	136	0
757	963	105	0	0	170	190	0
758	1169	108	0	0	363	210	0
759	1180	97	0	0	399	193	0
760	802	81	0	0	183	87	0
761	878	79	0	0	216	100	0
762	488	62	0	0	67	27	0
763	972	86	0	0	247	129	0
764	699	83	0	0	102	95	0
765	1230	101	0	0	398	231	0
766	979	92	0	0	262	138	0
767	833	79	0	0	193	92	0
768	795	72	0	0	172	85	0
769	490	66	0	0	66	36	0
770	862	81	0	0	210	95	0
771	603	62	0	0	99	45	0
772	676	87	22	0	131	45	0
773	1090	110	171	0	338	99	1
774	1227	94	467	0	295	141	3
775	1250	90	540	0	282	162	5
776	1254	88	555	0	293	155	2
777	1251	90	555	0	286	157	9
778	1255	87	563	0	281	163	2
779	1245	72	577	0	272	160	7
780	1263	75	586	0	296	160	11
781	1273	71	586	0	286	168	6
782	1249	79	556	0	274	163	5
783	1279	76	597	0	287	172	5
784	1272	78	581	0	283	171	6
785	1282	81	589	0	277	179	3
786	1292	79	594	0	285	183	2
787	1262	73	557	0	295	164	6
788	1255	76	561	0	293	155	5
789	1273	78	570	0	273	175	4
790	1274	80	575	0	284	169	7
791	1293	79	603	0	291	173	7
792	1280	72	592	0	300	165	9
793	1250	77	577	0	285	160	8
794	1260	86	575	0	285	164	9
795	1281	85	594	0	297	169	7
796	1281	77	591	0	289	172	7
797	1273	79	583	0	279	172	5
798	1275	76	585	0	293	169	6
799	1275	83	570	0	287	172	7
800	1268	77	566	0	292	169	8
801	1278	72	593	0	298	169	4
802	1306	71	595	0	298	181	5
803	1286	73	597	0	296	175	5
804	1297	75	602	9	291	180	4
805	1258	87	480	164	247	144	3
806	1131	84	295	364	164	93	10
807	1127	84	306	362	164	89	9
808	1123	88	286	365	169	90	10
809	1125	75	296	380	154	92	11
810	1131	93	296	367	165	88	7
811	1131	87	293	360	165	91	5
812	1110	91	280	357	168	82	4
813	1119	94	286	360	160	89	9
814	1111	93	289	360	156	87	10
815	1131	98	295	370	156	94	3
816	1153	85	300	369	184	92	2
817	1139	81	288	386	173	90	3
818	1127	86	288	370	170	90	3
819	1126	86	297	392	156	89	8
820	1154	90	294	412	173	95	5
821	1129	92	292	384	163	87	7
822	1164	83	308	406	173	95	9
823	1136	92	289	395	174	86	12
824	1125	89	299	367	158	91	11
825	1148	88	284	380	183	90	9
826	1146	84	300	380	166	97	9
827	1110	81	279	378	161	86	7
828	1099	77	274	362	160	84	8
829	1127	76	289	391	166	84	3
830	1130	77	298	395	168	86	6
831	1143	86	302	400	176	85	8
832	1112	82	279	377	157	86	10
833	1142	81	293	389	167	94	8
834	1111	83	281	380	156	86	9
835	1124	87	287	391	156	92	6
836	1128	95	277	390	162	92	6
837	1150	94	290	402	168	93	4
838	1161	92	303	387	173	97	3
839	1122	95	281	380	166	88	3
840	1121	88	289	378	152	92	6
841	1116	81	288	381	152	90	1
842	1134	80	293	388	162	96	5
843	1117	86	297	369	146	91	5
844	1120	93	298	367	147	90	5
845	1100	89	284	355	147	88	6
846	1140	87	286	373	171	92	7
847	1139	82	289	385	163	94	9
848	1135	86	277	387	168	93	5
849	1147	81	292	388	169	95	4
850	1137	92	296	384	165	92	10
851	1110	95	275	375	152	88	9
852	1139	92	294	383	175	91	6
853	1129	89	284	388	157	91	10
854	1134	87	298	389	164	90	12
855	1103	87	285	365	140	93	9
856	1094	87	282	359	151	84	11
857	1100	88	271	359	170	79	8
858	1118	98	271	379	179	80	5
859	1101	88	263	392	173	77	10
860	1142	86	285	395	170	93	3
861	1152	89	291	393	165	97	4
862	1127	89	286	389	154	92	6
863	1143	75	285	395	177	90	10
864	1113	81	282	376	169	82	11
865	1121	87	292	361	163	90	9
866	1128	82	278	380	171	89	7
867	1113	77	281	382	164	83	4
868	1161	80	309	400	182	90	6
869	1129	87	274	385	172	89	4
870	1094	86	259	381	157	82	4
871	1095	81	266	380	146	87	3
872	1135	79	284	405	160	95	3
873	1115	86	288	376	154	91	5
874	1116	89	293	380	159	86	5
875	1105	82	284	390	162	79	6
876	1131	80	297	383	171	87	6
877	1158	82	305	387	173	97	8
878	1148	89	294	378	179	92	6
879	1148	83	294	388	177	88	12
880	1159	81	293	404	180	90	11
881	1145	88	290	391	176	90	13
882	1115	86	300	374	162	83	10
883	1143	80	297	384	177	88	9
884	1101	90	280	377	158	83	8
885	1091	91	279	357	159	79	6
886	1080	85	278	367	147	82	6
887	1119	93	286	381	156	93	5
888	1123	90	291	378	164	90	8
889	1121	89	284	372	172	85	5
890	1150	91	287	387	170	93	3
891	1159	89	285	393	177	94	5
892	1121	95	295	368	172	80	6
893	1131	87	303	374	168	86	6
894	1128	83	294	358	163	90	8
895	1136	86	307	388	156	92	8
896	1147	85	299	394	172	95	4
897	1126	86	289	374	165	91	2
898	1127	86	288	369	175	87	7
899	1116	88	288	361	165	87	7
900	1135	82	288	377	177	85	11
901	1102	79	272	371	162	81	12
902	1118	92	271	384	173	82	8
903	1127	96	283	385	156	91	9
904	1125	89	277	378	159	91	7
905	1117	89	284	365	162	86	7
906	1138	89	292	369	171	93	11
907	1145	98	289	382	185	85	8
908	1144	86	283	378	195	82	6
909	1147	80	306	384	174	89	8
910	1130	86	296	374	163	89	8
911	1102	88	275	360	170	80	9
912	1163	84	287	401	190	91	7
913	1135	88	289	382	171	87	6
914	1172	89	306	397	173	101	8
915	1122	84	291	363	160	89	6
916	1138	94	304	378	172	88	7
917	1128	85	291	379	173	86	7
918	1171	77	312	391	184	99	4
919	1175	83	313	389	187	96	6
920	1144	82	310	380	168	90	7
921	1103	86	288	381	165	78	2
922	1133	77	289	400	164	89	7
923	1120	89	290	374	169	87	8
924	1121	86	278	360	162	91	12
925	1131	87	288	386	163	89	8
926	1132	84	285	388	157	96	9
927	1154	92	303	371	172	98	6
928	1125	92	290	363	163	91	7
929	1110	90	284	371	154	88	11
930	1098	88	280	384	141	88	9
931	1126	88	283	374	168	89	9
932	1142	88	293	376	172	95	11
933	1127	88	288	380	167	87	14
934	1135	90	306	371	155	93	9
935	1115	91	289	369	160	84	8
936	1146	90	305	384	175	88	5
937	1139	88	292	388	166	90	6
938	1145	87	302	391	167	94	9
939	1127	91	270	382	166	89	5
940	1135	92	277	370	166	96	12
941	1137	92	291	396	171	90	6
942	1168	93	304	399	176	99	5
943	1131	90	279	380	176	87	4
944	1129	96	292	388	167	90	5
945	1129	89	282	381	175	85	5
946	1158	79	284	400	189	90	13
947	1148	79	291	401	175	91	4
948	1144	84	301	391	165	89	10
949	1150	89	302	401	161	95	6
950	1148	86	280	394	178	92	6
951	1139	91	286	386	160	97	5
952	1167	88	301	398	169	103	5
953	1146	89	306	387	168	93	4
954	1151	88	299	381	166	97	2
955	1143	80	301	395	160	97	3
956	1127	83	282	380	163	93	5
957	1087	87	270	357	156	79	10
958	1102	81	273	364	159	82	7
959	1118	87	283	365	166	86	9
960	1122	98	281	369	168	88	3
961	1122	99	277	372	166	89	11
962	1124	86	293	381	169	86	7
963	1110	99	278	368	168	84	9
964	1118	91	287	361	160	89	7
965	1133	93	302	361	176	85	7
966	1111	86	286	363	161	84	7
967	1108	90	281	365	164	84	8
968	1107	97	283	364	161	83	6
969	1121	90	290	374	155	90	5
970	1107	86	276	379	159	84	2
971	1111	92	276	358	178	79	5
972	1135	87	289	394	164	90	4
973	1097	91	265	387	159	81	7
974	1106	92	274	371	159	84	11
975	1112	84	287	377	160	86	7
976	1112	88	284	374	151	92	9
977	1119	84	288	374	160	91	10
978	1104	89	287	357	159	86	12
979	1131	86	298	374	174	85	8
980	1112	83	294	361	162	86	8
981	1135	94	292	379	167	90	9
982	1144	84	295	371	175	89	4
983	1123	84	277	379	155	92	9
984	1129	96	285	360	165	93	4
985	1093	89	288	347	146	85	5
986	1108	89	282	356	160	87	4
987	1117	97	278	356	171	85	8
988	1128	82	286	367	174	89	6
989	1143	87	286	380	175	92	9
990	1161	88	303	394	188	88	5
991	1133	90	290	381	169	88	6
992	1132	85	282	390	170	88	5
993	1096	83	278	375	161	79	6
994	1116	87	295	369	156	86	7
995	1090	90	287	360	146	82	10
996	1103	89	281	369	148	90	10
997	1112	83	302	360	153	89	11
998	1075	91	280	349	148	77	7
999	1111	97	262	377	169	83	5
1000	1138	83	269	395	170	93	12
1001	1149	84	285	384	169	98	8
1002	1150	82	285	388	173	94	8
1003	1166	83	306	390	175	97	13
1004	1132	84	297	379	162	94	10
1005	1102	80	282	384	156	83	5
1006	1120	74	290	378	153	93	10
1007	1127	80	300	381	166	83	4
1008	1130	81	290	383	171	86	5
1009	1142	93	305	381	169	94	2
1010	1135	84	303	384	163	90	5
1011	1131	79	292	390	162	93	7
1012	1144	87	294	389	173	95	4
1013	1134	84	289	377	167	93	6
1014	1114	82	283	378	153	89	9
1015	1121	78	300	390	156	86	10
1016	1131	82	292	380	153	95	5
1017	1099	85	280	370	152	83	8
1018	1140	84	300	382	169	90	3
1019	1142	89	298	380	165	92	5
1020	1129	88	298	375	166	85	11
1021	1138	87	306	365	179	88	8
1022	1126	92	305	349	170	85	7
1023	1121	88	295	366	173	80	7
1024	1107	89	294	362	163	79	7
1025	1113	85	301	368	152	89	5
1026	1101	88	293	369	161	81	6
1027	1120	91	300	373	161	89	8
1028	1160	88	308	391	182	90	5
1029	1146	90	292	386	172	93	1
1030	1116	86	289	373	165	83	6
1031	1126	78	287	388	168	86	12
1032	1147	81	303	387	182	87	7
1033	1135	79	285	384	174	89	6
1034	1122	87	290	370	162	89	6
1035	1137	89	286	364	177	91	7
1036	1116	80	286	358	176	83	7
1037	1129	85	295	388	163	87	5
1038	1157	75	309	391	163	101	4
1039	1148	85	296	386	165	96	5
1040	1111	82	285	375	162	83	5
1041	1156	81	296	403	176	95	3
1042	1141	89	289	379	167	96	2
1043	1133	85	299	370	165	91	4
1044	1123	85	293	382	159	88	2
1045	1115	92	287	372	164	81	4
1046	1128	90	292	380	166	90	9
1047	1161	84	300	410	173	95	8
1048	1123	86	288	391	166	83	5
1049	1130	85	301	357	168	88	2
1050	1138	86	288	378	181	85	3
1051	1138	90	301	373	162	94	7
1052	1141	95	294	376	174	91	7
1053	1109	92	275	355	163	87	11
1054	1112	86	282	366	155	88	8
1055	1159	92	300	384	164	100	8
1056	1149	89	306	378	170	94	10
1057	1089	81	269	366	159	81	7
1058	1134	86	289	386	168	89	7
1059	1126	84	288	386	157	89	6
1060	1144	78	302	379	164	95	7
1061	1154	78	298	401	174	93	4
1062	1134	79	301	375	165	89	8
1063	1149	73	302	388	166	94	6
1064	1117	84	282	375	168	85	4
1065	1135	88	292	374	171	91	10
1066	1096	84	281	365	163	79	15
1067	1080	84	267	354	157	80	14
1068	1092	80	272	361	151	84	9
1069	1118	86	277	366	169	85	7
1070	1147	82	288	393	179	91	9
1071	1121	83	287	383	167	85	8
1072	1138	85	287	389	163	94	3
1073	1123	85	279	375	173	85	8
1074	1118	91	300	364	166	84	8
1075	1139	84	304	372	179	87	5
1076	1106	93	271	372	165	81	10
1077	1128	92	279	372	171	88	8
1078	1147	87	295	382	173	92	11
1079	1101	88	259	375	165	80	4
1080	1109	91	281	367	162	84	5
1081	1128	90	280	386	172	87	5
1082	1143	88	286	394	179	88	7
1083	1131	89	290	382	166	88	6
1084	1087	89	276	353	145	84	6
1085	1087	89	275	348	150	84	8
1086	1114	91	289	366	163	85	8
1087	1130	88	291	375	158	94	8
1088	1113	81	286	373	147	89	7
1089	1101	88	288	370	154	81	9
1090	1079	81	270	368	153	75	8
1091	1107	83	278	386	156	82	6
1092	1143	77	295	393	169	91	6
1093	1126	85	293	376	177	84	8
1094	1121	88	283	371	183	82	8
1095	1121	87	280	388	160	88	11
1096	1143	78	293	397	174	90	4
1097	1152	85	295	392	184	87	9
1098	1136	92	283	386	163	93	7
1099	1150	80	305	400	171	91	6
1100	1128	77	301	383	158	85	7
1101	1153	83	299	401	159	101	3
1102	1145	87	297	394	166	93	2
1103	1142	80	300	379	169	92	6
1104	1135	87	282	389	176	84	6
1105	1127	75	280	389	172	85	6
1106	1144	77	294	384	177	88	8
1107	1126	82	277	379	184	80	7
1108	1144	84	301	382	173	89	5
1109	1146	88	291	385	171	91	6
1110	1080	88	260	363	158	75	5
1111	1105	90	270	356	169	85	3
1112	1143	87	302	388	167	94	4
1113	1117	91	287	376	158	87	8
1114	1119	83	274	384	169	84	11
1115	1129	89	282	395	171	85	8
1116	1143	88	300	390	173	88	6
1117	1150	84	292	385	180	92	7
1118	1121	92	278	369	161	90	11
1119	1144	89	298	373	168	93	7
1120	1136	86	285	392	172	86	8
1121	1132	86	279	379	164	92	12
1122	1125	81	282	388	164	88	9
1123	1139	88	285	381	177	92	5
1124	1160	83	303	402	180	94	6
1125	1121	85	298	377	166	83	6
1126	1123	80	301	368	150	94	4
1127	1122	78	286	381	154	91	5
1128	1111	81	289	366	151	89	3
1129	1127	88	285	380	154	95	5
1130	1141	87	302	379	163	93	2
1131	1132	87	300	386	153	93	5
1132	1135	97	297	378	156	93	5
1133	1156	93	298	392	170	98	5
1134	1169	85	293	402	190	95	8
1135	1136	78	297	382	168	93	7
1136	1127	74	293	378	165	89	8
1137	1123	89	285	385	155	91	5
1138	1125	85	287	383	163	92	2
1139	1134	90	291	387	165	90	3
1140	1151	82	295	393	173	95	4
1141	1103	83	269	367	168	81	9
1142	1135	84	298	389	164	92	5
1143	1148	85	300	374	172	96	4
1144	1108	90	286	370	163	84	2
1145	1112	89	297	369	149	87	6
1146	1133	82	300	380	171	88	5
1147	1143	87	297	381	170	91	6
1148	1157	84	305	389	172	97	10
1149	1143	84	289	398	163	95	5
1150	1134	92	300	386	159	91	6
1151	1109	90	281	372	163	84	8
1152	1114	89	289	372	167	79	8
1153	1111	86	295	363	161	79	6
1154	1153	86	291	399	175	92	8
1155	1132	80	294	391	171	88	8
1156	1106	82	288	360	154	91	7
1157	1118	80	288	372	159	89	9
1158	1138	85	286	402	169	90	4
1159	1134	95	285	382	167	90	10
1160	1138	89	293	381	171	89	9
1161	1145	87	308	369	162	96	9
1162	1121	88	286	367	161	89	7
1163	1114	86	289	372	158	88	8
1164	1150	87	293	404	164	95	1
1165	1130	84	292	376	167	88	3
1166	1176	86	312	392	190	94	2
1167	1122	92	281	379	167	86	2
1168	1112	92	284	370	161	88	5
1169	1119	87	278	381	166	87	8
1170	1119	84	286	388	164	85	6
1171	1145	81	298	382	174	90	5
1172	1126	84	286	382	164	88	3
1173	1132	82	288	373	178	86	3
1174	1104	90	277	374	159	84	2
1175	1154	84	314	375	170	94	8
1176	1124	78	294	373	158	90	10
1177	1119	85	296	366	162	87	11
1178	1139	82	309	376	167	89	6
1179	1119	84	294	389	149	90	7
1180	1113	83	290	368	167	87	11
1181	1121	86	290	383	168	81	9
1182	1119	84	282	382	160	88	10
1183	1118	87	289	379	172	80	8
1184	1120	87	281	384	161	87	13
1185	1146	76	298	396	179	89	11
1186	1119	86	281	379	155	91	12
1187	1138	80	291	369	174	94	9
1188	1143	94	283	374	180	94	8
1189	1131	94	285	370	177	88	12
1190	1122	85	291	383	170	83	10
1191	1113	87	271	370	168	84	8
1192	1113	93	282	367	160	86	6
1193	1106	90	265	371	163	86	8
1194	1121	93	270	390	165	90	4
1195	1151	82	292	391	180	95	5
1196	1131	77	295	390	174	86	8
1197	1169	86	297	399	183	97	12
1198	1138	92	289	377	167	91	12
1199	1115	91	272	374	164	87	15
1200	1092	84	264	364	158	79	11
1201	1126	87	278	379	170	88	6
1202	1161	94	297	379	164	103	7
1203	1135	92	280	369	164	95	10
1204	1117	86	280	374	159	91	12
1205	1163	85	300	405	181	95	7
1206	1107	82	280	375	162	85	6
1207	1139	89	288	385	158	99	5
1208	1093	97	287	344	148	84	1
1209	1137	93	291	380	160	94	6
1210	1123	88	295	375	159	87	4
1211	1132	88	300	367	170	86	5
1212	1156	86	301	386	182	90	3
1213	1122	96	279	366	174	84	5
1214	1105	90	274	366	166	80	10
1215	1124	77	292	382	164	87	9
1216	1135	74	310	377	158	92	8
1217	1127	77	294	376	166	87	4
1218	1129	90	283	379	167	92	7
1219	1138	93	289	385	177	87	6
1220	1131	100	302	374	165	87	2
1221	1135	93	292	390	167	88	2
1222	1151	83	296	394	165	96	7
1223	1160	86	299	398	168	100	6
1224	1137	79	288	388	171	90	12
1225	1124	79	293	370	167	89	6
1226	1139	86	282	375	170	94	13
1227	1095	87	269	351	161	80	5
1228	1112	89	290	367	153	90	5
1229	1118	90	291	380	158	87	8
1230	1123	85	291	372	163	86	5
1231	1104	89	272	354	166	82	3
1232	1088	88	270	350	148	85	2
1233	1095	87	270	375	152	87	4
1234	1140	77	307	379	165	94	4
1235	1126	81	300	377	162	89	2
1236	1118	82	298	382	160	84	4
1237	1118	84	294	371	158	88	6
1238	1135	87	301	380	161	87	5
1239	1118	84	303	362	159	88	8
1240	1135	89	297	378	159	89	6
1241	1132	84	278	387	160	91	8
1242	1120	84	286	375	166	85	8
1243	1152	85	297	396	170	92	7
1244	1125	74	283	389	163	86	12
1245	1151	81	293	391	175	92	16
1246	1161	81	306	386	178	96	7
1247	1120	85	285	368	173	84	7
1248	1135	80	288	390	170	90	9
1249	1118	84	278	367	171	87	6
1250	1124	79	278	388	169	88	4
1251	1120	81	270	388	171	87	3
1252	1108	89	282	368	161	86	6
1253	1089	89	274	368	158	79	8
1254	1118	89	291	382	156	89	5
1255	1110	87	280	382	159	88	5
1256	1140	85	295	392	170	90	5
1257	1142	80	303	391	166	94	5
1258	1139	82	298	387	177	89	10
1259	1163	80	310	400	175	96	9
1260	1128	88	281	380	167	90	5
1261	1141	86	294	385	161	98	11
1262	1137	90	290	391	164	92	9
1263	1126	80	288	382	162	92	9
1264	1102	84	292	350	154	87	9
1265	1119	83	288	373	166	84	6
1266	1145	85	293	391	169	92	4
1267	1131	88	290	375	164	92	4
1268	1109	90	286	366	158	86	7
1269	1098	93	272	348	162	85	11
1270	1120	85	270	367	167	92	10
1271	1122	81	272	363	186	85	8
1272	1151	80	297	369	178	94	10
1273	1122	82	286	372	162	92	9
1274	1120	92	290	367	169	88	4
1275	1090	84	280	378	157	77	5
1276	1141	78	303	397	165	91	7
1277	1111	82	280	367	161	87	6
1278	1114	87	276	359	172	83	6
1279	1145	83	297	372	176	91	8
1280	1145	78	301	380	172	91	13
1281	1103	86	294	368	149	88	7
1282	1128	94	283	380	170	87	4
1283	1129	82	285	387	173	84	8
1284	1149	87	308	379	172	91	9
1285	1131	86	283	399	174	84	5
1286	1127	86	297	390	160	89	5
1287	1133	89	286	386	175	87	4
1288	1135	90	284	376	175	88	5
1289	1088	88	267	370	161	76	3
1290	1118	94	274	387	168	85	8
1291	1112	85	286	361	156	90	6
1292	1139	89	298	380	171	89	8
1293	1137	88	307	379	165	92	5
1294	1132	82	282	380	172	92	7
1295	1081	83	256	380	144	85	8
1296	1081	92	257	360	149	88	7
1297	1114	93	280	361	167	86	7
1298	1149	99	293	377	182	92	7
1299	1133	93	291	365	177	86	11
1300	1137	95	289	366	170	91	6
1301	1138	84	296	371	163	96	8
1302	1125	90	281	378	168	88	4
1303	1108	88	288	377	155	88	3
1304	1119	79	306	383	156	89	5
1305	1134	81	300	380	167	89	6
1306	1161	82	309	395	183	89	9
1307	1145	84	288	390	175	88	12
1308	1158	85	297	395	181	91	10
1309	1122	83	289	372	165	91	8
1310	1079	90	279	360	147	80	10
1311	1136	84	292	381	167	91	6
1312	1122	76	289	388	158	84	7
1313	1158	85	301	398	170	95	5
1314	1148	82	308	388	164	96	12
1315	1140	79	303	395	165	90	10
1316	1133	82	299	374	168	89	13
1317	1155	78	301	390	182	91	6
1318	1134	84	302	386	170	87	8
1319	1091	85	284	371	154	79	8
1320	1084	77	285	367	152	75	7
1321	1115	87	286	366	156	92	5
1322	1136	84	292	365	165	94	8
1323	1147	74	308	385	167	95	11
1324	1164	84	303	397	173	99	1
1325	1094	83	282	367	152	84	6
1326	1142	81	302	385	163	94	5
1327	1139	82	290	380	165	95	4
1328	1106	80	275	375	160	87	5
1329	1135	86	299	378	160	94	9
1330	1163	83	311	396	165	101	4
1331	1148	81	307	385	170	95	7
1332	1140	86	295	379	169	94	9
1333	1144	87	308	376	161	96	9
1334	1140	91	289	386	167	94	5
1335	1114	92	271	382	157	90	5
1336	1130	81	282	380	167	88	12
1337	1136	76	280	393	168	92	8
1338	1132	80	301	380	162	89	6
1339	1131	79	288	392	163	90	8
1340	1155	84	302	393	173	94	6
1341	1133	85	290	378	177	87	6
1342	1129	98	289	379	170	87	4
1343	1132	89	284	381	168	89	5
1344	1097	89	289	357	152	82	8
1345	1119	85	298	369	156	89	8
1346	1123	93	296	369	164	89	10
1347	1115	94	297	368	156	87	8
1348	1099	92	276	374	162	79	4
1349	1100	83	271	379	162	81	4
1350	1135	84	289	382	166	92	7
1351	1158	81	290	409	177	91	3
1352	1101	85	279	368	164	82	6
1353	1105	91	281	380	165	81	5
1354	1132	88	295	390	165	88	9
1355	1113	85	289	372	160	87	7
1356	1077	84	276	360	153	75	6
1357	1124	94	283	383	169	86	4
1358	1126	89	294	387	166	88	8
1359	1155	91	314	381	170	94	9
1360	1128	85	295	385	181	79	6
1361	1139	84	287	390	176	86	5
1362	1140	84	291	381	175	88	7
1363	1141	88	286	385	168	92	7
1364	1154	83	294	385	181	92	6
1365	1135	92	286	380	171	89	11
1366	1151	90	299	387	174	94	5
1367	1173	85	306	397	163	105	6
1368	1146	89	302	378	170	92	3
1369	1139	79	309	374	167	91	3
1370	1118	86	283	358	162	91	5
1371	1130	89	301	372	151	95	3
1372	1154	89	294	400	169	95	5
1373	1143	93	287	388	177	91	10
1374	1141	88	300	388	162	94	7
1375	1123	85	281	375	155	95	5
1376	1122	82	289	376	156	91	7
1377	1109	95	286	374	154	86	11
1378	1108	89	286	359	160	86	6
1379	1099	82	276	363	154	83	8
1380	1098	87	264	375	165	80	3
1381	1129	90	280	389	166	88	6
1382	1100	98	282	363	153	84	5
1383	1137	81	288	392	170	89	9
1384	1128	84	278	385	172	84	8
1385	1155	79	299	382	185	90	9
1386	1141	87	300	374	170	92	4
1387	1155	90	300	390	171	95	3
1388	1158	86	302	395	182	91	5
1389	1113	85	286	386	162	82	4
1390	1136	90	290	385	178	86	6
1391	1128	96	293	361	173	90	5
1392	1120	87	281	377	170	85	9
1393	1123	88	291	369	166	88	9
1394	1126	90	299	367	164	89	4
1395	1122	82	290	394	166	82	3
1396	1163	85	289	398	186	93	6
1397	1116	85	281	390	166	80	4
1398	1148	83	301	391	173	92	13
1399	1147	76	301	396	165	91	4
1400	1153	84	305	384	178	92	6
1401	1139	86	297	391	155	97	4
1402	1127	82	293	385	155	94	10
1403	1125	86	288	389	143	96	6
1404	1137	79	300	389	157	97	6
1405	1141	86	304	377	164	94	4
1406	1141	83	299	384	158	97	7
1407	1075	91	262	348	158	78	8
1408	1096	91	279	354	155	86	5
1409	1118	95	278	373	168	84	5
1410	1144	86	291	392	171	90	6
1411	1128	92	285	398	161	90	5
1412	1088	93	274	364	156	80	4
1413	1093	86	274	374	166	79	7
1414	1128	88	293	365	177	87	7
1415	1125	90	285	377	171	87	8
1416	1126	82	295	386	159	89	13
1417	1109	95	277	381	156	85	10
1418	1115	89	281	379	167	84	6
1419	1122	82	289	391	155	90	9
1420	1131	90	297	384	165	86	13
1421	1122	79	285	387	164	84	10
1422	1128	83	287	380	179	83	15
1423	1117	82	278	371	164	87	10
1424	1140	81	295	386	165	93	4
1425	1117	79	282	393	154	88	3
1426	1130	90	291	378	170	88	5
1427	1128	85	293	369	158	92	6
1428	1108	85	282	368	157	82	6
1429	1121	89	295	373	164	87	4
1430	1141	86	291	378	168	95	4
1431	1125	90	298	371	163	89	5
1432	1113	90	282	372	156	89	9
1433	1119	85	275	381	165	88	7
1434	1132	88	284	378	162	93	4
1435	1156	87	288	393	173	98	4
1436	1131	77	284	386	156	94	8
1437	1150	90	299	391	170	92	4
1438	1143	86	300	381	168	91	10
1439	1152	84	302	404	162	94	11
1440	1143	81	293	395	167	92	9
1441	1148	87	310	376	169	93	8
1442	1129	93	284	374	159	92	4
1443	1138	78	284	380	172	90	6
1444	1139	86	291	377	177	90	8
1445	1141	82	300	381	162	93	8
1446	1159	85	304	409	161	98	8
1447	1126	88	282	391	159	90	4
1448	1124	86	293	382	163	85	3
1449	1145	80	293	392	169	94	5
1450	1144	83	304	379	181	89	6
1451	1128	88	294	365	171	90	3
1452	1123	83	288	372	172	86	6
1453	1137	80	295	385	175	88	5
1454	1127	79	290	375	169	88	8
1455	1133	84	284	382	172	86	9
1456	1120	91	273	392	155	91	3
1457	1143	85	294	388	158	96	5
1458	1120	89	295	380	164	87	6
1459	1132	80	296	391	164	91	5
1460	1136	88	284	397	182	85	4
1461	1147	93	302	386	180	87	7
1462	1161	87	303	392	185	90	4
1463	1146	89	300	380	174	89	8
1464	1148	87	292	380	177	92	7
1465	1105	91	296	363	156	85	8
1466	1117	91	289	372	165	88	6
1467	1117	90	293	366	164	88	6
1468	1124	93	277	376	170	87	2
1469	1125	81	281	382	176	84	4
1470	1112	87	290	375	154	85	6
1471	1138	88	297	387	166	90	6
1472	1100	75	282	382	159	77	3
1473	1119	85	285	383	157	90	6
1474	1121	93	287	392	154	90	7
1475	1133	91	287	392	167	87	4
1476	1156	85	286	397	173	97	6
1477	1118	86	274	377	164	85	6
1478	1111	93	280	353	170	84	5
1479	1132	91	283	371	182	83	3
1480	1121	81	285	386	167	85	6
1481	1147	87	311	371	176	89	5
1482	1139	85	309	374	169	87	8
1483	1154	87	294	391	173	96	7
1484	1123	80	283	388	162	86	4
1485	1132	88	280	371	170	90	9
1486	1135	88	285	373	179	86	8
1487	1157	81	295	402	177	93	6
1488	1147	83	299	387	164	94	9
1489	1122	85	274	393	168	87	9
1490	1113	86	270	373	172	83	7
1491	1109	86	261	369	183	78	5
1492	1116	84	277	376	162	87	6
1493	1136	85	294	371	168	91	4
1494	1148	87	296	383	170	95	6
1495	1154	81	292	389	180	94	4
1496	1124	85	284	379	163	88	11
1497	1149	88	295	377	170	94	7
1498	1151	86	300	381	173	95	11
1499	1124	83	287	390	159	89	11
1500	1132	78	282	382	176	85	13
1501	1129	83	287	402	169	85	4
1502	1160	80	308	398	171	97	6
1503	1123	85	277	383	173	85	10
1504	1133	87	292	366	180	86	6
1505	1118	88	283	360	166	87	7
1506	1121	84	272	373	165	92	7
1507	1144	84	292	408	161	93	4
1508	1135	84	275	399	178	86	4
1509	1146	78	292	390	178	90	3
1510	1096	87	274	367	174	77	3
1511	1121	82	282	385	172	87	4
1512	1116	84	289	378	167	79	3
1513	1106	88	266	378	165	84	6
1514	1129	84	291	376	174	88	5
1515	1149	89	294	370	177	93	5
1516	1120	93	288	356	166	91	5
1517	1124	98	271	380	166	91	6
1518	1093	86	280	375	153	79	8
1519	1117	86	301	371	153	86	7
1520	1159	81	311	396	182	90	6
1521	1127	83	291	376	165	89	6
1522	1109	91	278	372	166	79	6
1523	1124	91	289	384	160	87	4
1524	1144	93	303	362	168	94	10
1525	1164	79	306	395	170	98	7
1526	1176	76	301	404	177	102	6
1527	1142	78	298	388	163	92	6
1528	1144	80	308	385	160	98	2
1529	1128	94	297	382	165	86	3
1530	1156	80	321	396	171	92	5
1531	1157	80	312	400	171	94	3
1532	1163	81	311	385	179	93	3
1533	1148	85	301	375	176	88	6
1534	1118	85	284	375	165	83	8
1535	1155	82	297	397	168	97	9
1536	1126	79	297	388	158	88	6
1537	1113	86	290	371	151	90	5
1538	1109	88	278	364	157	88	3
1539	1121	80	287	381	167	88	6
1540	1096	95	279	359	162	80	6
1541	1115	98	291	367	156	91	5
1542	1152	89	310	383	175	93	6
1543	1144	88	300	389	166	96	4
1544	1128	86	286	385	159	95	2
1545	1110	87	274	376	156	88	6
1546	1093	90	263	354	163	80	7
1547	1108	85	278	372	153	91	5
1548	1115	80	291	374	162	83	4
1549	1140	83	306	382	166	92	5
1550	1126	85	300	364	167	90	4
1551	1118	85	296	365	163	89	6
1552	1118	83	294	387	155	88	6
1553	1098	86	282	386	151	81	10
1554	1096	83	285	363	151	84	9
1555	1113	86	276	381	156	85	9
1556	1097	86	289	359	147	86	7
1557	1141	79	309	375	169	93	3
1558	1116	87	286	383	161	86	5
1559	1135	88	302	381	167	91	5
1560	1129	85	295	367	166	91	6
1561	1097	88	288	353	151	84	6
1562	1105	85	268	368	166	84	8
1563	1131	82	296	367	172	87	7
1564	1169	85	304	395	190	91	7
1565	1153	89	307	390	168	93	6
1566	1118	92	292	371	157	89	6
1567	1113	94	279	359	166	84	8
1568	1096	96	271	369	159	82	8
1569	1111	91	266	381	169	84	4
1570	1130	86	291	380	171	85	8
1571	1137	88	290	398	166	91	7
1572	1128	98	291	373	159	91	7
1573	1119	92	279	372	152	94	6
1574	1123	92	292	374	148	97	7
1575	1115	88	290	370	166	85	5
1576	1103	90	287	358	158	83	6
1577	1080	84	278	346	147	84	4
1578	1091	90	262	371	159	81	4
1579	1105	90	287	362	160	82	4
1580	1127	89	294	376	165	86	7
1581	1107	95	282	367	156	86	7
1582	1126	101	289	373	158	96	4
1583	1109	104	284	373	158	82	11
1584	1123	93	297	364	162	87	9
1585	1103	83	275	371	158	84	8
1586	1109	82	285	380	152	86	11
1587	1137	86	281	388	168	93	8
1588	1096	94	266	365	158	82	8
1589	1131	95	275	377	168	89	8
1590	1122	86	284	379	167	86	9
1591	1122	88	273	377	170	86	6
1592	1111	94	276	374	162	86	8
1593	1104	86	280	386	155	85	7
1594	1090	85	281	381	146	82	8
1595	1121	84	296	381	159	88	8
1596	1126	83	292	392	162	87	8
1597	1100	81	285	382	155	78	9
1598	1116	88	285	376	162	84	5
1599	1139	86	295	382	175	87	9
1600	1120	89	284	366	169	85	6
1601	1120	89	292	382	162	88	2
1602	1122	88	289	382	152	94	6
1603	1155	83	297	385	170	98	7
1604	1137	92	291	386	164	89	5
1605	1096	94	271	354	160	83	8
1606	1115	89	283	361	163	89	5
1607	1099	90	274	372	159	80	9
1608	1106	95	271	376	161	84	8
1609	1121	88	284	390	169	81	6
1610	1134	80	286	392	181	83	8
1611	1152	87	299	377	183	91	7
1612	1135	81	289	378	168	90	7
1613	1170	80	303	405	175	100	7
1614	1146	82	299	390	180	88	3
1615	1145	82	294	385	185	88	2
1616	1119	87	290	374	155	88	8
1617	1127	93	284	371	166	85	4
1618	1111	89	271	378	156	90	9
1619	1125	91	284	380	152	92	9
1620	1102	86	282	365	157	82	9
1621	1116	75	302	367	161	88	5
1622	1117	85	300	384	156	86	10
1623	1110	90	280	386	152	87	9
1624	1127	93	270	378	168	89	5
1625	1108	85	271	376	170	80	7
1626	1137	78	298	387	174	87	7
1627	1133	82	292	375	166	91	4
1628	1121	87	296	369	166	86	5
1629	1114	87	272	373	174	81	2
1630	1114	91	278	361	169	86	3
1631	1138	92	286	388	167	92	4
1632	1138	91	289	370	178	87	6
1633	1099	90	276	361	171	76	7
1634	1100	94	275	360	173	77	6
1635	1107	88	276	370	178	76	7
1636	1123	94	275	375	174	84	11
1637	1123	94	284	366	172	85	10
1638	1144	88	297	378	178	91	15
1639	1124	86	280	371	171	89	15
1640	1141	85	300	375	169	93	8
1641	1127	80	279	373	181	83	4
1642	1132	81	294	380	168	92	2
1643	1119	80	282	375	163	89	3
1644	1127	84	290	390	146	94	3
1645	1077	88	276	368	132	85	8
1646	1116	94	287	366	155	93	9
1647	1144	89	301	373	169	94	6
1648	1143	94	295	386	175	88	5
1649	1133	89	292	374	168	93	4
1650	1108	88	282	367	156	89	7
1651	1085	93	274	356	154	84	5
1652	1117	86	278	385	169	88	3
1653	1108	96	274	358	185	79	3
1654	1111	88	282	380	164	82	6
1655	1090	84	272	368	167	72	8
1656	1097	81	279	368	156	83	8
1657	1125	81	276	389	174	86	4
1658	1128	90	284	379	166	93	4
1659	1064	86	273	366	143	75	7
1660	1085	88	270	380	145	79	7
1661	1085	91	267	369	154	78	9
1662	1071	88	266	368	150	75	6
1663	1119	75	283	371	174	81	8
1664	1085	85	268	363	161	77	10
1665	1104	82	281	380	161	82	7
1666	1096	84	288	381	156	80	8
1667	1122	82	297	397	166	82	7
1668	1140	94	296	397	177	86	9
1669	1082	89	258	357	172	73	12
1670	1127	85	283	391	169	84	11
1671	1102	90	288	367	152	86	12
1672	1152	90	293	391	168	99	9
1673	1152	82	299	400	171	93	10
1674	1111	87	287	374	164	84	6
1675	1128	88	282	383	174	86	8
1676	1138	81	296	390	166	89	6
1677	1125	93	292	376	171	85	6
1678	1149	80	307	390	170	91	4
1679	1129	80	300	381	164	86	8
1680	1142	75	304	391	161	92	9
1681	1156	87	303	398	172	93	10
1682	1140	88	288	380	182	83	7
1683	1122	87	284	386	163	85	2
1684	1134	79	290	384	172	86	4
1685	1088	85	278	368	149	79	7
1686	1120	93	293	366	154	92	8
1687	1115	96	276	380	167	84	4
1688	1122	91	285	372	173	82	7
1689	1119	84	276	367	171	86	11
1690	1082	92	261	347	151	87	9
1691	1088	97	265	352	156	81	7
1692	1143	89	311	383	163	94	9
1693	1095	93	293	364	156	79	3
1694	1093	82	280	382	159	78	5
1695	1106	82	273	383	167	81	8
1696	1147	74	304	396	173	89	8
1697	1098	84	269	352	176	76	12
1698	1122	84	291	384	173	81	10
1699	1145	86	307	383	180	86	5
1700	1136	92	296	374	167	94	6
1701	1139	88	291	381	167	93	6
1702	1108	95	275	382	159	83	5
1703	1130	79	277	392	172	86	5
1704	1126	93	284	395	159	89	8
1705	1117	94	284	377	163	85	6
1706	1106	88	281	358	159	87	7
1707	1129	85	277	375	171	88	9
1708	1150	80	294	394	174	93	6
1709	1159	84	294	388	185	92	7
1710	1137	89	291	387	164	93	5
1711	1102	93	267	375	158	84	7
1712	1126	80	282	389	173	86	3
1713	1090	86	271	375	148	84	4
1714	1127	83	291	374	155	95	4
1715	1105	79	275	383	158	85	6
1716	1152	83	302	394	158	98	4
1717	1133	84	289	384	170	87	3
1718	1103	90	285	366	158	85	9
1719	1095	86	269	361	169	78	5
1720	1119	85	284	385	163	86	5
1721	1116	84	275	386	165	87	5
1722	1140	92	284	386	173	92	4
1723	1171	81	306	390	181	97	4
1724	1125	85	303	372	151	95	4
1725	1149	90	291	376	168	96	3
1726	1128	79	283	383	158	94	3
1727	1119	81	292	376	148	95	6
1728	1104	87	282	371	147	88	5
1729	1091	88	281	364	152	81	8
1730	1153	94	316	382	174	92	8
1731	1140	84	298	372	177	89	7
1732	1137	88	276	366	182	91	6
1733	1133	88	283	378	177	85	5
1734	1160	87	288	388	193	88	6
1735	1135	89	278	388	185	83	6
1736	1146	85	293	393	172	91	12
1737	1112	82	282	370	160	85	6
1738	1103	84	278	374	157	81	6
1739	1112	82	282	375	154	89	10
1740	1138	88	290	382	168	89	8
1741	1145	80	312	382	161	96	7
1742	1125	89	276	396	175	80	8
1743	1146	84	310	400	168	87	4
1744	1123	93	290	365	169	86	6
1745	1117	83	293	374	149	93	8
1746	1096	86	291	375	148	86	9
1747	1136	89	295	386	164	95	4
1748	1106	85	263	370	167	84	5
1749	1128	86	280	385	167	88	8
1750	1118	81	269	393	164	85	7
1751	1117	89	263	384	168	87	7
1752	1121	86	292	380	156	92	10
1753	1115	89	279	385	167	83	4
1754	1147	81	287	406	171	95	6
1755	1126	77	290	403	150	95	5
1756	1121	83	278	378	174	83	6
1757	1146	85	285	396	170	93	5
1758	1158	82	302	387	172	95	11
1759	1161	85	298	387	169	96	7
1760	1147	86	293	388	172	93	8
1761	1130	86	285	377	175	86	4
1762	1135	90	279	384	175	87	3
1763	1115	83	283	386	172	82	4
1764	1118	91	285	362	171	86	10
1765	1133	83	283	387	177	90	11
1766	1137	87	299	373	166	95	11
1767	1167	85	292	384	175	104	8
1768	1120	85	283	369	171	86	9
1769	1129	87	293	375	163	90	5
1770	1109	93	281	346	177	82	9
1771	1128	83	300	356	169	93	6
1772	1154	86	296	414	163	98	12
1773	1137	83	294	402	169	86	9
1774	1113	90	278	372	161	87	13
1775	1115	84	276	387	163	85	5
1776	1141	89	287	365	181	91	5
1777	1135	85	291	387	167	88	5
1778	1133	91	299	392	161	89	4
1779	1129	84	290	390	172	86	9
1780	1121	100	292	363	163	90	8
1781	1128	94	290	381	162	90	5
1782	1134	93	298	375	148	99	4
1783	1129	89	295	384	159	94	6
1784	1113	93	285	367	161	89	6
1785	1130	80	303	376	165	94	9
1786	1142	86	300	378	177	89	7
1787	1164	76	308	397	182	94	5
1788	1117	85	281	366	171	83	8
1789	1129	85	299	380	160	91	7
1790	1145	84	290	382	167	95	10
1791	1157	83	302	383	163	102	7
1792	1146	80	294	380	174	91	7
1793	1147	89	288	378	171	95	7
1794	1089	91	267	369	154	80	12
1795	1099	84	282	375	140	89	9
1796	1154	78	308	386	167	95	5
1797	1130	73	292	380	158	89	10
1798	1148	83	291	387	174	92	10
1799	1117	85	284	390	155	83	10
1800	1120	89	287	385	167	82	10
1801	1129	79	289	380	173	84	7
1802	1119	84	301	372	160	87	5
1803	1120	82	283	383	168	87	7
1804	1171	81	316	391	179	98	8
1805	1158	89	312	382	171	96	5
1806	1094	88	276	367	153	84	10
1807	1111	92	270	374	162	87	10
1808	1091	79	260	367	169	78	9
1809	1141	87	296	378	172	92	10
1810	1112	86	282	380	161	87	10
1811	1107	87	280	385	156	83	11
1812	1141	86	305	383	175	88	9
1813	1140	88	292	386	175	88	4
1814	1167	87	312	394	164	101	5
1815	1142	83	285	388	187	86	5
1816	1184	82	301	394	190	99	5
1817	1148	83	308	377	170	93	10
1818	1133	83	305	373	169	88	9
1819	1143	88	303	384	173	87	4
1820	1100	85	278	364	167	77	8
1821	1110	80	289	368	164	82	6
1822	1118	83	282	378	166	85	6
1823	1123	78	279	383	169	85	6
1824	1142	78	288	399	162	94	5
1825	1159	76	313	400	174	90	6
1826	1154	85	292	399	176	92	8
1827	1118	82	293	366	165	86	11
1828	1102	94	294	350	155	83	11
1829	1133	81	305	366	161	95	11
1830	1128	89	299	363	159	94	16
1831	1136	87	296	379	176	87	16
1832	1110	83	284	373	166	82	6
1833	1109	86	281	366	163	84	5
1834	1145	84	287	374	175	93	3
1835	1139	84	285	376	165	95	9
1836	1122	89	285	371	158	91	9
1837	1107	84	280	379	150	89	6
1838	1100	88	274	369	156	85	6
1839	1116	80	281	379	160	89	4
1840	1141	80	283	392	165	95	9
1841	1138	83	292	382	172	89	7
1842	1126	88	276	386	181	81	8
1843	1140	94	277	365	182	88	7
1844	1138	82	295	379	168	92	6
1845	1108	83	271	374	167	82	8
1846	1128	82	291	380	163	90	14
1847	1139	82	287	381	172	92	14
1848	1159	86	305	402	168	98	7
1849	1146	92	287	368	174	96	5
1850	1120	85	289	369	166	85	5
1851	1065	81	266	354	147	73	6
1852	1091	90	269	360	160	81	6
1853	1105	88	282	370	145	92	8
1854	1116	95	284	368	156	91	8
1855	1146	80	293	400	174	93	8
1856	1125	92	284	386	170	83	3
1857	1168	84	302	394	174	98	4
1858	1165	83	304	396	171	100	5
1859	1149	89	293	383	172	95	2
1860	1128	85	281	390	159	91	1
1861	1123	84	278	372	165	90	3
1862	1161	87	302	393	175	94	3
1863	1104	85	288	355	153	88	8
1864	1120	87	303	374	163	85	8
1865	1112	91	297	362	163	84	6
1866	1120	86	291	374	150	91	9
1867	1100	97	284	362	161	81	7
1868	1110	88	281	361	164	84	7
1869	1149	90	293	378	179	93	8
1870	1124	83	286	383	171	83	7
1871	1129	87	275	398	174	86	8
1872	1111	88	289	376	160	86	9
1873	1153	85	313	397	163	94	12
1874	1112	85	296	382	153	84	13
1875	1143	88	292	392	170	92	8
1876	1160	81	299	398	170	98	7
1877	1128	81	286	377	162	91	9
1878	1125	88	294	378	157	91	10
1879	1107	81	286	382	170	76	11
1880	1131	85	286	402	163	90	8
1881	1146	86	300	391	171	95	4
1882	1130	84	299	395	152	91	6
1883	1146	84	307	396	164	94	6
1884	1137	85	295	381	169	93	5
1885	1161	84	305	384	182	94	5
1886	1136	87	288	383	170	94	9
1887	1100	80	286	354	160	83	8
1888	1108	85	288	352	168	84	8
1889	1121	82	283	374	156	91	11
1890	1111	87	279	371	154	91	14
1891	1113	85	283	375	169	81	9
1892	1125	79	287	385	161	87	7
1893	1157	84	293	392	183	90	7
1894	1160	85	285	399	183	88	7
1895	1141	86	277	386	178	90	8
1896	1113	90	275	379	166	84	7
1897	1133	83	282	388	158	91	3
1898	1145	83	304	400	166	92	5
1899	1138	76	297	394	166	90	9
1900	1108	85	277	379	162	85	8
1901	1106	88	263	368	167	85	3
1902	1106	95	279	363	162	84	7
1903	1130	90	282	372	173	84	2
1904	1138	82	291	392	171	87	7
1905	1121	88	285	372	167	83	5
1906	1107	82	277	364	160	84	6
1907	1124	83	293	379	173	82	4
1908	1145	88	301	381	168	93	13
1909	1153	85	310	396	159	97	7
1910	1128	83	304	377	164	87	11
1911	1141	82	284	394	173	89	11
1912	1153	86	285	401	181	89	8
1913	1168	92	302	399	182	94	6
1914	1152	90	285	375	179	94	9
1915	1139	94	288	368	171	92	11
1916	1124	90	287	361	158	94	8
1917	1103	86	278	356	167	82	8
1918	1134	89	291	371	178	87	7
1919	1126	90	282	364	176	86	8
1920	1150	86	286	390	181	91	11
1921	1149	93	287	376	172	97	10
1922	1121	97	287	377	168	86	5
1923	1116	79	281	383	162	86	3
1924	1137	81	291	384	168	89	2
1925	1117	89	277	378	166	85	2
1926	1118	86	286	371	163	88	8
1927	1143	87	308	389	161	91	10
1928	1149	86	285	393	182	91	6
1929	1131	91	282	389	172	85	11
1930	1107	88	267	372	177	76	8
1931	1097	93	265	360	159	83	15
1932	1131	88	270	378	179	86	13
1933	1149	87	284	397	173	92	9
1934	1116	83	286	390	159	86	10
1935	1125	81	283	401	169	82	3
1936	1139	85	288	388	176	93	5
1937	1098	83	273	359	163	80	9
1938	1104	78	264	372	175	81	9
1939	1116	88	276	373	178	80	2
1940	1119	92	283	374	164	87	3
1941	1119	81	281	380	162	89	6
1942	1101	84	266	369	155	85	4
1943	1103	82	285	373	149	89	3
1944	1103	82	289	373	149	89	8
1945	1111	85	291	374	157	87	5
1946	1099	87	272	386	149	87	5
1947	1097	80	277	388	146	85	6
1948	1104	90	275	378	158	83	6
1949	1108	85	273	365	166	84	9
1950	1131	89	277	364	175	88	2
1951	1113	90	273	367	162	86	7
1952	1157	91	304	391	175	93	5
1953	1108	91	288	370	157	85	7
1954	1128	87	299	378	150	93	9
1955	1135	87	291	381	158	94	6
1956	1154	80	296	388	176	93	7
1957	1160	75	299	388	180	97	6
1958	1128	93	281	389	163	92	8
1959	1103	92	270	368	155	87	9
1960	1135	81	305	367	168	88	5
1961	1116	76	291	375	160	84	7
1962	1132	80	287	383	172	89	8
1963	1153	91	299	390	168	99	8
1964	1157	81	305	382	165	99	3
1965	1150	81	300	380	175	90	7
1966	1130	89	294	377	165	90	7
1967	1119	99	286	359	170	86	2
1968	1144	88	291	383	176	90	3
1969	1149	91	298	394	173	90	4
1970	1133	87	292	389	166	91	12
1971	1131	77	292	393	162	90	9
1972	1140	83	304	392	167	92	11
1973	1165	88	302	403	180	95	6
1974	1153	86	289	389	173	98	5
1975	1145	90	288	382	169	95	8
1976	1145	90	287	390	173	90	6
1977	1140	90	289	375	165	93	11
1978	1118	85	286	366	162	88	7
1979	1139	80	305	376	167	88	7
1980	1125	84	296	382	160	86	6
1981	1114	79	302	380	151	87	6
1982	1118	85	296	372	163	83	6
1983	1135	89	295	387	161	89	5
1984	1127	93	300	376	161	89	4
1985	1129	90	293	387	167	87	7
1986	1128	85	283	391	175	86	6
1987	1120	83	270	394	170	84	5
1988	1134	96	283	379	173	89	6
1989	1142	85	301	374	171	91	9
1990	1116	82	300	368	162	87	1
1991	1148	85	299	386	168	95	6
1992	1137	82	292	380	172	90	6
1993	1108	84	300	366	157	82	4
1994	1113	89	283	368	161	85	8
1995	1117	93	296	366	167	86	9
1996	1120	85	301	356	157	94	3
1997	1130	86	302	397	165	86	5
1998	1122	82	286	390	168	84	8
1999	1118	91	298	373	163	86	6
2000	1145	84	303	378	180	87	5
2001	1124	84	287	393	173	79	11
2002	1131	82	297	369	168	91	8
2003	1119	85	287	370	159	90	5
2004	1113	91	275	370	156	89	3
2005	1121	91	290	375	156	91	7
2006	1122	90	290	365	159	90	5
2007	1102	91	282	382	156	82	5
2008	1136	84	286	387	183	85	7
2009	1113	84	288	370	173	80	8
2010	1144	79	295	386	179	86	3
2011	1168	86	303	411	178	100	0
2012	1168	83	309	390	185	95	5
2013	1129	88	284	370	179	86	9
2014	1146	85	298	372	183	89	5
2015	1142	80	303	380	183	85	3
2016	1124	89	291	376	169	82	3
2017	1105	91	266	377	170	79	2
2018	1113	80	280	387	164	84	7
2019	1108	77	271	400	156	81	8
2020	1108	76	290	386	153	84	10
2021	1126	80	299	391	158	90	8
2022	1130	83	290	398	162	90	5
2023	1156	80	301	404	166	97	6
2024	1165	79	315	392	163	102	10
2025	1122	89	286	381	145	97	9
2026	1076	90	259	364	154	75	5
2027	1104	81	280	372	159	81	7
2028	1116	81	298	359	162	85	8
2029	1127	85	298	369	168	86	6
2030	1131	80	304	381	162	88	9
2031	1126	89	290	381	164	87	6
2032	1140	82	294	393	167	91	9
2033	1146	78	298	385	175	89	9
2034	1125	87	283	380	164	88	10
2035	1126	95	278	372	173	89	8
2036	1090	95	248	381	168	78	10
2037	1110	90	259	376	173	84	8
2038	1101	91	267	362	168	80	5
2039	1102	86	280	372	148	86	7
2040	1128	87	280	374	169	92	5
2041	1112	85	287	368	156	89	9
2042	1101	93	282	366	157	85	7
2043	1123	91	291	371	164	88	5
2044	1120	83	280	366	162	91	13
2045	1118	90	293	356	163	86	9
2046	1120	87	293	379	158	90	5
2047	1118	93	277	367	157	91	10
2048	1117	88	286	364	161	87	7
2049	1119	90	289	359	170	85	8
2050	1114	96	289	364	157	86	6
2051	1119	88	284	369	166	85	6
2052	1162	84	298	402	176	93	5
2053	1130	87	284	383	181	84	10
2054	1169	87	311	400	182	95	6
2055	1147	88	286	387	179	90	12
2056	1134	78	286	385	166	93	12
2057	1164	75	289	413	169	99	11
2058	1153	82	289	393	172	95	3
2059	1101	85	274	387	154	82	2
2060	1129	81	286	395	167	89	4
2061	1091	85	268	370	145	85	6
2062	1106	89	278	361	153	88	3
2063	1165	77	303	403	175	96	8
2064	1132	84	289	390	170	86	5
2065	1103	95	280	367	155	88	5
2066	1120	95	280	381	165	89	5
2067	1103	90	277	379	154	79	6
2068	1097	82	281	369	146	86	7
2069	1081	87	274	364	144	82	5
2070	1123	84	300	371	158	87	7
2071	1108	81	291	378	162	82	2
2072	1136	85	296	371	180	87	5
2073	1134	82	289	390	172	85	3
2074	1128	82	290	381	166	88	1
2075	1127	84	295	375	166	91	5
2076	1130	87	301	383	164	90	5
2077	1144	82	288	384	175	91	11
2078	1137	90	280	386	176	88	5
2079	1128	91	283	374	175	86	2
2080	1137	85	293	391	168	90	2
2081	1153	84	308	401	169	95	4
2082	1140	86	297	381	169	94	6
2083	1110	88	281	367	164	85	9
2084	1113	82	283	376	157	89	5
2085	1143	81	290	405	173	94	11
2086	1114	93	291	389	149	90	10
2087	1148	91	286	388	154	101	9
2088	1138	86	294	388	168	90	9
2089	1146	83	292	394	177	90	8
2090	1149	84	287	392	176	96	5
2091	1135	82	287	400	159	94	12
2092	1134	80	289	389	172	87	10
2093	1094	86	268	363	163	77	7
2094	1129	88	281	373	179	88	6
2095	1115	100	266	360	173	84	7
2096	1151	92	281	391	174	95	9
2097	1157	88	302	397	165	100	3
2098	1126	89	288	372	164	91	4
2099	1126	88	285	377	165	90	11
2100	1119	88	282	378	156	92	8
2101	1115	92	300	368	159	89	7
2102	1120	92	284	388	161	87	6
2103	1110	89	297	376	150	89	3
2104	1100	83	283	382	155	80	2
2105	1097	89	264	368	160	84	5
2106	1108	75	291	360	157	86	2
2107	1127	79	296	362	159	93	7
2108	1124	90	284	364	166	89	7
2109	1105	83	280	374	160	79	14
2110	1113	87	283	367	153	88	10
2111	1149	94	282	382	180	93	2
2112	1167	81	305	399	185	92	3
2113	1140	84	301	401	167	88	4
2114	1152	87	301	400	176	91	5
2115	1112	89	275	376	167	83	4
2116	1086	95	271	361	152	79	8
2117	1092	97	259	364	162	80	6
2118	1125	92	276	385	177	78	6
2119	1150	88	296	389	178	92	3
2120	1129	84	300	386	165	89	4
2121	1112	89	283	381	163	82	7
2122	1121	93	287	389	164	83	8
2123	1142	88	293	382	178	87	4
2124	1154	88	290	381	175	94	6
2125	1146	82	291	373	167	97	6
2126	1110	83	272	376	165	82	6
2127	1132	82	287	389	169	88	2
2128	1133	79	279	380	182	85	11
2129	1143	84	294	377	172	91	8
2130	1114	81	285	376	160	85	11
2131	1108	82	291	367	155	86	11
2132	1129	88	285	388	167	93	6
2133	1125	88	284	384	158	93	4
2134	1148	91	287	388	166	97	5
2135	1103	100	271	368	152	89	8
2136	1097	86	271	372	154	81	6
2137	1116	90	278	369	174	82	5
2138	1108	84	276	377	161	84	9
2139	1136	82	286	378	168	88	6
2140	1143	90	289	385	177	91	10
2141	1124	84	280	383	164	88	9
2142	1117	84	292	373	161	85	8
2143	1150	80	297	389	174	93	3
2144	1136	90	296	388	164	92	3
2145	1109	83	286	383	154	84	5
2146	1121	80	286	393	160	84	4
2147	1073	82	268	351	155	76	5
2148	1083	86	284	353	156	76	11
2149	1119	84	289	380	168	84	6
2150	1127	83	297	378	166	88	7
2151	1091	89	277	359	158	79	7
2152	1133	85	287	380	169	91	9
2153	1086	80	276	367	149	82	11
2154	1129	85	290	382	170	89	7
2155	1136	83	297	387	175	86	4
2156	1138	81	287	395	169	89	6
2157	1131	79	289	381	176	84	4
2158	1145	82	295	390	172	89	6
2159	1115	94	289	369	166	83	6
2160	1115	87	274	372	163	89	10
2161	1106	90	271	372	156	87	7
2162	1110	90	264	392	170	80	4
2163	1134	87	282	387	175	88	5
2164	1131	88	281	366	171	86	7
2165	1104	91	254	378	165	83	8
2166	1076	94	257	354	150	81	8
2167	1124	83	281	385	168	85	7
2168	1124	92	275	382	162	89	8
2169	1110	92	281	384	160	84	7
2170	1147	85	291	393	165	97	7
2171	1142	91	287	385	172	91	5
2172	1138	85	280	395	183	85	7
2173	1129	88	282	365	179	85	10
2174	1157	79	304	396	182	91	8
2175	1133	81	291	375	180	86	5
2176	1166	79	310	394	180	96	5
2177	1141	84	303	383	162	94	8
2178	1147	84	288	398	171	95	9
2179	1151	94	287	410	173	92	6
2180	1119	87	294	372	152	90	3
2181	1112	83	277	380	163	84	7
2182	1124	88	267	368	178	83	3
2183	1142	88	276	386	181	85	3
2184	1125	94	288	379	168	86	6
2185	1143	87	294	369	176	91	6
2186	1117	91	291	364	166	86	10
2187	1077	84	272	349	150	80	9
2188	1114	80	277	377	157	89	10
2189	1084	86	271	356	155	80	9
2190	1089	85	272	351	155	82	10
2191	1102	84	288	355	157	85	12
2192	1087	88	280	348	148	83	10
2193	1115	89	299	359	156	87	4
2194	1103	94	270	351	165	82	7
2195	1095	94	268	343	158	85	8
2196	1106	91	282	367	156	87	8
2197	1156	75	299	398	178	97	6
2198	1128	86	297	391	165	88	11
2199	1148	89	310	390	168	94	6
2200	1135	87	289	379	171	91	4
2201	1127	85	290	383	164	89	7
2202	1121	87	281	383	162	89	10
2203	1131	84	291	382	167	90	6
2204	1129	87	285	392	176	87	3
2205	1133	92	279	393	171	89	6
2206	1156	85	293	400	164	98	9
2207	1136	89	296	382	164	91	12
2208	1155	85	310	383	169	95	9
2209	1171	78	312	394	181	96	7
2210	1166	90	318	388	178	95	13
2211	1142	98	305	375	158	95	8
2212	1120	90	283	368	165	85	10
2213	1084	86	278	353	154	77	15
2214	1083	93	269	361	158	75	11
2215	1123	86	276	385	164	87	7
2216	1126	86	293	382	163	86	7
2217	1152	88	292	397	174	95	6
2218	1151	87	291	409	167	94	4
2219	1119	85	288	380	165	87	6
2220	1073	87	269	366	155	73	8
2221	1119	85	287	376	160	86	9
2222	1162	92	298	399	168	101	6
2223	1136	83	297	394	170	87	9
2224	1127	86	296	386	170	84	7
2225	1122	81	287	380	166	87	4
2226	1132	89	298	386	146	99	2
2227	1140	86	297	370	161	97	2
2228	1124	85	292	387	161	89	6
2229	1140	85	280	398	166	92	4
2230	1157	86	294	392	179	91	5
2231	1181	85	312	405	181	99	5
2232	1155	80	298	402	178	88	8
2233	1142	80	298	383	162	97	8
2234	1151	80	294	387	173	95	6
2235	1142	79	271	396	186	88	7
2236	1135	86	285	388	173	87	4
2237	1091	98	268	373	153	79	4
2238	1150	92	302	399	167	93	4
2239	1150	83	290	390	176	93	6
2240	1103	91	279	349	169	80	8
2241	1149	91	303	377	173	94	6
2242	1123	89	294	372	172	81	5
2243	1142	78	294	389	169	90	7
2244	1143	85	291	381	167	97	6
2245	1127	81	291	384	153	93	6
2246	1127	83	288	398	165	89	4
2247	1119	88	289	373	162	88	3
2248	1124	78	292	369	162	89	5
2249	1126	79	302	383	156	90	6
2250	1135	87	304	378	167	87	3
2251	1131	89	296	380	169	85	6
2252	1094	83	274	361	155	84	11
2253	1117	87	296	364	156	92	9
2254	1126	92	307	368	160	89	6
2255	1142	78	306	381	176	88	4
2256	1144	75	290	391	176	92	6
2257	1149	75	305	384	168	93	3
2258	1109	77	286	359	161	86	2
2259	1100	79	274	378	160	78	1
2260	1114	81	273	388	177	75	6
2261	1117	88	281	379	164	81	7
2262	1125	84	286	387	162	86	8
2263	1169	76	324	400	178	91	7
2264	1153	89	316	379	176	92	11
2265	1153	83	307	400	175	92	9
2266	1143	83	307	386	163	98	5
2267	1155	76	317	391	164	96	4
2268	1114	87	279	372	170	82	8
2269	1112	85	278	379	168	87	7
2270	1115	81	287	374	161	88	9
2271	1106	82	288	367	163	86	7
2272	1174	87	320	381	179	99	8
2273	1136	91	294	371	159	99	5
2274	1135	85	288	393	166	95	7
2275	1111	99	284	361	151	93	6
2276	1139	92	301	368	164	94	5
2277	1125	95	290	366	171	87	5
2278	1106	99	276	375	162	83	5
2279	1099	96	278	352	164	84	6
2280	1138	90	292	399	163	94	6
2281	1094	87	265	382	164	78	6
2282	1126	88	283	391	160	88	5
2283	1119	83	302	374	162	86	5
2284	1097	78	275	384	162	79	10
2285	1131	81	295	391	175	81	7
2286	1133	80	286	388	167	92	6
2287	1139	79	283	407	158	94	9
2288	1133	89	298	390	172	82	7
2289	1093	92	287	360	157	77	6
2290	1112	92	292	363	164	83	8
2291	1126	79	305	362	167	86	6
2292	1151	79	299	389	176	91	3
2293	1152	84	308	401	163	97	5
2294	1116	97	285	388	158	86	6
2295	1156	81	308	395	163	102	5
2296	1101	82	282	370	157	85	5
2297	1122	77	291	380	159	87	11
2298	1119	81	285	382	153	88	11
2299	1114	74	278	391	167	83	12
2300	1123	88	274	380	165	90	11
2301	1117	94	283	358	161	88	6
2302	1160	88	301	381	192	91	5
2303	1160	87	294	393	177	96	4
2304	1164	85	298	405	179	94	3
2305	1121	77	297	373	157	91	9
2306	1139	88	297	379	162	96	7
2307	1124	82	285	384	161	90	4
2308	1117	79	287	378	149	92	3
2309	1115	82	278	391	159	86	8
2310	1100	90	281	361	156	81	10
2311	1100	90	282	374	156	82	1
2312	1124	88	299	379	165	86	5
2313	1127	89	285	387	174	86	5
2314	1168	82	311	408	178	94	4
2315	1149	85	296	397	173	93	8
2316	1117	95	280	369	167	86	3
2317	1119	93	285	377	168	83	3
2318	1122	90	296	380	157	88	4
2319	1077	91	260	355	148	82	7
2320	1121	80	269	372	162	92	5
2321	1136	84	285	388	170	91	8
2322	1144	91	317	380	164	91	4
2323	1167	90	308	394	170	99	9
2324	1133	88	284	378	172	88	10
2325	1133	88	287	381	177	84	12
2326	1145	94	301	392	162	95	4
2327	1163	101	296	388	183	95	7
2328	1135	89	294	379	169	89	8
2329	1118	94	281	380	162	87	7
2330	1133	84	294	386	161	91	10
2331	1095	88	270	371	151	84	6
2332	1119	77	302	376	155	88	3
2333	1104	87	290	363	153	84	7
2334	1146	88	294	399	170	91	6
2335	1164	86	311	397	182	89	5
2336	1132	81	295	389	165	90	7
2337	1150	83	295	397	176	92	4
2338	1129	84	298	389	160	87	7
2339	1134	82	299	378	160	93	9
2340	1129	84	288	380	169	86	5
2341	1133	83	284	375	169	93	7
2342	1149	92	294	377	166	101	8
2343	1131	91	291	378	163	91	9
2344	1112	83	274	384	173	81	6
2345	1150	90	284	380	196	85	12
2346	1134	89	285	366	183	86	12
2347	1108	87	269	371	172	82	10
2348	1133	76	290	387	162	91	8
2349	1132	87	287	364	175	89	9
2350	1147	82	300	399	169	92	6
2351	1121	82	284	379	171	85	7
2352	1118	84	293	388	152	91	10
2353	1118	86	294	382	163	88	3
2354	1142	85	296	396	166	91	1
2355	1148	85	304	400	164	95	6
2356	1122	85	289	393	167	84	6
2357	1132	84	287	397	167	86	8
2358	1146	89	288	375	172	94	4
2359	1115	86	281	364	174	84	6
2360	1154	82	286	399	186	88	5
2361	1138	85	289	381	178	86	5
2362	1146	78	292	387	171	90	6
2363	1105	87	270	374	169	80	11
2364	1119	81	281	382	171	82	8
2365	1118	78	280	388	173	80	7
2366	1101	82	278	377	161	81	8
2367	1085	82	280	366	154	78	13
2368	1100	86	279	371	155	85	8
2369	1115	85	279	379	155	90	6
2370	1109	95	275	368	167	82	10
2371	1139	88	300	368	170	93	7
2372	1133	92	291	374	171	90	3
2373	1115	89	278	376	167	85	4
2374	1115	84	282	376	163	86	11
2375	1138	85	283	381	179	87	9
2376	1136	87	274	386	183	84	11
2377	1115	90	268	378	175	80	3
2378	1127	91	279	374	176	84	7
2379	1125	92	293	390	162	86	11
2380	1129	89	300	367	153	95	6
2381	1131	86	306	365	164	87	5
2382	1129	90	288	359	165	89	3
2383	1128	85	300	355	173	88	2
2384	1130	85	289	372	166	90	9
2385	1157	70	300	391	183	93	9
2386	1172	80	304	400	176	99	4
2387	1129	85	287	379	164	90	6
2388	1110	89	279	380	166	81	5
2389	1145	90	294	389	169	93	7
2390	1122	83	281	386	171	84	7
2391	1134	87	291	374	163	92	3
2392	1129	82	281	393	164	88	8
2393	1107	82	274	386	158	83	7
2394	1104	91	267	376	166	79	5
2395	1113	84	282	381	158	87	6
2396	1148	82	287	405	171	94	8
2397	1151	85	274	399	183	92	6
2398	1146	92	283	383	190	84	5
2399	1132	91	287	386	169	90	7
2400	1127	82	295	377	161	88	7
2401	1095	83	265	372	159	80	4
2402	1127	94	284	375	171	87	5
2403	1139	94	284	382	171	93	5
2404	1131	89	282	385	176	86	5
2405	1116	92	269	364	166	89	11
2406	1084	89	270	363	154	80	15
2407	1108	88	279	378	164	81	11
2408	1145	82	301	402	165	92	7
2409	1134	87	300	388	166	89	7
2410	1125	90	296	376	155	90	8
2411	1125	91	296	368	153	92	6
2412	1117	92	293	357	153	90	5
2413	1124	89	284	381	161	90	5
2414	1134	89	268	388	170	94	3
2415	1144	87	290	392	175	92	4
2416	1138	91	300	382	176	87	5
2417	1133	80	306	374	174	82	13
2418	1133	81	299	377	167	89	11
2419	1088	81	275	351	165	77	4
2420	1076	86	271	369	147	74	5
2421	1119	91	287	382	164	84	7
2422	1131	86	297	385	180	82	9
2423	1151	91	287	398	185	89	9
2424	1169	81	315	394	176	99	8
2425	1179	82	315	405	192	93	3
2426	1183	78	330	406	180	99	4
2427	1153	80	316	396	168	92	5
2428	1147	86	306	396	181	85	10
2429	1128	83	299	376	176	82	7
2430	1136	83	300	380	165	90	5
2431	1121	85	292	383	158	88	9
2432	1151	83	307	404	160	96	12
2433	1123	94	299	372	164	85	4
2434	1141	81	302	397	169	93	2
2435	1134	76	302	385	163	90	4
2436	1083	77	288	362	148	80	7
2437	1125	75	307	399	153	91	4
2438	1107	87	293	379	165	81	5
2439	1147	94	308	371	173	91	6
2440	1086	88	274	364	148	84	7
2441	1126	79	295	377	160	93	7
2442	1107	85	296	353	158	88	9
2443	1112	87	284	377	165	86	8
2444	1094	86	277	371	162	81	8
2445	1073	82	263	350	154	77	11
2446	1121	90	284	352	173	86	6
2447	1141	83	293	378	173	93	5
2448	1128	85	291	381	163	90	3
2449	1093	86	276	372	155	80	5
2450	1159	79	304	396	164	99	5
2451	1146	84	289	394	166	94	11
2452	1137	86	282	395	175	86	3
2453	1149	85	294	404	170	93	4
2454	1142	82	293	400	169	89	3
2455	1109	89	280	383	163	83	7
2456	1074	84	256	361	152	79	5
2457	1143	83	296	382	167	92	8
2458	1109	84	278	365	160	88	5
2459	1120	93	292	375	155	88	6
2460	1141	80	303	385	165	92	7
2461	1126	84	307	367	151	97	6
2462	1113	92	288	368	150	89	7
2463	1140	94	304	374	166	90	7
2464	1164	92	302	398	172	98	7
2465	1140	92	297	383	160	93	5
2466	1107	86	289	382	156	84	7
2467	1145	92	298	385	170	91	8
2468	1131	88	289	373	172	88	9
2469	1147	89	300	392	174	89	5
2470	1117	88	289	375	166	84	7
2471	1114	82	293	378	157	84	9
2472	1135	85	297	387	164	89	12
2473	1145	81	310	392	163	94	6
2474	1137	89	302	386	162	89	4
2475	1095	89	279	353	154	84	6
2476	1102	82	285	373	156	82	5
2477	1127	86	294	383	160	88	10
2478	1118	83	279	376	170	82	5
2479	1133	88	291	393	165	87	6
2480	1160	88	290	401	179	92	3
2481	1122	89	283	373	159	90	6
2482	1131	88	284	387	161	91	5
2483	1114	83	278	389	151	86	19
2484	1113	81	283	392	158	87	10
2485	1117	88	283	366	158	91	9
2486	1093	84	296	355	137	86	9
2487	1109	86	281	388	150	88	7
2488	1140	85	290	388	170	93	5
2489	1142	81	299	394	165	93	4
2490	1140	87	300	378	166	92	5
2491	1135	88	289	379	178	87	2
2492	1124	84	280	379	172	87	5
2493	1135	90	296	390	167	88	7
2494	1132	87	294	390	175	83	7
2495	1135	82	293	383	166	93	6
2496	1107	84	284	372	164	82	4
2497	1112	83	286	369	153	91	7
2498	1129	90	290	377	167	90	3
2499	1126	91	276	375	174	87	6
2500	1093	96	274	347	172	77	7
2501	1113	95	278	359	172	83	9
2502	1094	93	264	378	175	75	10
2503	1115	89	287	370	165	85	5
2504	1086	89	276	368	154	77	8
2505	1118	89	288	381	160	85	4
2506	1141	81	291	392	168	91	7
2507	1145	83	291	385	186	86	6
2508	1124	84	296	365	169	88	9
2509	1125	82	300	377	164	87	11
2510	1108	81	293	373	152	85	11
2511	1123	83	291	377	154	89	10
2512	1116	81	289	378	156	86	10
2513	1147	83	292	402	159	97	12
2514	1099	89	274	365	156	86	6
2515	1107	88	286	384	158	82	4
2516	1153	80	314	387	156	100	3
2517	1143	90	291	389	167	93	5
2518	1101	95	272	362	158	84	4
2519	1115	86	283	362	164	88	8
2520	1129	87	288	374	162	92	6
2521	1130	94	296	366	173	88	9
2522	1138	90	289	366	173	92	7
2523	1125	94	285	363	161	92	4
2524	1142	91	287	384	162	97	5
2525	1140	89	288	382	164	92	6
2526	1114	94	282	374	168	81	7
2527	1127	87	290	377	173	85	7
2528	1140	82	295	380	167	92	5
2529	1174	88	306	401	188	94	4
2530	1119	91	288	392	161	84	6
2531	1112	86	280	374	157	86	6
2532	1104	85	283	359	151	87	5
2533	1114	92	291	367	161	83	7
2534	1104	89	270	357	164	83	10
2535	1117	82	285	375	159	90	5
2536	1139	85	295	381	167	94	10
2537	1124	94	293	366	157	92	7
2538	1129	83	288	384	162	92	6
2539	1122	85	287	375	158	93	4
2540	1137	82	307	392	160	94	4
2541	1125	77	306	386	161	88	5
2542	1125	87	288	382	168	89	5
2543	1126	82	292	371	161	92	5
2544	1138	84	290	372	174	88	4
2545	1129	75	286	385	169	86	6
2546	1141	77	302	384	180	87	7
2547	1126	90	282	385	175	84	4
2548	1103	88	278	384	156	82	4
2549	1127	86	295	385	164	87	7
2550	1129	90	294	395	167	87	5
2551	1134	89	285	381	177	87	7
2552	1136	88	290	378	165	92	4
2553	1115	87	290	368	160	87	2
2554	1139	84	300	374	158	98	7
2555	1174	85	300	400	183	97	6
2556	1150	74	305	400	170	91	8
2557	1137	84	299	381	163	90	5
2558	1113	96	276	372	155	91	6
2559	1158	90	298	388	170	95	6
2560	1133	86	298	373	166	93	7
2561	1123	88	294	366	168	83	9
2562	1145	88	301	374	169	95	5
2563	1140	84	304	376	172	90	10
2564	1132	87	293	370	172	89	7
2565	1122	94	270	376	169	88	6
2566	1136	88	290	378	161	96	7
2567	1093	92	259	369	149	88	9
2568	1116	95	275	359	162	91	8
2569	1108	87	276	374	160	84	6
2570	1144	89	293	386	173	93	8
2571	1150	88	303	380	171	92	3
2572	1113	88	284	376	149	90	6
2573	1077	87	252	367	149	79	6
2574	1119	84	282	378	158	88	8
2575	1122	88	281	372	161	90	8
2576	1094	82	280	371	160	78	4
2577	1127	87	287	376	159	93	5
2578	1089	92	271	360	164	78	4
2579	1130	89	286	363	172	87	4
2580	1126	82	294	368	159	91	6
2581	1120	95	288	364	150	95	6
2582	1128	87	283	378	171	85	8
2583	1134	90	282	377	181	87	9
2584	1140	84	292	393	169	91	9
2585	1143	79	311	385	161	93	8
2586	1119	76	287	383	168	83	11
2587	1139	94	298	374	175	87	8
2588	1131	84	282	387	170	89	12
2589	1104	85	260	368	149	92	16
2590	1128	82	287	370	159	94	7
2591	1141	85	303	361	165	94	4
2592	1128	92	300	365	167	90	4
2593	1111	81	296	381	155	85	5
2594	1150	91	300	398	176	91	6
2595	1111	92	271	372	162	86	9
2596	1138	84	290	373	173	89	7
2597	1153	82	308	393	171	87	6
2598	1103	92	287	360	152	87	4
2599	1097	97	285	363	154	81	7
2600	1146	91	299	382	176	88	4
2601	1125	85	278	383	178	84	3
2602	1100	95	269	362	156	88	8
2603	1122	87	293	373	161	90	2
2604	1115	80	287	383	160	83	5
2605	1117	85	284	370	163	86	9
2606	1153	83	294	399	178	89	9
2607	1134	84	293	378	169	89	10
2608	1088	87	274	372	156	78	7
2609	1136	91	303	390	165	88	3
2610	1134	79	299	404	171	85	7
2611	1162	82	303	393	182	95	6
2612	1130	88	286	381	175	85	4
2613	1155	84	299	402	167	98	3
2614	1146	86	293	394	173	93	3
2615	1157	87	298	392	173	98	5
2616	1150	92	296	394	171	90	2
2617	1128	83	293	376	170	87	6
2618	1112	79	276	378	164	84	13
2619	1128	86	277	382	171	89	9
2620	1098	88	278	366	160	82	10
2621	1127	82	285	376	166	90	9
2622	1139	73	289	398	164	93	9
2623	1124	78	289	378	169	88	6
2624	1118	86	278	383	168	83	6
2625	1126	83	294	375	157	90	7
2626	1124	88	288	378	161	88	5
2627	1122	86	286	388	157	90	5
2628	1166	84	299	407	172	99	5
2629	1176	85	310	403	184	96	8
2630	1133	86	293	384	173	88	8
2631	1126	87	294	393	165	85	6
2632	1144	86	276	401	169	93	11
2633	1148	92	289	393	171	99	4
2634	1132	89	293	367	171	88	4
2635	1112	88	271	352	175	87	7
2636	1126	86	276	375	171	91	9
2637	1123	92	281	379	164	88	8
2638	1129	91	287	380	175	86	3
2639	1153	86	295	385	175	93	1
2640	1139	84	302	390	159	92	4
2641	1117	86	282	369	160	88	9
2642	1131	78	291	390	159	94	10
2643	1149	82	314	396	159	98	4
2644	1145	93	302	386	160	97	4
2645	1132	91	290	379	158	94	5
2646	1145	83	293	395	175	90	3
2647	1141	83	305	392	159	96	3
2648	1123	84	295	379	164	87	3
2649	1139	86	298	385	164	95	4
2650	1144	83	285	385	185	89	4
2651	1129	95	277	380	170	86	6
2652	1114	91	278	369	166	84	9
2653	1115	83	281	375	160	87	6
2654	1130	87	297	381	164	90	8
2655	1138	88	306	379	158	92	6
2656	1125	88	287	365	166	93	3
2657	1105	98	273	368	170	80	4
2658	1130	100	278	371	173	91	3
2659	1152	94	289	394	180	92	7
2660	1157	87	309	388	172	95	7
2661	1121	96	289	378	164	89	7
2662	1128	88	297	367	167	88	5
2663	1129	85	285	363	174	86	7
2664	1135	89	286	371	161	96	8
2665	1130	94	278	382	177	85	9
2666	1120	93	282	371	167	84	4
2667	1106	86	285	367	149	91	8
2668	1144	86	305	385	164	96	7
2669	1132	88	288	379	170	94	4
2670	1144	85	293	393	168	93	4
2671	1172	83	292	409	192	92	7
2672	1134	88	272	393	179	84	6
2673	1142	78	285	405	173	85	6
2674	1160	75	296	403	183	90	7
2675	1132	84	286	389	177	84	3
2676	1137	79	292	407	166	88	1
2677	1152	83	289	393	183	89	4
2678	1148	85	292	387	177	91	7
2679	1131	79	292	382	170	85	5
2680	1106	82	282	372	152	86	5
2681	1110	86	280	365	161	87	2
2682	1086	89	279	355	153	82	4
2683	1107	91	279	367	150	88	4
2684	1128	90	296	370	161	89	5
2685	1104	88	272	379	152	86	6
2686	1118	93	274	381	157	89	5
2687	1132	81	282	397	170	90	7
2688	1084	89	266	368	164	75	8
2689	1107	80	286	373	158	86	8
2690	1119	88	292	385	167	83	6
2691	1134	83	289	389	172	85	6
2692	1138	88	293	387	168	88	8
2693	1116	86	282	372	163	82	9
2694	1113	97	281	363	160	86	14
2695	1118	85	274	384	166	89	8
2696	1152	77	295	388	184	89	7
2697	1133	89	291	372	171	93	7
2698	1119	85	291	369	165	87	6
2699	1144	78	300	366	166	98	7
2700	1101	87	287	371	151	87	5
2701	1105	83	297	363	143	92	5
2702	1150	86	311	392	169	93	2
2703	1151	88	299	379	169	97	4
2704	1110	86	277	373	164	83	6
2705	1151	84	276	405	179	92	4
2706	1151	75	288	401	182	90	4
2707	1145	85	289	405	172	91	6
2708	1148	81	292	408	175	92	6
2709	1113	81	262	390	173	80	5
2710	1114	76	274	384	168	81	9
2711	1129	82	281	389	171	85	11
2712	1107	88	281	378	161	84	5
2713	1124	90	289	377	173	84	8
2714	1149	84	292	381	175	95	7
2715	1114	93	280	382	167	86	6
2716	1068	90	254	363	156	75	7
2717	1106	89	273	370	161	87	8
2718	1116	91	281	365	169	89	7
2719	1150	79	294	382	184	91	5
2720	1124	85	286	371	166	88	2
2721	1129	76	285	386	174	83	7
2722	1097	88	267	371	160	83	9
2723	1107	96	288	358	170	79	7
2724	1142	87	294	393	172	91	7
2725	1152	80	300	378	171	96	10
2726	1124	83	297	387	160	90	7
2727	1168	83	311	385	178	97	7
2728	1121	77	301	374	153	92	3
2729	1153	78	301	399	161	100	4
2730	1132	81	303	371	166	90	8
2731	1125	83	295	370	174	81	9
2732	1147	89	291	391	170	94	7
2733	1141	86	300	380	162	95	10
2734	1144	89	293	371	158	104	6
2735	1121	83	270	375	152	95	11
2736	1139	80	289	389	159	100	11
2737	1128	85	291	364	170	88	11
2738	1102	83	267	374	170	80	5
2739	1114	82	268	372	158	90	10
2740	1132	85	285	378	167	92	9
2741	1133	78	277	391	167	92	11
2742	1139	72	289	396	167	92	11
2743	1140	76	296	391	161	92	10
2744	1128	82	292	373	162	89	7
2745	1112	85	293	363	151	86	8
2746	1154	83	297	393	169	95	7
2747	1161	78	284	408	174	95	6
2748	1132	76	292	376	164	90	9
2749	1127	77	293	381	174	84	11
2750	1077	85	267	370	147	80	9
2751	1122	81	278	383	183	81	10
2752	1129	92	283	390	174	87	6
2753	1141	86	300	379	169	94	4
2754	1118	90	281	357	155	95	6
2755	1145	94	288	372	175	92	12
2756	1124	85	286	385	172	81	8
2757	1102	87	282	361	159	82	7
2758	1111	80	293	366	168	80	3
2759	1137	81	295	373	176	89	5
2760	1142	89	294	378	173	91	6
2761	1084	84	280	356	144	84	7
2762	1114	89	293	365	154	88	4
2763	1134	82	302	360	161	96	3
2764	1121	89	291	364	168	84	2
2765	1104	83	275	379	160	84	5
2766	1128	79	287	388	170	85	5
2767	1129	82	292	384	174	80	5
2768	1163	87	309	384	175	96	4
2769	1164	89	314	394	178	96	3
2770	1155	91	305	382	180	92	6
2771	1141	98	292	380	170	90	7
2772	1126	86	288	377	165	91	8
2773	1118	85	279	354	162	95	8
2774	1132	87	291	372	166	86	7
2775	1131	95	305	370	161	86	8
2776	1121	92	286	377	169	82	8
2777	1129	93	279	392	163	92	7
2778	1142	85	309	392	156	100	8
2779	1114	86	285	389	143	93	7
2780	1107	84	288	379	160	82	7
2781	1146	93	287	388	174	93	8
2782	1121	90	288	366	169	87	3
2783	1143	83	307	391	177	85	5
2784	1122	89	302	390	164	82	7
2785	1139	87	285	385	177	90	8
2786	1140	87	289	382	170	94	8
2787	1118	89	291	378	161	88	4
2788	1120	82	290	385	159	88	4
2789	1114	81	292	389	162	83	8
2790	1122	87	291	383	156	90	8
2791	1109	93	277	372	165	83	11
2792	1120	91	289	378	160	92	10
2793	1098	92	271	360	151	90	8
2794	1109	91	285	361	159	89	6
2795	1100	95	278	356	161	83	10
2796	1150	84	299	376	183	89	11
2797	1119	86	288	379	165	86	10
2798	1097	80	270	384	156	82	9
2799	1113	84	278	373	161	86	4
2800	1101	88	277	367	154	82	6
2801	1123	88	280	382	172	83	8
2802	1091	93	270	358	149	87	15
2803	1115	93	293	372	155	89	11
2804	1121	88	298	362	154	92	7
2805	1142	90	290	385	168	95	8
2806	1121	91	275	378	170	85	10
2807	1110	85	278	378	155	85	9
2808	1121	90	293	378	166	84	9
2809	1127	87	282	386	176	82	11
2810	1124	90	281	393	167	88	7
2811	1135	84	306	387	164	91	7
2812	1128	88	294	371	168	90	9
2813	1123	82	299	388	161	84	5
2814	1119	81	286	375	155	93	4
2815	1138	86	306	364	173	88	2
2816	1145	87	290	373	173	94	5
2817	1102	96	287	346	154	87	4
2818	1107	92	291	368	160	82	8
2819	1115	86	291	380	155	84	6
2820	1152	87	304	388	171	95	5
2821	1155	93	303	404	169	93	3
2822	1138	85	295	386	161	94	4
2823	1125	83	293	394	150	92	7
2824	1125	79	285	392	164	87	5
2825	1125	76	274	384	167	92	3
2826	1126	87	284	372	172	87	5
2827	1111	90	281	365	162	89	11
2828	1156	78	300	374	180	96	9
2829	1140	80	301	391	166	90	7
2830	1143	74	309	375	168	93	8
2831	1137	79	296	382	167	92	10
2832	1129	90	298	364	163	92	3
2833	1147	85	287	384	171	95	8
2834	1122	82	277	388	174	82	7
2835	1154	85	303	388	175	98	6
2836	1139	85	302	375	164	96	5
2837	1111	86	280	377	168	81	4
2838	1132	88	283	384	165	92	6
2839	1137	98	277	370	174	96	13
2840	1127	79	295	378	171	88	10
2841	1137	79	279	386	167	92	10
2842	1121	79	288	390	160	87	4
2843	1156	83	290	394	180	94	5
2844	1141	76	285	379	178	91	6
2845	1120	90	283	358	163	89	8
2846	1111	83	287	361	158	88	8
2847	1166	91	303	402	172	100	9
2848	1169	85	306	388	185	96	6
2849	1142	93	296	377	184	84	8
2850	1115	86	277	371	167	83	8
2851	1111	87	277	382	164	76	11
2852	1162	75	291	401	172	97	7
2853	1168	85	294	410	175	98	6
2854	1119	94	288	377	171	80	4
2855	1139	88	299	373	170	92	7
2856	1143	87	293	370	180	90	5
2857	1157	78	293	383	179	97	7
2858	1124	86	297	392	153	88	10
2859	1167	89	309	393	170	100	11
2860	1128	81	291	398	156	88	9
2861	1117	93	300	366	168	83	6
2862	1103	91	274	371	163	84	5
2863	1095	90	277	348	161	86	8
2864	1127	81	290	375	168	87	9
2865	1156	88	302	389	173	95	7
2866	1124	87	286	391	173	85	3
2867	1139	85	290	395	171	91	4
2868	1148	85	298	392	176	91	4
2869	1108	91	284	357	163	86	2
2870	1092	85	283	352	155	81	4
2871	1120	91	290	363	160	88	6
2872	1119	81	276	373	171	89	4
2873	1159	82	299	390	171	99	8
2874	1135	80	288	374	163	97	9
2875	1150	87	300	382	166	98	6
2876	1163	77	314	379	174	96	5
2877	1128	77	302	377	163	89	6
2878	1130	78	284	387	159	89	12
2879	1132	92	293	387	167	90	8
2880	1139	93	292	375	174	87	14
2881	1105	92	275	359	167	82	7
2882	1141	84	297	378	173	91	8
2883	1146	83	288	386	178	93	6
2884	1126	87	289	381	166	87	6
2885	1119	83	281	371	163	90	6
2886	1094	86	268	362	156	83	8
2887	1082	88	266	372	132	88	9
2888	1134	86	286	378	173	88	7
2889	1128	92	286	382	170	88	10
2890	1122	94	280	384	168	85	10
2891	1129	87	283	377	171	88	8
2892	1160	78	291	405	171	98	6
2893	1113	79	291	380	162	81	6
2894	1112	81	300	383	164	79	9
2895	1133	79	299	396	174	84	10
2896	1124	81	286	381	176	81	2
2897	1149	78	285	395	186	89	4
2898	1113	81	274	379	171	80	6
2899	1096	87	264	370	160	81	7
2900	1126	93	284	393	167	85	7
2901	1126	85	287	389	164	86	6
2902	1106	85	278	376	161	86	5
2903	1131	86	286	382	158	98	4
2904	1136	95	284	384	171	87	3
2905	1120	90	288	373	160	87	9
2906	1124	88	286	392	151	90	10
2907	1130	90	278	397	157	94	8
2908	1117	85	285	369	156	90	2
2909	1079	87	264	356	148	81	5
2910	1116	83	283	372	168	84	7
2911	1160	77	307	397	168	100	9
2912	1138	83	279	385	179	87	14
2913	1108	88	283	371	169	79	9
2914	1131	79	288	388	163	91	8
2915	1057	86	256	359	150	74	5
2916	1093	87	264	366	160	81	7
2917	1078	94	275	362	154	77	6
2918	1093	94	267	376	148	88	4
2919	1075	81	263	360	152	78	10
2920	1097	81	275	363	165	80	8
2921	1119	77	289	383	165	86	11
2922	1138	88	297	377	176	90	5
2923	1133	91	300	371	162	96	5
2924	1105	91	275	379	161	83	5
2925	1127	89	278	382	175	90	8
2926	1128	101	284	360	171	91	3
2927	1095	89	281	354	168	76	9
2928	1109	79	281	375	165	85	6
2929	1126	86	293	378	168	88	8
2930	1113	93	297	365	155	87	5
2931	1127	89	292	379	163	91	5
2932	1128	88	277	384	163	97	6
2933	1143	83	306	385	166	93	4
2934	1106	93	290	368	158	85	3
2935	1089	87	266	364	163	79	4
2936	1117	89	295	362	163	87	2
2937	1142	90	291	392	175	92	3
2938	1129	88	288	383	172	87	4
2939	1143	85	284	398	166	95	3
2940	1129	92	294	385	154	95	5
2941	1114	87	287	375	155	87	8
2942	1153	89	293	397	178	93	7
2943	1147	87	295	383	170	94	7
2944	1109	95	280	366	162	84	5
2945	1076	89	276	362	150	77	10
2946	1116	87	287	375	164	85	9
2947	1138	81	297	380	176	87	5
2948	1137	85	302	380	155	97	6
2949	1127	81	304	370	170	88	4
2950	1174	80	301	407	181	100	5
2951	1151	91	299	388	174	94	2
2952	1116	90	282	373	171	84	6
2953	1145	85	299	380	184	85	9
2954	1128	90	277	363	170	94	8
2955	1137	90	299	374	169	89	6
2956	1153	87	307	387	172	94	8
2957	1123	81	302	380	162	86	8
2958	1135	79	310	384	157	92	9
2959	1151	72	306	385	165	98	3
2960	1128	86	296	378	155	95	5
2961	1098	92	279	368	154	84	5
2962	1065	82	261	355	155	75	7
2963	1088	90	270	347	151	87	8
2964	1101	87	272	379	162	81	5
2965	1127	87	299	367	167	86	1
2966	1110	91	276	367	160	87	1
2967	1132	87	291	362	166	92	7
2968	1105	89	293	359	162	83	7
2969	1135	84	292	371	176	88	8
2970	1121	84	305	367	162	86	5
2971	1121	75	298	389	161	88	6
2972	1120	82	298	387	148	92	5
2973	1100	88	280	372	149	88	6
2974	1101	86	282	370	152	86	9
2975	1119	84	288	377	166	87	7
2976	1132	93	293	367	167	89	10
2977	1135	99	295	380	165	90	6
2978	1136	83	293	376	161	94	6
2979	1113	87	279	370	162	89	9
2980	1137	83	292	389	166	92	7
2981	1132	86	287	384	170	90	9
2982	1135	88	287	400	172	87	7
2983	1143	83	302	406	164	91	3
2984	1122	82	277	393	156	91	2
2985	1142	82	309	393	163	92	2
2986	1145	84	308	372	173	91	9
2987	1142	78	302	400	168	89	7
2988	1117	92	288	369	178	79	4
2989	1120	82	289	382	168	82	6
2990	1135	78	300	385	164	90	6
2991	1151	93	300	383	186	90	4
2992	1126	93	281	378	173	88	5
2993	1128	79	288	381	160	91	4
2994	1135	79	294	375	168	92	6
2995	1147	88	298	392	174	89	6
2996	1140	88	296	391	169	90	6
2997	1134	82	293	392	163	90	7
2998	1107	85	293	349	158	87	13
2999	1112	80	281	372	170	79	8
3000	1127	86	294	373	172	86	9
3001	1123	84	293	359	173	85	8
3002	1117	82	279	377	159	88	8
3003	1133	86	293	380	156	92	6
3004	1137	83	285	384	169	92	9
3005	1140	84	289	383	171	91	5
3006	1145	89	294	382	172	92	10
3007	1152	78	304	396	172	92	8
3008	1103	86	274	383	158	84	5
3009	1135	85	280	390	169	90	8
3010	1152	92	284	388	187	87	10
3011	1126	80	285	388	164	89	11
3012	1114	91	278	381	166	85	10
3013	1122	96	291	364	164	89	11
3014	1104	89	283	377	157	84	7
3015	1119	86	288	367	161	91	5
3016	1141	87	288	391	166	89	4
3017	1139	82	289	405	167	88	6
3018	1140	82	296	376	176	88	8
3019	1108	87	273	363	172	79	7
3020	1139	80	295	394	179	85	6
3021	1149	82	304	383	178	91	6
3022	1143	85	296	396	174	90	5
3023	1137	91	282	385	179	87	6
3024	1129	92	286	393	167	88	9
3025	1149	83	300	403	173	92	12
3026	1131	91	291	385	163	90	10
3027	1096	96	266	358	147	89	5
3028	1127	81	274	378	176	85	4
3029	1108	86	278	373	174	77	4
3030	1121	92	277	380	171	90	4
3031	1109	87	284	372	159	84	4
3032	1121	89	282	369	170	86	2
3033	1139	87	296	384	179	87	9
3034	1140	77	291	395	173	90	8
3035	1108	88	283	362	152	88	9
3036	1092	82	284	359	164	76	5
3037	1102	84	275	382	153	87	8
3038	1152	85	299	395	173	90	6
3039	1134	83	295	389	172	80	6
3040	1109	89	284	376	162	83	4
3041	1119	87	282	377	166	87	3
3042	1120	83	296	371	152	93	6
3043	1142	90	289	374	163	99	11
3044	1156	89	298	391	165	99	4
3045	1105	98	278	363	163	81	5
3046	1130	87	290	381	173	83	6
3047	1119	95	293	375	154	92	4
3048	1161	81	300	401	177	95	5
3049	1141	94	298	381	177	87	5
3050	1126	87	290	384	169	85	2
3051	1115	77	293	369	161	89	4
3052	1085	95	283	351	152	83	9
3053	1144	91	292	361	181	89	12
3054	1147	90	308	383	168	95	8
3055	1130	92	291	372	166	94	6
3056	1148	87	299	379	174	92	9
3057	1108	96	291	352	168	84	11
3058	1120	80	311	371	153	91	7
3059	1125	82	299	369	163	87	7
3060	1087	88	281	350	147	84	5
3061	1118	79	282	368	161	89	4
3062	1154	79	304	394	172	94	5
3063	1145	84	298	388	163	96	4
3064	1146	83	306	379	165	97	4
3065	1166	89	313	386	179	97	7
3066	1142	96	293	376	167	94	4
3067	1108	94	282	368	165	84	6
3068	1095	90	282	357	149	82	8
3069	1104	82	273	374	165	80	10
3070	1144	90	300	377	181	90	10
3071	1127	92	299	360	166	90	12
3072	1120	89	289	366	160	90	10
3073	1130	84	280	386	159	96	6
3074	1110	90	286	373	159	86	3
3075	1101	89	295	357	149	88	8
3076	1085	93	281	351	150	81	5
3077	1094	89	282	355	152	82	9
3078	1143	83	299	378	170	92	1
3079	1160	82	309	401	165	98	4
3080	1155	81	309	397	168	94	7
3081	1116	84	282	373	158	91	6
3082	1151	80	305	377	169	95	6
3083	1144	88	298	374	176	90	4
3084	1153	91	301	386	172	98	2
3085	1157	87	306	402	157	101	2
3086	1093	90	280	359	150	83	6
3087	1098	88	288	361	149	85	10
3088	1145	82	308	383	162	94	3
3089	1148	90	307	380	176	92	8
3090	1174	81	309	405	181	96	5
3091	1142	82	294	380	176	88	8
3092	1122	85	298	368	151	93	3
3093	1100	94	286	352	150	84	10
3094	1121	91	284	368	161	88	7
3095	1131	89	292	375	169	90	6
3096	1141	81	302	384	174	91	9
3097	1162	69	314	400	187	91	5
3098	1128	85	281	384	170	85	8
3099	1137	86	303	378	168	87	8
3100	1138	87	297	392	173	84	7
3101	1130	84	294	379	167	89	6
3102	1115	82	277	393	162	80	6
3103	1113	88	289	371	170	80	4
3104	1124	84	297	368	173	83	4
3105	1119	84	297	378	163	85	6
3106	1152	82	309	380	180	90	6
3107	1148	87	312	390	172	91	6
3108	1154	82	297	388	181	96	10
3109	1151	83	297	394	183	88	10
3110	1137	87	288	385	176	89	6
3111	1131	80	286	380	165	91	9
3112	1133	81	298	369	164	94	4
3113	1138	87	289	384	170	91	6
3114	1105	84	275	381	163	82	11
3115	1121	93	279	372	173	85	6
3116	1130	80	292	388	172	83	8
3117	1133	78	289	393	169	90	9
3118	1141	84	292	382	164	95	7
3119	1152	87	299	395	170	94	5
3120	1138	78	285	388	173	89	4
3121	1129	90	296	389	165	87	5
3122	1108	92	289	370	158	84	6
3123	1130	87	288	381	166	92	3
3124	1102	90	285	361	162	83	6
3125	1114	87	273	365	173	87	5
3126	1115	84	276	374	172	86	6
3127	1088	78	274	369	150	81	3
3128	1132	82	291	368	167	92	2
3129	1134	83	288	392	163	92	8
3130	1180	87	302	400	183	104	6
3131	1180	79	309	395	181	102	4
3132	1147	85	299	384	180	91	6
3133	1137	92	281	366	181	88	7
3134	1160	83	302	382	177	98	6
3135	1150	83	308	379	168	96	5
3136	1136	89	295	376	167	94	10
3137	1133	85	296	364	170	91	8
3138	1111	90	286	359	159	88	7
3139	1126	88	293	361	173	87	6
3140	1115	91	269	384	169	83	6
3141	1121	87	276	388	174	81	5
3142	1125	92	283	366	176	88	8
3143	1098	82	279	360	164	79	5
3144	1113	81	278	384	158	87	7
3145	1151	84	297	386	169	98	6
3146	1139	86	299	396	167	91	6
3147	1130	78	298	379	157	93	9
3148	1138	72	295	387	166	90	10
3149	1119	86	289	362	162	89	8
3150	1117	87	283	362	163	87	7
3151	1119	93	294	366	168	81	6
3152	1134	88	283	371	180	87	4
3153	1143	87	300	384	175	89	3
3154	1144	86	301	392	170	90	5
3155	1089	86	266	375	161	77	7
3156	1095	83	272	366	157	81	8
3157	1140	80	300	375	164	94	7
3158	1129	77	281	380	154	97	5
3159	1128	82	291	378	159	94	2
3160	1125	90	279	362	174	89	2
3161	1124	82	288	386	166	88	3
3162	1103	79	279	373	167	78	8
3163	1120	78	287	379	165	86	5
3164	1118	81	284	371	164	88	7
3165	1110	88	270	376	164	84	8
3166	1092	88	270	367	154	80	7
3167	1115	87	275	382	164	89	6
3168	1148	84	285	398	165	98	5
3169	1130	79	286	380	155	96	8
3170	1107	80	273	373	156	84	7
3171	1143	82	303	382	167	92	9
3172	1128	87	284	372	160	93	4
3173	1140	93	289	365	167	96	9
3174	1146	86	291	383	172	94	8
3175	1153	86	308	387	170	94	6
3176	1112	90	282	372	164	82	4
3177	1116	94	289	377	164	86	6
3178	1108	86	279	384	163	81	9
3179	1146	93	297	379	172	91	6
3180	1113	87	295	374	156	86	3
3181	1145	83	308	374	174	91	6
3182	1111	86	295	377	155	84	13
3183	1113	84	279	369	161	87	8
3184	1124	87	291	391	163	86	9
3185	1159	86	311	385	171	96	9
3186	1135	88	306	383	164	87	8
3187	1092	82	271	370	158	81	5
3188	1123	81	297	369	157	90	8
3189	1143	84	316	373	168	90	8
3190	1146	81	296	381	166	96	7
3191	1139	91	282	372	179	91	11
3192	1119	88	280	383	162	91	11
3193	1122	89	284	369	167	89	12
3194	1092	92	273	363	157	81	5
3195	1106	95	302	359	151	85	9
3196	1126	88	301	373	150	92	9
3197	1103	82	290	369	158	83	6
3198	1105	83	294	359	152	84	5
3199	1123	88	297	357	171	85	4
3200	1104	94	292	356	159	86	4
3201	1110	95	290	371	148	92	5
3202	1117	85	303	364	164	83	13
3203	1091	90	283	339	152	86	11
3204	1079	87	276	353	142	82	13
3205	1107	85	274	370	150	91	12
3206	1139	87	288	379	170	93	8
3207	1129	84	300	377	157	93	6
3208	1137	85	300	366	176	91	5
3209	1130	89	287	376	174	87	9
3210	1147	81	285	381	187	86	6
3211	1103	89	280	377	162	80	7
3212	1123	84	291	377	170	86	5
3213	1133	83	283	403	162	95	3
3214	1141	76	298	406	168	90	7
3215	1126	79	294	385	168	85	8
3216	1134	80	288	390	165	92	12
3217	1127	86	281	387	162	88	9
3218	1109	87	269	388	159	89	8
3219	1138	90	286	378	171	94	6
3220	1123	88	290	385	164	91	9
3221	1147	84	316	383	167	90	8
3222	1116	90	289	368	163	84	6
3223	1117	88	281	379	156	87	8
3224	1125	90	277	373	171	87	11
3225	1118	82	277	366	168	87	7
3226	1105	89	277	373	156	85	6
3227	1111	83	281	378	161	85	4
3228	1139	80	290	390	163	95	5
3229	1159	84	306	403	164	100	5
3230	1165	87	297	406	181	96	2
3231	1128	92	275	386	167	89	5
3232	1142	88	301	382	163	92	6
3233	1146	89	302	387	156	98	11
3234	1147	79	283	397	172	93	5
3235	1118	81	283	380	164	85	5
3236	1120	78	295	374	158	89	5
3237	1119	87	293	369	161	88	7
3238	1146	91	292	372	181	89	7
3239	1154	83	310	392	165	96	6
3240	1118	89	289	369	170	87	5
3241	1146	82	295	384	167	94	5
3242	1113	89	285	366	156	88	3
3243	1091	83	280	371	148	83	3
3244	1142	80	309	385	156	98	3
3245	1130	80	301	394	145	98	8
3246	1148	83	310	383	163	97	4
3247	1121	76	290	377	161	88	9
3248	1114	81	277	378	172	82	10
3249	1109	85	287	377	153	89	12
3250	1124	83	283	391	159	91	10
3251	1137	79	294	384	167	94	15
3252	1109	95	277	375	159	88	6
3253	1127	87	288	372	165	91	4
3254	1128	88	290	386	181	82	5
3255	1100	85	275	375	169	82	4
3256	1118	87	282	367	168	85	5
3257	1135	84	293	370	167	92	3
3258	1122	91	285	369	171	87	4
3259	1145	78	282	394	182	88	8
3260	1107	89	277	366	175	80	9
3261	1101	93	269	363	171	81	9
3262	1138	98	288	383	165	97	8
3263	1170	85	300	392	186	99	5
3264	1115	84	284	375	154	94	9
3265	1162	86	308	391	169	102	6
3266	1135	80	290	385	165	92	10
3267	1136	87	287	392	162	93	6
3268	1144	84	295	386	162	95	7
3269	1142	89	302	383	165	95	3
3270	1163	88	309	401	171	98	2
3271	1164	86	312	393	170	98	6
3272	1131	87	292	368	156	97	9
3273	1101	89	288	371	159	81	6
3274	1100	86	279	365	159	85	8
3275	1104	87	289	382	144	90	8
3276	1130	93	294	388	159	91	9
3277	1151	80	298	400	164	95	3
3278	1144	87	302	379	170	93	3
3279	1162	81	300	395	181	94	6
3280	1138	84	294	376	171	89	8
3281	1096	90	261	384	163	83	6
3282	1157	81	301	398	181	93	9
3283	1110	80	277	383	162	83	9
3284	1133	82	292	380	172	86	9
3285	1121	79	289	380	170	85	9
3286	1118	86	284	374	171	85	6
3287	1116	84	280	381	164	86	4
3288	1094	83	267	386	156	81	3
3289	1106	88	283	364	162	85	6
3290	1098	82	276	364	168	77	7
3291	1121	88	287	350	171	89	4
3292	1138	88	285	358	175	92	6
3293	1126	91	288	360	160	96	6
3294	1088	87	286	351	151	83	9
3295	1077	91	263	361	157	76	11
3296	1093	91	271	357	162	81	9
3297	1114	83	286	390	158	83	14
3298	1117	85	284	372	167	85	7
3299	1108	83	289	364	157	86	8
3300	1133	90	288	378	168	90	7
3301	1139	81	297	378	177	87	7
3302	1127	79	295	370	162	90	7
3303	1099	88	282	353	161	84	7
3304	1110	82	290	372	158	87	0
3305	1089	81	277	365	149	85	4
3306	1134	86	291	391	173	89	6
3307	1140	86	293	386	178	90	9
3308	1158	88	305	393	177	93	6
3309	1173	87	322	387	174	102	5
3310	1154	89	299	381	170	98	6
3311	1141	95	303	402	170	86	5
3312	1126	94	297	383	167	85	8
3313	1110	95	281	372	167	82	5
3314	1109	88	272	379	160	85	7
3315	1148	86	301	396	169	97	5
3316	1146	80	302	397	162	94	7
3317	1127	83	291	399	164	86	11
3318	1123	88	290	373	165	90	11
3319	1120	87	293	369	158	89	9
3320	1127	82	275	379	180	84	7
3321	1113	84	279	367	161	88	6
3322	1109	96	267	360	157	92	4
3323	1142	86	296	379	172	93	4
3324	1145	87	288	383	171	94	3
3325	1133	80	292	361	170	92	3
3326	1148	89	298	379	177	92	6
3327	1168	84	299	405	184	97	10
3328	1155	87	308	393	167	96	7
3329	1111	75	276	384	157	88	3
3330	1138	92	272	390	176	91	4
3331	1133	98	276	376	186	84	6
3332	1144	89	286	388	178	91	4
3333	1152	86	282	391	170	97	6
3334	1126	95	282	388	159	87	10
3335	1118	96	267	382	166	89	9
3336	1129	89	285	385	165	90	8
3337	1125	82	283	391	165	84	5
3338	1152	76	299	392	169	96	3
3339	1127	80	299	377	158	90	6
3340	1165	78	308	395	158	107	6
3341	1118	95	274	385	157	90	9
3342	1125	94	272	392	152	94	4
3343	1149	85	305	398	152	99	3
3344	1160	93	300	395	172	98	4
3345	1128	86	296	375	168	90	13
3346	1139	84	297	374	164	96	10
3347	1144	80	305	377	166	95	6
3348	1115	88	288	365	164	87	9
3349	1158	80	297	389	168	101	8
3350	1129	88	285	377	167	92	3
3351	1146	84	281	385	182	88	6
3352	1134	84	279	385	166	92	4
3353	1119	94	289	371	172	80	9
3354	1122	87	285	369	172	88	10
3355	1144	87	289	391	176	90	7
3356	1140	78	292	404	166	88	5
3357	1145	84	295	386	181	87	6
3358	1145	85	298	392	173	91	6
3359	1124	88	287	379	169	88	6
3360	1113	91	286	370	159	87	9
3361	1149	87	294	388	179	94	3
3362	1155	90	301	397	164	99	3
3363	1149	84	292	409	173	90	6
3364	1143	83	301	392	157	94	8
3365	1104	86	281	370	167	78	14
3366	1109	92	285	342	170	85	14
3367	1123	90	290	367	172	85	8
3368	1139	84	291	377	178	90	13
3369	1138	79	302	379	164	93	8
3370	1127	80	300	376	162	91	15
3371	1143	77	302	395	164	95	12
3372	1170	83	307	428	176	97	5
3373	1127	85	289	399	166	85	6
3374	1145	78	294	399	174	88	9
3375	1131	88	275	389	170	89	6
3376	1143	87	282	392	162	98	4
3377	1151	81	300	381	171	91	4
3378	1110	80	282	378	165	84	8
3379	1104	85	272	379	160	81	9
3380	1136	87	282	391	172	88	7
3381	1131	99	286	376	167	92	0
3382	1126	92	282	380	172	86	5
3383	1115	94	289	364	161	86	5
3384	1085	94	266	357	159	80	7
3385	1117	80	285	378	169	84	9
3386	1100	90	275	357	169	76	5
3387	1158	90	298	381	188	89	9
3388	1109	88	273	374	161	81	8
3389	1121	83	278	377	159	89	8
3390	1150	75	299	396	168	94	8
3391	1136	82	291	376	181	86	8
3392	1125	85	277	374	173	89	6
3393	1095	93	277	357	153	81	6
3394	1169	85	306	410	171	98	7
3395	1141	89	289	382	167	95	9
3396	1079	96	272	348	156	80	7
3397	1079	90	270	356	154	77	5
3398	1111	86	276	365	163	86	6
3399	1120	88	295	371	168	87	5
3400	1110	91	278	375	166	83	8
3401	1120	86	290	374	163	86	13
3402	1102	86	281	372	166	79	4
3403	1105	85	273	367	158	84	7
3404	1111	83	273	376	164	83	6
3405	1131	84	294	370	162	89	1
3406	1122	84	295	363	163	86	5
3407	1153	87	299	380	171	94	7
3408	1129	89	291	377	168	90	1
3409	1133	82	288	401	162	91	3
3410	1135	82	292	384	165	91	5
3411	1125	81	285	383	162	88	8
3412	1131	84	273	389	175	87	12
3413	1130	90	291	379	165	89	12
3414	1129	89	298	372	172	86	6
3415	1122	91	289	368	167	87	4
3416	1130	90	300	375	165	88	4
3417	1137	82	300	380	173	89	4
3418	1161	89	297	391	174	96	7
3419	1150	92	299	379	178	93	11
3420	1120	84	300	360	164	85	8
3421	1124	83	292	374	162	88	8
3422	1129	87	294	379	164	90	8
3423	1125	83	288	368	160	95	10
3424	1124	88	283	387	155	92	7
3425	1149	81	281	392	172	97	6
3426	1102	86	262	367	169	79	9
3427	1125	80	290	380	171	84	8
3428	1107	79	294	368	161	84	8
3429	1096	86	290	352	152	85	8
3430	1103	90	264	369	161	83	8
3431	1124	83	285	378	172	85	10
3432	1162	82	309	399	175	97	9
3433	1133	87	288	390	164	92	4
3434	1123	85	289	377	159	92	4
3435	1124	80	293	378	162	90	7
3436	1135	80	289	389	166	91	5
3437	1160	82	295	411	170	98	6
3438	1163	77	315	405	173	93	6
3439	1130	84	295	388	168	85	8
3440	1137	83	296	383	172	90	3
3441	1114	87	291	373	159	81	6
3442	1127	88	285	381	166	87	8
3443	1146	88	310	390	167	95	10
3444	1102	82	284	375	152	84	13
3445	1126	87	302	374	153	91	9
3446	1134	83	302	381	168	89	6
3447	1133	91	298	375	168	88	5
3448	1112	86	294	377	160	83	6
3449	1137	84	311	388	165	89	5
3450	1105	95	287	349	168	80	4
3451	1157	91	299	393	175	94	7
3452	1144	85	296	367	169	97	5
3453	1145	86	289	394	170	93	7
3454	1127	92	282	374	160	91	9
3455	1114	87	275	376	160	89	6
3456	1110	74	297	387	143	90	13
3457	1102	85	284	385	146	89	8
3458	1053	85	263	363	144	72	14
3459	1100	88	273	365	160	83	10
3460	1128	90	287	363	160	92	7
3461	1143	87	292	384	174	94	9
3462	1151	81	315	380	172	93	9
3463	1131	87	307	373	167	87	8
3464	1127	89	288	390	166	88	3
3465	1125	89	290	363	172	84	4
3466	1124	88	275	376	177	85	8
3467	1122	87	294	368	161	92	6
3468	1129	84	298	369	169	88	6
3469	1101	83	283	376	155	85	6
3470	1121	80	291	369	152	91	9
3471	1096	83	274	384	150	82	13
3472	1096	87	275	373	158	79	6
3473	1135	85	296	373	171	88	7
3474	1104	88	283	371	156	85	7
3475	1156	89	296	394	171	97	9
3476	1134	82	284	387	166	90	6
3477	1134	89	305	350	164	93	4
3478	1131	88	284	358	168	91	8
3479	1146	87	291	365	177	94	12
3480	1144	85	293	365	174	96	13
3481	1149	85	307	377	170	97	6
3482	1153	90	303	377	180	93	5
3483	1140	87	283	380	180	88	9
3484	1134	88	286	377	172	86	11
3485	1086	89	259	372	158	79	6
3486	1109	96	280	370	158	88	4
3487	1123	88	285	371	177	82	5
3488	1136	91	295	365	171	90	7
3489	1124	91	296	361	168	87	6
3490	1166	83	299	388	179	95	5
3491	1138	89	287	385	179	86	5
3492	1145	86	281	366	191	88	3
3493	1150	93	284	378	179	94	5
3494	1136	89	295	388	157	92	13
3495	1150	90	291	386	178	91	11
3496	1157	87	297	383	186	91	3
3497	1116	86	274	388	171	83	4
3498	1113	87	274	384	168	84	4
3499	1123	82	288	387	169	83	10
3500	1152	87	294	379	177	93	2
3501	1130	92	291	376	153	95	7
3502	1098	86	285	368	154	83	3
3503	1137	90	297	394	167	88	7
3504	1117	91	292	390	167	78	8
3505	1134	85	278	397	180	84	2
3506	1119	89	293	375	163	86	3
3507	1123	81	296	376	163	86	5
3508	1110	79	282	386	162	82	7
3509	1117	84	266	375	157	92	8
3510	1143	86	291	390	166	96	9
3511	1147	91	299	379	175	93	7
3512	1144	83	308	392	170	89	3
3513	1122	85	288	379	155	90	3
3514	1121	82	290	376	161	88	4
3515	1135	91	283	384	169	93	4
3516	1101	83	277	366	154	86	4
3517	1110	86	276	373	151	91	5
3518	1137	94	298	381	164	91	3
3519	1130	86	295	386	168	89	12
3520	1140	86	291	399	168	90	7
3521	1162	87	315	392	170	96	2
3522	1118	80	304	366	164	80	6
3523	1095	85	275	360	157	84	9
3524	1116	90	291	359	157	91	8
3525	1159	88	316	380	166	101	1
3526	1129	93	287	358	165	94	3
3527	1153	92	300	392	163	98	4
3528	1133	85	298	380	159	91	8
3529	1135	88	299	357	174	93	9
3530	1154	82	319	386	176	90	10
3531	1134	77	304	371	176	86	9
3532	1089	84	281	361	160	76	9
3533	1084	90	270	377	154	77	10
3534	1099	85	276	379	152	85	8
3535	1119	94	295	377	157	89	5
3536	1110	88	274	375	167	86	8
3537	1141	84	298	387	172	92	6
3538	1121	79	308	370	151	93	8
3539	1119	82	292	390	152	90	9
3540	1108	92	284	386	147	89	5
3541	1135	85	295	383	161	91	9
3542	1158	89	298	395	174	94	5
3543	1102	96	286	358	156	84	9
3544	1124	87	279	386	174	84	6
3545	1123	78	274	394	181	77	7
3546	1163	85	298	401	182	92	6
3547	1168	83	300	401	176	96	4
3548	1157	82	294	388	170	99	7
3549	1150	83	301	400	165	94	6
3550	1128	92	291	372	163	90	6
3551	1119	86	287	371	165	86	9
3552	1143	90	302	389	177	88	8
3553	1123	87	279	382	168	90	5
3554	1129	89	277	384	172	89	6
3555	1119	92	274	364	176	84	10
3556	1122	90	291	368	166	87	11
3557	1148	82	310	374	169	95	5
3558	1124	89	298	370	158	90	5
3559	1163	82	317	387	163	100	7
3560	1127	88	300	379	171	82	11
3561	1111	81	288	379	167	81	7
3562	1121	84	285	379	161	90	9
3563	1107	89	279	367	161	86	8
3564	1127	80	286	380	161	90	4
3565	1149	85	309	392	162	97	9
3566	1135	81	297	389	164	88	7
3567	1152	94	288	383	170	95	6
3568	1141	91	302	387	168	90	3
3569	1141	86	294	395	159	94	3
3570	1135	87	302	368	164	92	2
3571	1135	86	310	367	168	92	7
3572	1115	87	281	359	165	91	8
3573	1165	85	306	393	179	97	6
3574	1102	85	287	373	164	81	7
3575	1120	78	296	379	164	83	11
3576	1114	82	280	376	160	87	6
3577	1119	82	271	387	166	87	6
3578	1155	89	289	395	178	98	2
3579	1173	83	291	399	186	98	3
3580	1132	90	295	384	161	90	5
3581	1153	81	305	398	164	97	10
3582	1130	87	296	393	170	87	7
3583	1083	90	258	378	163	77	7
3584	1083	90	265	357	158	81	7
3585	1113	93	285	376	164	86	3
3586	1122	90	297	379	167	84	3
3587	1115	82	271	370	170	86	6
3588	1119	85	285	367	165	87	11
3589	1119	90	299	367	145	92	8
3590	1103	93	281	346	154	92	5
3591	1094	93	283	355	158	86	8
3592	1112	90	277	370	164	87	4
3593	1145	89	297	381	171	92	9
3594	1163	98	307	380	182	94	4
3595	1134	96	289	363	169	93	3
3596	1129	92	284	361	177	89	7
3597	1113	91	276	366	169	83	9
3598	1130	92	287	383	171	87	7
3599	1149	83	289	399	175	90	4
3600	1124	82	280	381	174	85	7
3601	1118	83	285	382	163	88	6
3602	1127	90	298	374	161	91	7
3603	1136	84	277	387	184	87	9
3604	1113	83	269	376	166	85	5
3605	1116	85	268	387	177	83	5
3606	1145	93	288	385	173	94	5
3607	1142	86	294	378	181	88	5
3608	1099	89	298	349	161	81	9
3609	1117	92	282	363	162	91	7
3610	1118	87	285	367	171	86	13
3611	1118	96	276	368	164	91	4
3612	1119	85	272	378	164	88	7
3613	1119	83	283	379	161	86	10
3614	1127	85	287	388	156	90	7
3615	1145	91	294	381	168	96	8
3616	1153	85	313	358	168	99	7
3617	1106	83	293	350	161	85	11
3618	1087	92	272	356	155	80	4
3619	1144	89	301	373	169	91	3
3620	1111	96	287	359	168	83	5
3621	1120	89	297	371	165	86	7
3622	1128	81	293	381	163	88	11
3623	1139	86	292	404	162	93	2
3624	1111	79	284	375	160	88	8
3625	1140	92	303	389	164	90	3
3626	1140	85	293	384	176	89	5
3627	1134	85	286	383	182	85	4
3628	1168	81	308	406	171	97	6
3629	1171	91	313	400	182	95	3
3630	1161	85	305	388	183	96	6
3631	1113	86	280	377	162	86	8
3632	1118	78	290	390	161	86	10
3633	1108	86	277	386	158	86	6
3634	1119	89	296	372	163	87	6
3635	1118	87	294	383	152	91	9
3636	1121	89	294	379	154	93	5
3637	1128	85	289	374	165	89	3
3638	1137	82	298	393	163	91	10
3639	1148	78	302	392	173	91	5
3640	1119	88	292	369	163	86	2
3641	1120	89	280	384	161	88	5
3642	1156	92	307	392	184	86	8
3643	1131	90	304	374	170	86	7
3644	1132	95	286	391	164	92	4
3645	1128	86	272	393	163	91	7
3646	1142	90	285	380	173	91	8
3647	1092	89	272	352	153	84	5
3648	1093	93	271	361	149	84	9
3649	1107	95	287	374	150	84	5
3650	1128	85	293	382	167	87	5
3651	1117	82	285	383	163	86	7
3652	1150	80	308	393	165	95	6
3653	1145	83	296	389	178	88	7
3654	1173	85	312	402	178	99	11
3655	1149	86	280	391	175	97	6
3656	1144	81	295	381	177	91	5
3657	1135	89	285	388	169	91	8
3658	1152	85	307	386	166	100	8
3659	1130	93	300	357	164	89	9
3660	1166	86	303	389	175	99	7
3661	1148	81	290	394	183	87	11
3662	1111	83	275	382	164	86	8
3663	1111	87	281	367	164	85	7
3664	1143	83	283	393	177	88	9
3665	1128	80	280	387	167	90	5
3666	1118	82	281	385	160	88	8
3667	1129	80	295	375	170	88	7
3668	1149	84	304	386	164	95	7
3669	1147	84	307	393	162	94	9
3670	1108	88	308	347	162	79	9
3671	1132	88	295	372	161	96	8
3672	1124	84	296	386	166	87	4
3673	1123	82	281	386	167	86	2
3674	1117	90	291	375	156	86	2
3675	1112	84	280	379	153	91	7
3676	1073	91	271	369	147	77	5
3677	1111	92	289	384	154	87	5
3678	1125	86	290	363	167	90	5
3679	1102	93	274	359	153	87	8
3680	1106	89	286	351	164	85	8
3681	1110	95	282	362	175	78	6
3682	1113	84	288	368	172	80	9
3683	1129	86	303	363	175	84	9
3684	1141	80	301	386	173	88	8
3685	1150	82	303	394	167	93	9
3686	1078	84	275	357	160	70	10
3687	1130	90	284	381	181	81	13
3688	1126	87	296	380	172	81	13
3689	1125	81	286	388	167	88	8
3690	1125	95	291	379	155	91	10
3691	1107	88	280	374	158	89	10
3692	1136	90	285	386	177	86	10
3693	1118	79	282	383	156	90	8
3694	1106	83	275	373	157	86	7
3695	1149	92	314	380	165	94	4
3696	1120	87	291	380	161	85	4
3697	1121	86	281	377	164	84	4
3698	1116	95	281	361	169	84	7
3699	1129	87	301	371	174	85	9
3700	1148	88	285	386	180	90	8
3701	1172	85	309	421	167	100	5
3702	1141	87	296	374	172	91	9
3703	1147	82	300	373	168	98	7
3704	1127	81	289	373	167	91	4
3705	1131	88	306	367	171	87	6
3706	1143	85	295	374	169	94	5
3707	1135	91	292	376	160	94	2
3708	1132	84	298	371	165	90	4
3709	1139	89	305	385	165	91	2
3710	1137	90	296	380	173	87	7
3711	1122	92	291	373	173	82	6
3712	1084	85	270	372	159	77	6
3713	1107	82	272	363	168	85	6
3714	1133	96	289	375	172	88	6
3715	1143	94	293	392	178	87	7
3716	1154	90	299	393	168	96	10
3717	1137	85	298	381	160	92	8
3718	1135	85	291	393	180	83	7
3719	1126	88	294	370	165	86	8
3720	1119	92	285	375	163	87	5
3721	1145	84	301	388	169	92	6
3722	1108	80	267	387	158	86	5
3723	1103	87	275	348	170	82	10
3724	1117	89	277	368	173	81	11
3725	1114	86	283	364	168	82	11
3726	1098	86	281	376	155	79	7
3727	1137	85	293	390	173	87	10
3728	1119	84	288	363	169	84	8
3729	1134	84	304	367	178	87	8
3730	1141	80	293	380	183	88	6
3731	1109	88	280	367	164	87	7
3732	1107	87	293	361	164	82	7
3733	1123	92	287	360	175	87	6
3734	1147	83	298	377	179	95	6
3735	1162	85	299	371	184	97	6
3736	1163	78	295	389	190	92	7
3737	1136	93	292	373	166	93	8
3738	1118	89	298	363	165	86	7
3739	1132	87	299	376	168	89	6
3740	1146	83	292	392	174	90	3
3741	1128	83	277	386	155	93	5
3742	1149	83	298	399	158	98	9
3743	1145	83	308	380	169	91	8
3744	1153	92	296	392	167	98	3
3745	1143	82	287	393	174	92	5
3746	1121	81	276	387	172	84	7
3747	1111	88	262	379	157	90	4
3748	1119	85	275	383	164	90	7
3749	1130	89	279	374	175	86	7
3750	1127	89	288	381	163	87	4
3751	1108	82	276	373	169	79	7
3752	1115	81	283	380	158	86	8
3753	1118	83	293	370	171	81	6
3754	1102	81	283	362	163	83	7
3755	1109	85	287	359	164	82	12
3756	1125	82	286	365	181	83	13
3757	1147	89	293	378	186	90	9
3758	1119	83	287	382	161	89	9
3759	1110	84	267	375	161	92	7
3760	1137	82	285	391	174	94	9
3761	1130	85	280	384	166	93	11
3762	1133	89	285	387	173	89	8
3763	1124	85	280	380	160	91	11
3764	1117	84	288	380	161	85	10
3765	1139	84	283	388	167	96	7
3766	1117	86	271	375	163	88	6
3767	1099	84	276	369	158	85	8
3768	1097	91	265	366	150	87	8
3769	1133	87	279	393	161	92	7
3770	1150	85	292	392	176	93	9
3771	1143	85	296	401	161	96	5
3772	1116	97	279	372	164	86	4
3773	1113	88	286	366	163	84	6
3774	1145	84	296	389	179	85	2
3775	1132	83	287	372	180	86	4
3776	1122	87	277	378	181	80	11
3777	1132	84	276	374	187	82	6
3778	1128	86	292	381	176	82	5
3779	1136	82	286	396	172	86	5
3780	1140	80	298	384	157	95	6
3781	1123	73	273	387	173	82	4
3782	1108	84	280	370	157	82	1
3783	1104	86	263	355	163	85	7
3784	1102	89	275	361	150	89	7
3785	1112	85	280	379	156	88	4
3786	1140	88	290	389	170	94	4
3787	1120	93	276	363	164	91	9
3788	1145	84	301	386	165	96	7
3789	1118	91	291	374	161	84	9
3790	1114	86	282	375	159	87	12
3791	1117	93	279	374	152	92	10
3792	1111	78	287	368	158	86	9
3793	1109	86	280	368	161	86	7
3794	1128	86	287	381	163	92	3
3795	1140	87	296	382	170	92	4
3796	1151	85	290	381	184	90	4
3797	1155	84	282	393	183	96	8
3798	1158	76	290	385	166	104	13
3799	1136	87	280	384	168	92	8
3800	1129	89	287	367	159	92	8
3801	1157	83	297	398	174	95	5
3802	1153	79	287	389	180	94	6
3803	1120	85	275	370	175	85	9
3804	1116	86	278	377	160	87	4
3805	1136	90	288	381	163	94	5
3806	1125	82	278	386	169	87	3
3807	1128	81	301	393	152	88	8
3808	1127	80	293	370	162	90	8
3809	1107	94	275	356	166	79	4
3810	1111	99	287	351	162	83	5
3811	1107	90	265	350	162	88	5
3812	1121	83	275	384	168	86	7
3813	1132	79	286	396	162	91	9
3814	1136	89	289	372	158	96	8
3815	1088	89	246	371	162	77	7
3816	1087	88	262	368	155	81	5
3817	1108	86	285	372	159	84	8
3818	1135	85	297	387	172	86	7
3819	1148	86	309	390	165	95	7
3820	1142	84	302	382	171	93	5
3821	1154	82	302	384	169	97	6
3822	1160	82	301	387	179	95	9
3823	1130	88	292	381	168	86	10
3824	1142	82	290	381	173	93	14
3825	1135	82	305	372	165	91	10
3826	1113	88	277	373	159	88	7
3827	1114	90	284	376	160	86	7
3828	1106	92	283	356	157	83	9
3829	1157	93	303	370	179	94	10
3830	1151	80	309	373	179	92	8
3831	1118	90	296	352	155	94	5
3832	1122	91	282	365	165	89	4
3833	1117	90	291	373	160	90	6
3834	1153	80	319	394	165	96	5
3835	1140	91	305	384	162	94	3
3836	1133	88	291	379	170	92	7
3837	1110	91	273	369	176	81	5
3838	1106	88	285	370	158	87	6
3839	1092	93	277	364	150	87	5
3840	1120	89	282	385	160	90	5
3841	1095	88	283	357	157	82	4
3842	1107	91	287	370	153	89	8
3843	1110	84	288	382	155	86	7
3844	1127	84	295	390	166	86	4
3845	1150	91	291	394	167	97	5
3846	1155	82	297	393	172	96	9
3847	1147	88	292	377	174	96	6
3848	1122	84	294	373	155	93	8
3849	1122	80	289	377	153	93	8
3850	1142	80	294	396	167	90	6
3851	1151	75	306	391	168	95	7
3852	1145	78	298	383	167	91	9
3853	1125	86	282	371	167	87	11
3854	1113	97	284	373	158	85	7
3855	1091	88	284	369	165	71	6
3856	1126	86	285	394	159	88	9
3857	1125	90	283	388	176	81	8
3858	1162	84	292	415	173	96	8
3859	1129	86	298	389	158	89	6
3860	1127	74	297	391	158	89	9
3861	1131	77	286	392	169	86	5
3862	1119	84	278	375	177	79	3
3863	1119	93	281	370	173	83	3
3864	1124	95	298	372	165	84	3
3865	1109	92	294	362	168	79	5
3866	1112	89	290	368	166	83	6
3867	1115	84	289	367	172	81	11
3868	1114	82	287	386	156	86	14
3869	1125	83	293	370	157	92	7
3870	1125	81	303	385	145	94	5
3871	1120	87	291	372	154	87	6
3872	1142	86	290	367	170	93	7
3873	1156	88	296	394	172	95	7
3874	1119	88	279	385	155	91	5
3875	1145	95	288	398	161	98	7
3876	1140	98	300	373	175	89	8
3877	1130	82	290	377	174	90	11
3878	1116	76	284	376	162	88	6
3879	1138	83	294	386	162	93	4
3880	1118	87	278	381	160	88	8
3881	1100	83	273	371	168	77	9
3882	1127	82	300	381	162	88	9
3883	1111	88	300	353	158	86	10
3884	1105	86	277	381	155	86	10
3885	1106	87	285	379	158	83	5
3886	1147	89	304	386	173	91	5
3887	1146	94	302	378	162	95	3
3888	1114	92	281	365	169	86	6
3889	1086	90	269	358	155	81	6
3890	1151	92	289	390	177	94	4
3891	1135	85	289	400	168	89	6
3892	1121	81	294	381	166	83	7
3893	1155	77	293	394	174	91	5
3894	1114	82	268	365	174	83	8
3895	1097	84	271	376	150	85	7
3896	1135	88	293	380	166	91	8
3897	1138	88	290	389	155	100	5
3898	1137	85	288	388	168	92	4
3899	1116	81	290	365	161	87	10
3900	1146	78	291	389	163	97	10
3901	1131	78	290	390	172	86	7
3902	1144	87	303	377	171	94	9
3903	1143	86	300	380	170	90	9
3904	1143	90	301	376	163	95	2
3905	1096	92	296	375	161	78	5
3906	1101	88	288	372	156	85	9
3907	1116	91	283	374	156	91	6
3908	1152	85	299	386	176	92	5
3909	1100	87	274	371	156	83	5
3910	1091	85	272	368	152	82	6
3911	1107	85	271	379	164	88	10
3912	1127	86	296	381	153	94	8
3913	1117	94	294	390	156	87	3
3914	1103	87	298	372	164	74	6
3915	1111	92	284	370	163	82	3
3916	1135	84	293	375	170	91	6
3917	1118	87	296	383	161	83	4
3918	1136	90	297	394	169	89	6
3919	1133	89	295	379	177	86	10
3920	1130	82	290	382	175	86	5
3921	1185	78	308	416	194	100	6
3922	1136	80	290	393	167	90	8
3923	1120	81	299	381	163	85	4
3924	1157	84	302	393	169	99	5
3925	1139	79	284	398	171	92	3
3926	1111	83	273	375	158	88	5
3927	1080	82	266	378	156	77	6
3928	1126	86	284	383	174	86	5
3929	1137	87	292	380	177	89	8
3930	1119	96	286	379	171	84	7
3931	1176	93	309	403	180	101	5
3932	1148	86	307	377	172	93	7
3933	1113	93	282	377	151	90	6
3934	1138	86	286	391	168	92	7
3935	1111	90	276	368	164	84	6
3936	1138	87	284	368	180	90	6
3937	1133	81	275	377	175	91	7
3938	1131	87	282	388	162	89	5
3939	1110	76	270	376	158	87	6
3940	1126	81	288	375	162	92	4
3941	1113	83	276	380	167	81	4
3942	1104	83	273	372	156	86	3
3943	1102	80	267	359	170	83	2
3944	1133	86	282	368	174	94	8
3945	1134	87	276	369	180	92	5
3946	1162	84	299	397	168	100	5
3947	1152	88	289	376	181	94	4
3948	1155	91	312	392	173	95	6
3949	1139	87	301	387	156	97	6
3950	1134	86	287	371	151	102	6
3951	1148	88	298	381	154	101	7
3952	1120	89	284	364	159	89	10
3953	1108	79	283	367	156	86	10
3954	1150	87	297	368	175	92	8
3955	1146	86	288	387	180	88	7
3956	1127	85	279	372	175	88	7
3957	1125	86	283	371	166	90	8
3958	1145	84	294	385	180	89	4
3959	1130	98	292	370	164	92	5
3960	1111	88	284	371	166	83	3
3961	1123	88	274	392	175	80	9
3962	1113	92	275	384	167	81	8
3963	1148	89	294	382	180	89	10
3964	1129	87	276	369	173	91	4
3965	1113	83	280	374	164	83	9
3966	1120	85	286	383	162	85	9
3967	1096	90	271	363	155	85	7
3968	1131	88	282	384	169	89	8
3969	1121	82	280	379	164	89	11
3970	1108	92	271	383	148	88	5
3971	1154	84	290	413	169	95	5
3972	1129	87	280	412	159	90	5
3973	1118	89	273	387	174	83	9
3974	1137	87	292	375	182	83	12
3975	1140	92	294	376	182	86	5
3976	1101	85	274	379	162	81	9
3977	1158	81	303	390	172	98	10
3978	1154	90	296	373	182	94	8
3979	1154	86	309	387	166	97	10
3980	1130	80	290	368	169	88	9
3981	1115	95	276	381	165	88	8
3982	1117	94	271	387	155	95	6
3983	1128	91	285	382	153	97	6
3984	1128	86	278	390	166	88	10
3985	1150	86	300	388	174	94	10
3986	1136	86	288	384	164	92	5
3987	1140	83	283	392	176	90	15
3988	1142	81	282	389	171	91	9
3989	1166	88	284	405	178	97	6
3990	1118	99	274	379	169	84	8
3991	1104	88	294	367	154	81	6
3992	1122	89	309	369	145	95	4
3993	1150	88	293	391	163	99	10
3994	1148	81	286	387	163	100	10
3995	1166	84	290	403	173	103	6
3996	1149	91	281	402	164	96	10
3997	1122	91	271	383	155	93	9
3998	1117	89	282	375	164	85	8
3999	1132	92	280	367	168	96	5
4000	1146	88	292	380	170	91	11
4001	1167	75	305	381	181	94	6
4002	1153	89	282	396	176	94	3
4003	1138	91	290	385	169	89	1
4004	1125	87	283	381	151	96	5
4005	1110	90	285	370	150	89	11
4006	1112	87	273	364	163	87	9
4007	1127	96	302	375	161	91	9
4008	1142	87	293	386	167	93	9
4009	1105	88	279	371	160	84	7
4010	1144	83	303	393	158	96	5
4011	1137	86	299	393	159	96	4
4012	1143	79	296	396	156	97	4
4013	1103	86	282	391	157	81	8
4014	1140	88	287	396	174	88	8
4015	1160	80	305	390	189	88	7
4016	1142	85	292	383	176	90	6
4017	1155	87	299	384	177	95	4
4018	1143	83	282	378	169	97	5
4019	1142	94	297	381	159	97	4
4020	1173	82	324	398	174	96	2
4021	1131	86	304	370	165	88	8
4022	1133	85	301	378	166	89	8
4023	1122	85	292	373	165	86	7
4024	1102	88	287	366	163	80	6
4025	1118	94	289	373	168	85	6
4026	1110	84	280	387	163	84	8
4027	1098	86	282	375	167	76	9
4028	1147	83	292	395	185	86	8
4029	1170	81	303	395	188	91	3
4030	1152	81	287	405	181	88	6
4031	1117	91	278	379	166	84	10
4032	1142	82	292	386	176	87	8
4033	1118	86	283	367	167	86	10
4034	1132	83	294	376	165	93	9
4035	1137	88	297	372	164	97	7
4036	1130	84	302	369	168	90	2
4037	1124	94	278	372	173	87	3
4038	1126	92	286	390	174	83	4
4039	1136	92	294	377	168	91	4
4040	1106	84	265	378	168	83	5
4041	1134	85	291	383	162	93	5
4042	1107	82	286	370	153	87	7
4043	1127	78	289	379	168	86	4
4044	1141	80	286	393	165	92	5
4045	1131	84	296	365	161	94	3
4046	1106	87	269	362	160	84	4
4047	1170	84	301	390	179	100	1
4048	1141	81	292	400	168	89	2
4049	1152	80	286	393	181	91	2
4050	1168	80	306	401	183	95	4
4051	1099	79	292	366	159	79	12
4052	1132	80	294	399	160	88	10
4053	1123	92	281	377	166	86	4
4054	1135	87	273	365	182	90	5
4055	1153	89	295	385	175	94	6
4056	1138	78	294	380	178	87	11
4057	1153	87	284	390	192	88	5
4058	1140	90	287	396	171	90	6
4059	1128	88	281	389	160	93	10
4060	1125	75	282	398	162	90	11
4061	1119	83	273	399	169	85	8
4062	1128	81	290	385	166	85	4
4063	1152	85	300	399	169	93	7
4064	1148	87	295	377	173	95	7
4065	1121	84	276	386	167	86	8
4066	1139	81	285	386	171	91	9
4067	1143	85	304	374	176	90	11
4068	1137	84	301	376	173	86	12
4069	1115	84	287	368	163	85	6
4070	1149	78	287	382	181	91	9
4071	1166	81	308	405	175	97	2
4072	1177	81	311	400	182	99	3
4073	1137	87	294	387	161	92	5
4074	1128	86	278	381	156	95	7
4075	1132	90	297	383	159	91	6
4076	1128	90	285	389	163	88	4
4077	1090	91	274	365	150	81	3
4078	1101	89	286	357	158	84	4
4079	1102	89	275	366	175	77	4
4080	1146	92	290	379	181	91	3
4081	1149	84	294	397	170	93	8
4082	1161	84	281	412	187	93	6
4083	1130	88	276	370	181	88	5
4084	1131	78	283	380	181	83	8
4085	1146	82	297	394	176	90	3
4086	1142	79	294	401	174	88	3
4087	1130	77	280	386	169	90	5
4088	1117	79	268	388	169	83	6
4089	1136	77	288	392	171	85	5
4090	1125	91	277	388	163	89	7
4091	1145	83	292	390	169	96	5
4092	1128	85	290	384	167	85	5
4093	1099	91	274	354	163	84	5
4094	1109	83	277	368	169	82	11
4095	1126	83	277	388	182	82	6
4096	1114	84	274	379	173	82	3
4097	1140	93	269	387	176	91	7
4098	1152	77	293	376	184	90	7
4099	1125	81	291	369	170	88	4
4100	1121	84	284	373	164	89	5
4101	1102	86	280	366	157	86	5
4102	1125	84	278	386	168	88	4
4103	1157	83	307	382	177	95	5
4104	1138	87	297	394	170	90	5
4105	1149	85	301	391	166	96	8
4106	1150	83	294	382	178	95	5
4107	1116	85	284	382	170	83	2
4108	1136	83	302	383	166	93	1
4109	1144	94	288	390	171	94	4
4110	1138	92	285	383	172	89	6
4111	1116	84	275	383	166	86	8
4112	1112	86	280	388	154	85	4
4113	1145	79	293	405	174	93	4
4114	1143	90	303	385	169	91	3
4115	1121	80	286	377	166	85	6
4116	1100	95	283	369	146	85	8
4117	1103	90	274	378	155	82	7
4118	1150	84	304	386	173	89	5
4119	1155	81	306	392	186	88	5
4120	1156	90	300	394	172	96	5
4121	1121	86	293	362	177	83	8
4122	1149	88	291	389	177	91	5
4123	1133	94	286	387	165	91	4
4124	1116	85	292	372	148	93	6
4125	1118	91	288	368	158	94	3
4126	1110	91	276	384	161	86	4
4127	1089	91	262	362	168	77	3
4128	1156	87	285	397	188	92	3
4129	1174	84	314	386	193	94	4
4130	1144	81	293	376	185	84	7
4131	1116	99	281	364	173	83	8
4132	1126	99	285	376	167	86	4
4133	1134	81	295	383	165	89	5
4134	1123	85	292	370	160	89	8
4135	1119	88	281	391	154	93	6
4136	1150	86	294	393	172	91	6
4137	1131	81	295	383	157	90	6
4138	1096	91	269	364	151	86	10
4139	1103	92	274	364	152	87	14
4140	1112	90	271	400	155	86	11
4141	1076	89	258	373	142	81	6
4142	1112	83	286	391	158	83	3
4143	1122	81	297	389	154	89	8
4144	1094	80	278	380	153	82	6
4145	1081	93	262	368	153	77	3
4146	1110	88	275	380	155	84	4
4147	1143	86	285	385	174	94	9
4148	1119	90	282	362	168	87	6
4149	1108	92	271	364	172	81	8
4150	1135	87	295	370	170	91	10
4151	1133	81	288	381	178	85	8
4152	1136	87	299	370	170	88	10
4153	1154	80	297	399	175	93	5
4154	1122	94	286	373	171	84	4
4155	1157	83	301	393	170	97	5
4156	1118	90	293	381	156	88	9
4157	1108	84	276	374	162	83	11
4158	1133	85	300	382	162	86	3
4159	1157	82	325	375	171	93	2
4160	1123	91	301	373	160	89	4
4161	1152	77	304	395	172	95	2
4162	1111	84	282	371	154	89	11
4163	1097	74	270	368	155	87	5
4164	1128	80	289	374	168	88	8
4165	1117	77	287	374	155	90	7
4166	1116	80	286	379	160	83	5
4167	1093	91	275	362	149	84	4
4168	1089	89	275	359	159	78	5
4169	1126	84	302	383	150	92	3
4170	1159	82	305	392	163	103	5
4171	1138	85	292	383	166	94	3
4172	1127	83	289	381	160	92	5
4173	1172	82	321	385	176	99	6
4174	1175	77	308	393	174	101	6
4175	1142	81	291	377	165	95	7
4176	1163	87	291	402	175	97	12
4177	1122	88	267	375	173	87	10
4178	1149	82	286	382	166	98	12
4179	1134	82	286	379	174	88	8
4180	1143	83	296	390	178	88	13
4181	1143	88	308	389	162	93	8
4182	1127	90	301	369	157	93	7
4183	1127	87	288	372	161	95	5
4184	1110	88	281	375	162	83	9
4185	1130	90	289	380	166	89	10
4186	1130	83	302	380	167	87	6
4187	1134	87	295	379	160	95	5
4188	1118	86	287	375	155	91	2
4189	1119	83	281	377	150	91	3
4190	1125	75	273	394	162	92	4
4191	1084	82	268	372	157	76	5
4192	1094	87	272	380	155	79	3
4193	1114	82	281	370	168	83	4
4194	1153	81	291	373	182	94	4
4195	1109	91	276	369	154	90	6
4196	1140	83	293	392	170	91	6
4197	1146	85	313	390	162	95	8
4198	1134	92	291	387	175	89	10
4199	1106	88	271	368	169	81	7
4200	1105	89	269	381	161	83	8
4201	1116	77	271	381	174	84	15
4202	1133	85	299	375	172	84	7
4203	1166	87	303	390	170	102	10
4204	1112	87	280	370	164	88	7
4205	1176	82	304	405	174	102	7
4206	1146	100	295	378	156	100	6
4207	1154	86	301	384	168	95	3
4208	1121	74	285	379	168	83	5
4209	1118	82	288	385	159	85	4
4210	1107	85	288	372	160	83	6
4211	1122	88	282	378	164	89	5
4212	1089	85	272	368	159	79	6
4213	1086	92	265	368	147	81	8
4214	1119	81	291	376	158	86	8
4215	1140	81	295	388	172	89	8
4216	1111	81	283	370	169	84	6
4217	1128	84	290	379	156	93	6
4218	1147	90	297	395	173	93	5
4219	1129	86	286	382	178	84	5
4220	1129	83	286	377	183	83	4
4221	1156	84	288	405	177	95	6
4222	1157	83	298	391	176	94	4
4223	1147	82	301	378	179	88	6
4224	1135	88	308	369	172	87	4
4225	1122	80	291	374	173	84	8
4226	1150	83	301	385	190	85	9
4227	1138	85	290	375	174	90	8
4228	1117	97	285	370	159	89	4
4229	1126	84	289	373	164	93	12
4230	1123	88	279	369	168	90	7
4231	1115	94	270	375	162	89	6
4232	1147	90	293	379	182	91	3
4233	1132	84	290	380	171	88	9
4234	1137	83	283	387	178	86	8
4235	1140	80	297	384	166	90	7
4236	1124	83	289	359	166	88	9
4237	1143	84	304	372	176	88	5
4238	1122	95	283	372	170	84	6
4239	1075	90	271	352	153	75	10
4240	1125	90	289	371	161	90	7
4241	1102	91	270	368	159	86	9
4242	1123	85	276	366	186	82	9
4243	1134	95	285	383	175	87	1
4244	1111	93	285	366	160	87	2
4245	1122	88	281	382	166	90	4
4246	1110	88	263	382	171	85	3
4247	1138	88	286	371	182	89	4
4248	1118	83	278	376	169	88	4
4249	1134	74	295	393	169	89	8
4250	1139	78	286	383	180	88	11
4251	1118	85	287	367	166	82	12
4252	1116	90	284	356	173	84	9
4253	1070	86	270	356	146	77	5
4254	1090	90	267	371	153	83	4
4255	1110	88	269	378	162	88	8
4256	1132	83	283	374	171	91	11
4257	1146	86	295	385	173	92	6
4258	1132	84	282	397	166	89	6
4259	1156	87	288	408	175	92	4
4260	1151	88	297	401	172	93	2
4261	1131	91	287	381	172	87	9
4262	1112	93	282	369	169	81	9
4263	1115	85	284	369	162	85	8
4264	1152	81	289	383	177	93	2
4265	1125	78	296	381	159	90	6
4266	1152	86	299	397	165	95	5
4267	1133	84	301	375	163	88	3
4268	1113	91	282	361	175	79	4
4269	1092	86	286	368	162	75	3
4270	1121	87	298	350	167	88	3
4271	1100	91	283	370	154	84	3
4272	1135	82	311	381	165	89	4
4273	1138	83	297	384	159	94	2
4274	1157	88	294	393	175	97	5
4275	1144	86	303	387	165	92	3
4276	1128	82	287	391	156	92	4
4277	1111	87	284	364	159	87	7
4278	1114	85	288	372	167	85	8
4279	1115	93	280	363	159	89	7
4280	1091	87	287	358	152	81	7
4281	1111	82	301	368	155	86	5
4282	1119	95	291	362	168	82	8
4283	1083	91	268	360	152	82	7
4284	1135	88	291	369	176	88	7
4285	1117	90	286	378	171	85	12
4286	1146	78	304	379	179	91	10
4287	1147	85	286	389	171	93	10
4288	1132	90	289	380	167	89	4
4289	1129	88	290	364	168	88	5
4290	1110	88	286	370	172	82	5
4291	1122	96	293	378	164	85	11
4292	1146	88	280	394	180	88	7
4293	1126	85	273	386	170	90	8
4294	1131	83	284	379	166	92	7
4295	1125	85	277	391	169	86	8
4296	1119	85	287	375	164	86	9
4297	1092	88	267	358	157	83	7
4298	1119	88	283	373	165	87	8
4299	1138	79	291	393	171	88	5
4300	1150	82	291	402	168	95	7
4301	1135	89	286	385	169	91	11
4302	1122	87	293	375	168	87	12
4303	1150	84	299	396	164	96	11
4304	1179	81	304	410	178	102	9
4305	1136	83	303	395	174	83	8
4306	1151	79	309	383	171	93	5
4307	1144	84	304	385	167	93	9
4308	1147	80	303	380	166	97	9
4309	1141	84	285	389	172	93	3
4310	1145	84	284	388	171	95	2
4311	1153	83	293	383	175	96	9
4312	1122	84	278	363	168	90	9
4313	1133	79	288	368	167	95	6
4314	1121	82	285	375	162	88	6
4315	1124	80	276	372	173	87	8
4316	1123	91	296	369	154	92	6
4317	1105	84	273	356	159	87	6
4318	1106	89	282	343	165	84	9
4319	1102	94	275	359	159	86	5
4320	1149	79	296	403	174	90	7
4321	1135	85	299	384	169	90	7
4322	1143	80	291	409	168	94	4
4323	1122	88	297	387	161	89	5
4324	1113	93	280	371	176	81	6
4325	1128	91	274	379	175	88	8
4326	1137	83	287	385	175	88	8
4327	1138	86	294	392	166	91	4
4328	1138	76	296	375	159	97	0
4329	1135	82	299	377	172	91	3
4330	1149	92	298	382	173	93	5
4331	1149	84	308	381	174	92	7
4332	1119	86	286	374	162	91	7
4333	1127	92	283	385	162	92	5
4334	1138	97	296	393	163	90	3
4335	1140	88	297	388	164	91	1
4336	1141	82	291	387	164	91	3
4337	1129	84	289	382	162	90	5
4338	1134	81	288	396	160	93	8
4339	1139	88	292	378	163	92	8
4340	1090	84	268	365	151	83	3
4341	1081	85	261	364	159	79	7
4342	1109	85	287	364	155	85	10
4343	1111	95	280	369	168	80	5
4344	1145	85	309	388	168	91	5
4345	1115	90	297	366	154	86	8
4346	1123	91	306	350	165	87	8
4347	1137	81	292	370	176	87	8
4348	1098	89	287	352	152	83	7
4349	1134	83	300	378	160	91	6
4350	1098	82	290	353	159	80	8
4351	1106	86	294	356	155	84	9
4352	1079	81	275	357	159	74	7
4353	1122	83	280	378	172	83	6
4354	1102	91	280	376	153	88	4
4355	1165	91	299	393	179	98	5
4356	1142	85	291	385	170	92	5
4357	1134	88	278	387	173	89	6
4358	1105	93	286	367	148	90	10
4359	1110	94	283	373	144	91	8
4360	1149	85	291	405	164	95	6
4361	1138	84	286	394	167	91	6
4362	1136	74	305	384	162	91	8
4363	1129	84	295	381	164	90	5
4364	1125	86	283	390	163	87	5
4365	1114	89	296	378	148	87	6
4366	1121	85	281	373	161	88	7
4367	1137	86	305	365	157	96	7
4368	1130	81	301	379	165	91	10
4369	1155	85	294	380	175	99	3
4370	1137	76	278	382	171	94	6
4371	1140	89	292	388	165	93	9
4372	1137	85	287	398	165	91	4
4373	1146	90	295	392	168	91	4
4374	1149	80	309	386	178	87	4
4375	1134	84	304	372	163	92	3
4376	1144	76	309	388	165	92	8
4377	1156	87	307	390	178	94	8
4378	1136	82	286	381	176	89	9
4379	1150	92	292	386	171	96	5
4380	1160	88	290	403	174	100	3
4381	1126	85	284	368	162	93	4
4382	1118	83	282	353	161	92	7
4383	1112	88	285	369	152	90	3
4384	1113	94	275	372	153	89	10
4385	1089	100	272	358	151	83	5
4386	1109	87	293	352	157	88	7
4387	1097	99	279	350	154	85	13
4388	1133	87	305	369	161	93	7
4389	1125	93	299	377	157	91	4
4390	1137	89	297	373	164	95	2
4391	1145	79	289	388	178	92	5
4392	1150	85	294	396	165	96	4
4393	1138	83	287	386	172	91	6
4394	1106	88	271	376	168	80	3
4395	1088	87	269	357	165	78	4
4396	1133	91	297	363	176	89	6
4397	1127	87	305	377	167	86	2
4398	1143	87	293	387	174	90	1
4399	1125	84	281	393	174	82	3
4400	1099	89	278	373	166	78	3
4401	1111	90	279	389	161	84	4
4402	1119	92	287	384	164	85	3
4403	1128	89	296	380	167	89	6
4404	1112	85	290	383	164	84	6
4405	1140	86	298	384	175	89	10
4406	1153	83	303	392	171	92	8
4407	1140	87	293	394	172	89	5
4408	1162	81	304	402	169	97	8
4409	1138	85	310	390	159	92	7
4410	1105	89	274	374	162	84	6
4411	1115	81	288	377	159	87	6
4412	1132	76	297	383	172	83	7
4413	1119	80	274	369	167	89	8
4414	1083	75	259	373	149	85	10
4415	1104	81	265	374	164	85	10
4416	1113	85	280	376	158	87	10
4417	1122	88	287	371	163	88	6
4418	1105	86	269	381	162	83	4
4419	1080	80	260	374	156	76	9
4420	1120	83	274	387	166	85	11
4421	1119	84	287	391	159	85	8
4422	1116	89	283	362	168	84	9
4423	1165	98	300	374	180	94	4
4424	1119	100	289	368	153	91	5
4425	1138	85	293	395	153	96	4
4426	1094	85	290	367	142	86	5
4427	1096	80	286	365	152	82	9
4428	1118	82	288	368	162	90	9
4429	1135	81	284	390	177	87	5
4430	1107	81	273	372	169	80	9
4431	1115	78	269	387	167	80	7
4432	1117	88	275	373	168	83	7
4433	1101	80	287	369	161	78	8
4434	1128	81	289	387	168	87	6
4435	1116	84	280	384	169	84	7
4436	1160	78	299	412	181	91	4
4437	1132	82	284	382	167	91	10
4438	1113	90	281	378	160	84	9
4439	1117	91	287	371	159	86	13
4440	1093	86	275	381	149	82	11
4441	1102	85	290	358	159	83	4
4442	1092	87	282	357	158	83	6
4443	1089	99	272	361	148	85	5
4444	1102	87	289	368	163	79	3
4445	1109	79	293	382	155	83	5
4446	1145	82	299	390	171	90	4
4447	1154	85	295	402	180	90	5
4448	1136	82	284	389	170	91	4
4449	1108	80	282	372	159	84	8
4450	1133	81	295	363	169	91	8
4451	1147	85	304	385	170	93	10
4452	1136	84	294	391	162	95	9
4453	1133	84	282	388	172	91	6
4454	1120	85	292	381	163	90	4
4455	1151	85	320	382	159	98	4
4456	1125	86	288	370	156	95	4
4457	1108	91	287	370	151	87	5
4458	1090	87	265	361	157	84	6
4459	1116	91	273	386	162	88	4
4460	1134	94	290	387	163	93	7
4461	1150	81	295	391	169	95	14
4462	1112	79	288	385	158	84	7
4463	1115	80	287	378	164	85	14
4464	1118	85	277	380	167	87	11
4465	1128	92	290	376	166	89	4
4466	1132	92	280	368	167	94	2
4467	1133	90	293	369	171	90	5
4468	1171	87	297	391	175	100	3
4469	1144	92	300	383	169	92	7
4470	1108	88	282	369	169	81	7
4471	1115	86	283	393	155	86	3
4472	1125	85	293	381	160	89	5
4473	1143	83	301	381	171	96	8
4474	1102	93	274	360	163	85	8
4475	1098	85	284	377	152	83	7
4476	1134	91	289	373	170	91	7
4477	1112	90	276	383	166	83	4
4478	1152	91	298	391	174	94	10
4479	1138	88	305	378	166	90	7
4480	1110	90	281	391	156	83	6
4481	1149	81	300	391	169	97	6
4482	1118	87	282	384	160	88	7
4483	1152	84	285	386	191	88	8
4484	1140	90	285	383	178	88	9
4485	1119	92	292	378	156	85	6
4486	1114	92	295	382	160	83	7
4487	1144	86	294	394	172	93	4
4488	1138	92	288	393	175	85	5
4489	1106	96	290	371	156	83	6
4490	1117	84	294	371	148	94	4
4491	1139	88	297	386	169	91	6
4492	1121	89	299	373	160	87	3
4493	1089	87	280	375	163	74	5
4494	1147	80	289	379	176	96	9
4495	1131	86	299	385	172	88	6
4496	1127	92	293	381	162	88	8
4497	1143	88	302	381	173	90	7
4498	1105	99	282	360	156	90	3
4499	1136	90	294	386	170	87	2
4500	1098	95	283	356	164	82	10
4501	1116	90	286	368	165	86	8
4502	1111	91	288	373	160	83	5
4503	1119	86	301	365	169	82	2
4504	1119	85	282	362	163	90	5
4505	1110	80	279	370	167	79	6
4506	1124	87	294	379	159	89	4
4507	1140	88	307	370	164	95	5
4508	1110	95	284	369	155	86	10
4509	1119	92	288	370	168	83	12
4510	1134	82	294	381	167	90	8
4511	1105	91	273	376	157	87	7
4512	1124	96	277	380	179	81	3
4513	1134	95	292	379	169	90	4
4514	1138	91	292	384	173	91	3
4515	1108	88	283	365	165	85	6
4516	1133	81	303	370	167	90	7
4517	1160	84	296	398	177	95	5
4518	1116	81	280	378	163	86	5
4519	1152	81	289	398	177	93	3
4520	1142	80	294	399	160	94	5
4521	1139	79	299	373	167	91	7
4522	1132	86	310	385	159	92	6
4523	1117	83	297	381	156	85	6
4524	1121	85	294	376	162	84	5
4525	1120	86	301	372	166	85	6
4526	1154	89	296	390	184	90	6
4527	1127	93	296	375	169	86	10
4528	1113	87	281	374	173	79	9
4529	1104	97	275	384	167	76	7
4530	1117	90	267	390	169	81	12
4531	1081	99	265	359	158	74	11
4532	1112	90	284	365	161	87	5
4533	1102	91	289	373	157	79	7
4534	1125	89	287	377	164	86	11
4535	1106	86	290	368	146	87	11
4536	1095	85	285	367	144	84	8
4537	1115	80	295	370	161	86	9
4538	1115	86	283	380	159	89	5
4539	1118	90	286	381	166	84	8
4540	1108	84	288	372	153	86	5
4541	1132	81	292	383	168	89	3
4542	1116	87	295	376	158	85	7
4543	1114	87	281	381	168	82	9
4544	1138	88	284	386	179	85	10
4545	1129	81	292	383	158	90	6
4546	1098	91	270	373	160	81	6
4547	1121	97	268	373	177	83	5
4548	1173	88	296	402	183	96	4
4549	1146	88	280	401	170	95	4
4550	1146	83	297	393	166	93	4
4551	1134	85	293	383	156	95	7
4552	1105	77	283	371	158	84	4
4553	1088	84	264	361	167	79	4
4554	1103	77	282	366	169	82	6
4555	1135	81	288	380	178	87	9
4556	1133	81	298	374	166	94	4
4557	1135	82	293	387	167	90	3
4558	1136	89	289	396	161	93	2
4559	1131	88	297	387	162	91	4
4560	1097	77	291	365	158	76	8
4561	1119	77	296	383	155	89	10
4562	1118	86	288	370	156	91	9
4563	1133	86	291	385	161	95	7
4564	1155	86	296	390	163	102	6
4565	1143	85	291	389	165	96	6
4566	1114	83	278	369	151	93	12
4567	1142	76	296	390	167	94	4
4568	1158	88	308	379	175	98	4
4569	1120	88	294	371	153	91	4
4570	1086	84	286	368	150	79	4
4571	1111	90	293	364	172	77	5
4572	1112	97	299	354	159	85	7
4573	1084	81	277	365	147	80	10
4574	1138	78	296	389	169	92	8
4575	1147	78	299	395	167	95	6
4576	1127	81	288	381	158	94	4
4577	1126	90	276	384	172	86	6
4578	1122	83	275	400	168	82	2
4579	1129	79	283	395	165	85	8
4580	1097	77	275	378	151	87	14
4581	1164	82	299	403	178	96	7
4582	1144	85	312	393	158	95	4
4583	1146	89	306	389	170	89	5
4584	1128	93	291	377	166	87	4
4585	1126	89	290	379	168	87	3
4586	1128	84	279	385	170	89	8
4587	1156	80	303	400	160	99	12
4588	1153	82	313	398	162	95	4
4589	1114	87	292	383	156	86	4
4590	1098	88	272	379	169	80	5
4591	1105	89	276	384	167	78	5
4592	1123	90	283	367	174	86	7
4593	1121	89	298	380	168	79	7
4594	1130	79	285	380	184	80	8
4595	1109	80	284	388	163	83	7
4596	1174	81	314	404	176	96	5
4597	1163	77	322	402	171	95	6
4598	1133	83	304	385	168	85	2
4599	1151	81	297	391	176	89	5
4600	1129	81	283	388	167	89	5
4601	1162	81	307	399	180	91	6
4602	1122	81	294	375	163	90	7
4603	1140	87	297	375	169	90	7
4604	1128	81	301	357	165	92	7
4605	1107	86	285	367	152	89	7
4606	1123	94	299	379	156	91	7
4607	1134	89	290	388	169	90	5
4608	1088	95	263	371	161	80	7
4609	1134	86	293	378	159	97	7
4610	1123	84	297	383	160	85	5
4611	1117	89	280	377	154	86	5
4612	1110	95	275	365	156	88	9
4613	1143	90	298	378	182	90	5
4614	1124	91	280	384	173	83	5
4615	1118	96	266	386	171	86	5
4616	1102	93	271	372	165	79	2
4617	1137	77	287	389	171	89	7
4618	1127	90	273	367	171	89	6
4619	1141	76	290	383	164	91	9
4620	1142	90	300	383	168	91	7
4621	1132	92	297	387	163	93	4
4622	1133	89	310	379	162	89	7
4623	1131	90	297	368	169	89	5
4624	1118	81	292	387	156	85	8
4625	1112	96	278	376	157	86	5
4626	1146	84	300	387	163	97	5
4627	1129	91	273	391	163	90	7
4628	1104	81	280	373	149	89	9
4629	1129	90	284	384	160	95	8
4630	1116	87	300	377	161	83	7
4631	1111	95	284	368	161	87	9
4632	1150	95	291	393	170	94	5
4633	1119	86	273	392	165	85	5
4634	1124	90	279	383	170	88	8
4635	1140	92	293	375	172	93	10
4636	1146	91	304	385	171	91	6
4637	1159	89	308	382	177	94	8
4638	1162	87	291	393	181	97	4
4639	1130	80	289	376	163	94	7
4640	1149	88	307	376	169	95	5
4641	1131	89	304	380	160	91	10
4642	1116	83	286	383	172	80	6
4643	1143	90	286	400	182	91	3
4644	1110	91	260	382	170	87	5
4645	1144	98	280	392	165	94	5
4646	1138	90	299	370	167	93	7
4647	1149	87	302	378	171	94	6
4648	1150	82	316	386	164	95	4
4649	1152	84	308	386	176	90	5
4650	1157	81	298	394	179	91	5
4651	1140	88	288	381	185	82	3
4652	1169	80	313	389	185	94	3
4653	1122	82	293	385	164	86	7
4654	1143	85	294	385	167	98	11
4655	1119	87	276	378	165	87	12
4656	1130	79	289	396	160	91	8
4657	1136	78	288	392	172	88	9
4658	1103	91	287	363	158	83	7
4659	1122	94	290	361	164	91	6
4660	1101	90	293	360	155	85	4
4661	1130	82	291	383	170	87	9
4662	1119	82	293	382	165	84	12
4663	1154	80	294	389	180	92	5
4664	1149	77	300	402	171	90	5
4665	1144	83	291	395	177	89	7
4666	1128	82	285	377	176	85	7
4667	1115	81	280	384	163	87	6
4668	1101	77	276	391	161	81	6
4669	1130	88	287	376	164	91	8
4670	1118	90	279	375	172	83	5
4671	1102	97	274	359	165	83	2
4672	1120	82	290	370	165	89	6
4673	1123	89	284	385	165	86	3
4674	1113	82	295	363	164	84	6
4675	1163	84	313	399	174	97	6
4676	1146	84	284	405	178	91	11
4677	1112	87	286	369	166	84	9
4678	1095	84	288	357	154	84	11
4679	1137	86	299	386	171	86	5
4680	1150	89	303	397	169	95	4
4681	1143	82	279	396	177	92	12
4682	1136	85	278	402	177	86	8
4683	1154	87	283	398	182	91	8
4684	1129	82	282	370	171	91	9
4685	1138	74	295	376	174	88	10
4686	1153	81	291	392	184	91	9
4687	1151	83	288	379	183	95	6
4688	1145	83	302	377	175	89	7
4689	1128	84	295	384	161	93	3
4690	1112	84	273	380	158	87	5
4691	1106	89	284	362	162	82	3
4692	1081	91	280	355	148	76	5
4693	1105	76	292	368	150	84	5
4694	1116	81	276	379	178	81	5
4695	1153	84	300	387	185	86	9
4696	1146	83	304	389	172	92	8
4697	1150	82	305	383	161	99	11
4698	1138	85	301	392	158	93	9
4699	1115	84	283	382	158	86	3
4700	1108	90	286	369	160	81	5
4701	1149	85	298	386	161	98	6
4702	1162	89	300	407	174	95	5
4703	1113	86	280	392	158	86	6
4704	1125	86	307	378	146	97	4
4705	1111	95	285	364	156	91	7
4706	1121	81	295	372	163	88	9
4707	1109	90	271	368	161	87	8
4708	1147	86	297	384	176	93	5
4709	1112	78	268	376	164	87	4
4710	1127	84	284	379	169	89	7
4711	1121	77	284	380	170	87	9
4712	1110	88	274	373	166	82	8
4713	1131	90	278	380	166	93	11
4714	1119	79	283	362	163	93	10
4715	1104	89	291	356	148	90	12
4716	1130	85	287	366	161	97	5
4717	1134	89	290	385	163	95	5
4718	1134	83	294	392	162	90	6
4719	1143	84	301	368	182	87	10
4720	1120	85	286	359	169	87	13
4721	1113	87	288	368	166	81	8
4722	1141	87	304	381	160	96	6
4723	1133	88	291	376	168	87	7
4724	1123	84	274	371	164	90	12
4725	1135	86	286	374	164	93	7
4726	1123	84	296	376	160	89	7
4727	1134	90	294	376	162	94	10
4728	1108	89	287	360	158	86	9
4729	1107	84	281	367	161	86	10
4730	1116	86	278	386	169	82	9
4731	1115	91	286	387	165	85	9
4732	1100	85	276	376	167	80	6
4733	1113	79	279	383	158	92	9
4734	1146	88	296	386	175	89	11
4735	1144	89	295	388	175	89	6
4736	1149	87	290	390	181	91	6
4737	1102	78	268	379	169	77	7
4738	1136	82	297	377	168	89	7
4739	1153	84	309	377	169	96	5
4740	1137	94	297	372	169	94	4
4741	1118	90	277	375	166	86	3
4742	1125	84	294	378	174	84	7
4743	1080	100	267	352	146	84	5
4744	1114	87	274	380	164	85	9
4745	1102	80	274	367	159	84	9
4746	1096	85	271	376	158	78	6
4747	1109	86	276	373	163	84	5
4748	1123	89	279	380	167	88	5
4749	1098	84	275	353	163	83	10
4750	1120	86	284	376	169	87	7
4751	1084	87	280	377	144	78	10
4752	1103	98	277	369	157	84	11
4753	1126	94	288	381	167	87	3
4754	1117	83	282	369	168	87	9
4755	1146	76	302	372	174	91	3
4756	1147	80	292	394	180	86	5
4757	1137	89	291	388	177	87	4
4758	1161	90	305	394	168	101	2
4759	1138	83	308	382	154	97	5
4760	1085	84	273	366	148	82	5
4761	1107	87	271	378	157	88	5
4762	1101	83	270	361	166	78	6
4763	1128	84	297	362	169	89	9
4764	1151	84	308	365	176	95	10
4765	1132	92	283	389	158	96	5
4766	1135	89	283	383	173	91	6
4767	1139	80	296	389	163	94	7
4768	1128	87	282	385	159	94	7
4769	1139	91	290	388	163	95	9
4770	1100	92	281	362	151	86	9
4771	1141	97	282	398	170	94	8
4772	1133	92	296	381	172	86	9
4773	1090	92	280	362	155	82	7
4774	1116	89	298	370	162	86	4
4775	1094	83	285	371	153	81	1
4776	1107	91	280	364	159	84	6
4777	1126	90	284	389	165	89	5
4778	1139	87	283	390	163	93	4
4779	1128	84	293	392	157	87	4
4780	1137	91	284	373	165	97	5
4781	1153	78	292	386	179	94	6
4782	1125	86	264	377	181	83	7
4783	1125	89	269	366	179	87	9
4784	1120	86	261	374	169	88	10
4785	1105	91	268	366	168	83	6
4786	1145	83	296	391	166	94	7
4787	1150	88	295	385	163	98	7
4788	1135	83	301	374	166	91	9
4789	1145	94	296	374	169	94	7
4790	1133	85	285	381	171	86	8
4791	1138	88	290	376	178	87	6
4792	1096	91	284	353	153	86	4
4793	1128	85	289	370	171	90	7
4794	1101	91	278	363	164	83	7
4795	1142	84	295	400	172	89	8
4796	1122	97	282	383	160	90	9
4797	1124	87	280	386	164	91	11
4798	1123	93	294	389	161	87	9
4799	1131	91	297	390	172	86	4
4800	1166	87	286	404	195	90	10
4801	1151	89	300	393	169	96	7
4802	1122	89	290	378	156	90	10
4803	1147	87	288	383	176	97	11
4804	1138	93	293	376	174	95	12
4805	1119	101	288	368	165	86	10
4806	1113	93	273	371	160	88	8
4807	1119	91	284	375	157	91	9
4808	1146	84	288	385	167	92	7
4809	1136	80	278	386	176	87	10
4810	1157	79	291	410	167	96	5
4811	1146	86	292	396	169	92	6
4812	1127	91	283	370	157	96	11
4813	1090	81	270	368	149	83	11
4814	1089	81	275	360	152	83	12
4815	1137	82	292	380	169	89	7
4816	1127	89	270	380	176	87	10
4817	1114	81	279	370	169	83	9
4818	1092	90	262	382	162	77	9
4819	1108	85	279	371	153	88	11
4820	1121	84	281	391	151	93	8
4821	1111	87	282	363	150	91	5
4822	1115	89	275	361	151	95	5
4823	1100	86	278	351	157	86	13
4824	1094	86	268	361	165	80	14
4825	1108	85	281	384	153	85	6
4826	1130	89	289	399	154	94	11
4827	1147	85	300	413	160	96	5
4828	1135	82	292	392	167	88	7
4829	1126	89	290	375	162	88	6
4830	1142	81	301	389	155	98	3
4831	1134	84	294	383	153	94	0
4832	1150	84	307	392	161	96	3
4833	1111	89	286	387	154	85	8
4834	1117	88	289	376	155	89	10
4835	1084	89	285	346	143	82	8
4836	1108	91	284	360	154	87	6
4837	1091	80	272	366	146	85	6
4838	1127	81	282	384	172	86	10
4839	1114	89	280	393	156	87	8
4840	1146	82	294	398	178	88	3
4841	1125	87	289	378	145	97	4
4842	1134	99	290	373	174	89	3
4843	1144	86	306	382	171	89	5
4844	1096	96	274	354	163	81	4
4845	1110	90	281	365	156	86	7
4846	1133	90	289	372	166	90	6
4847	1105	84	280	374	146	90	8
4848	1157	81	293	404	168	96	3
4849	1131	97	283	381	156	93	3
4850	1111	88	272	377	165	86	5
4851	1099	92	276	366	162	78	5
4852	1133	80	291	391	158	93	7
4853	1143	84	295	394	165	92	10
4854	1165	78	315	396	175	94	8
4855	1153	83	311	401	160	96	4
4856	1096	89	290	370	153	81	5
4857	1109	91	283	369	165	80	6
4858	1150	89	297	400	172	90	2
4859	1151	83	300	390	167	94	5
4860	1121	85	299	377	166	83	4
4861	1127	79	294	379	169	87	8
4862	1151	83	305	388	169	96	7
4863	1116	93	278	389	168	81	7
4864	1134	94	294	378	174	86	8
4865	1153	88	295	398	185	85	7
4866	1126	87	283	391	161	90	10
4867	1125	87	292	393	152	92	7
4868	1118	80	275	385	163	87	6
4869	1122	81	292	378	158	89	9
4870	1139	79	292	381	184	86	8
4871	1140	82	289	389	179	87	5
4872	1110	87	275	366	178	79	5
4873	1115	77	281	383	158	89	9
4874	1105	85	269	378	155	84	11
4875	1095	89	292	357	152	84	12
4876	1115	86	287	360	164	86	9
4877	1133	87	287	385	161	92	4
4878	1108	85	277	393	159	85	5
4879	1142	80	290	389	180	87	5
4880	1126	85	274	378	176	88	3
4881	1074	86	266	345	161	73	4
4882	1078	83	255	363	157	79	10
4883	1116	82	287	374	159	85	9
4884	1112	87	285	377	158	84	6
4885	1112	87	281	383	162	84	7
4886	1126	78	297	377	161	91	6
4887	1111	78	269	373	164	85	8
4888	1150	82	293	386	178	93	8
4889	1119	82	291	373	164	86	1
4890	1109	80	286	383	153	84	6
4891	1116	85	286	364	168	83	5
4892	1111	83	284	364	152	93	7
4893	1123	87	284	379	161	91	7
4894	1127	82	284	384	147	98	9
4895	1143	84	291	396	161	96	8
4896	1134	84	301	391	153	92	7
4897	1142	78	295	395	165	88	7
4898	1110	81	291	381	158	85	8
4899	1128	90	285	375	168	88	8
4900	1141	82	287	383	167	97	7
4901	1168	71	298	396	181	97	6
4902	1150	83	289	400	172	93	8
4903	1144	89	287	381	177	88	7
4904	1131	92	290	380	179	84	8
4905	1122	97	276	373	173	81	6
4906	1125	90	276	365	165	90	3
4907	1140	87	291	374	164	93	8
4908	1124	85	290	368	164	91	7
4909	1147	79	314	400	159	90	6
4910	1136	93	289	385	164	93	7
4911	1158	82	311	393	175	95	8
4912	1126	81	288	377	175	84	15
4913	1129	86	298	389	170	84	8
4914	1129	86	289	380	170	85	13
4915	1138	83	288	366	177	87	6
4916	1141	97	288	365	174	92	8
4917	1124	90	288	364	171	86	4
4918	1107	88	277	355	155	87	6
4919	1127	88	287	368	157	94	6
4920	1106	94	269	362	156	90	5
4921	1124	82	284	367	160	91	7
4922	1120	81	281	380	162	87	6
4923	1132	80	301	384	177	83	5
4924	1144	83	295	387	177	89	4
4925	1167	82	299	398	172	100	3
4926	1136	96	294	382	163	93	4
4927	1127	93	296	375	166	87	6
4928	1118	99	290	355	164	89	6
4929	1087	95	282	358	145	82	4
4930	1142	86	305	376	164	92	5
4931	1111	90	300	363	154	86	5
4932	1140	93	308	382	172	90	6
4933	1143	89	314	381	170	91	13
4934	1137	84	292	393	160	93	5
4935	1132	79	283	388	163	92	5
4936	1101	79	266	379	154	85	8
4937	1134	88	295	376	164	88	7
4938	1128	85	282	381	172	87	8
4939	1116	83	273	368	170	88	6
4940	1146	85	288	397	175	91	3
4941	1136	86	289	384	167	89	5
4942	1145	88	290	393	175	93	10
4943	1152	84	298	392	180	92	10
4944	1160	80	305	403	174	96	5
4945	1141	81	284	397	169	90	9
4946	1148	76	286	391	166	98	6
4947	1099	90	271	359	155	85	3
4948	1128	95	271	379	177	85	6
4949	1116	93	260	375	175	86	5
4950	1129	82	278	385	171	88	6
4951	1140	77	298	389	168	92	8
4952	1147	81	295	397	176	88	11
4953	1120	82	300	377	161	86	5
4954	1112	86	290	375	160	84	10
4955	1100	85	286	369	153	83	6
4956	1096	83	271	363	167	80	6
4957	1137	83	284	374	172	92	3
4958	1129	86	287	383	165	88	8
4959	1112	92	278	369	160	86	9
4960	1159	85	314	390	169	100	7
4961	1121	84	293	389	157	89	9
4962	1134	88	290	398	167	90	5
4963	1129	88	293	395	158	93	13
4964	1095	91	273	375	152	82	7
4965	1088	98	287	343	148	85	13
4966	1083	97	283	353	147	78	10
4967	1121	87	288	375	175	81	4
4968	1116	87	289	367	172	81	10
4969	1110	91	292	359	161	81	12
4970	1107	77	288	367	156	82	6
4971	1134	75	298	384	167	87	2
4972	1100	85	282	357	157	82	7
4973	1100	80	276	374	147	90	8
4974	1109	82	291	375	155	84	6
4975	1128	87	292	371	175	86	6
4976	1145	92	275	394	175	90	7
4977	1112	93	268	380	165	82	5
4978	1099	90	265	373	162	82	8
4979	1141	86	298	387	169	93	10
4980	1137	81	297	390	166	94	8
4981	1131	93	294	397	165	87	9
4982	1154	85	294	391	169	100	8
4983	1137	87	293	394	164	92	6
4984	1125	89	285	378	173	82	5
4985	1142	78	302	379	175	90	9
4986	1141	85	294	389	159	94	12
4987	1132	89	282	393	159	94	11
4988	1120	88	292	375	158	90	10
4989	1117	82	303	376	150	91	7
4990	1109	79	290	376	153	87	10
4991	1124	90	294	365	155	93	7
4992	1110	85	281	375	159	84	5
4993	1113	95	282	376	154	88	7
4994	1107	89	290	355	159	85	7
4995	1135	86	288	368	171	89	6
4996	1105	86	291	366	156	84	9
4997	1120	85	290	372	164	87	5
4998	1137	83	297	387	158	91	4
4999	1140	85	304	380	160	91	7
5000	1140	86	299	386	167	91	8
5001	1142	82	282	392	171	97	10
5002	1135	83	300	386	164	93	6
5003	1096	88	279	347	162	84	6
5004	1087	90	278	367	158	78	3
5005	1124	81	279	383	168	85	9
5006	1154	86	297	387	184	90	7
5007	1122	83	287	386	164	84	9
5008	1120	87	281	388	169	83	10
5009	1095	87	268	370	158	82	13
5010	1119	78	288	371	161	88	7
5011	1101	92	282	371	156	84	9
5012	1122	93	278	381	166	89	7
5013	1082	88	266	356	157	80	6
5014	1113	96	282	373	158	90	8
5015	1123	92	275	385	160	91	4
5016	1116	78	278	394	157	89	12
5017	1140	92	285	377	169	95	7
5018	1130	98	285	369	164	92	11
5019	1149	103	295	374	177	94	7
5020	1132	88	295	375	164	91	10
5021	1113	94	281	366	166	82	6
5022	1144	86	296	394	172	88	7
5023	1090	95	276	368	156	79	9
5024	1115	87	291	364	158	86	4
5025	1131	84	293	386	160	93	1
5026	1143	90	302	389	170	90	4
5027	1129	86	280	390	176	85	6
5028	1129	89	293	394	168	88	10
5029	1128	92	289	369	174	86	14
5030	1111	93	287	367	158	86	9
5031	1139	85	299	377	166	93	8
5032	1115	79	288	371	155	89	10
5033	1099	80	277	365	162	81	9
5034	1124	92	282	380	167	87	6
5035	1114	81	284	376	164	83	7
5036	1141	86	290	391	172	88	6
5037	1132	88	289	381	172	88	10
5038	1153	87	302	370	180	90	6
5039	1138	91	285	374	178	87	9
5040	1078	83	267	367	149	76	9
5041	1098	83	277	370	157	82	13
5042	1118	88	301	362	154	86	7
5043	1116	84	300	372	156	84	9
5044	1098	88	283	358	165	80	8
5045	1119	85	289	373	158	89	7
5046	1087	90	268	362	159	79	9
5047	1123	91	278	377	174	86	6
5048	1101	89	259	384	160	82	7
5049	1124	89	280	388	163	90	6
5050	1154	85	296	397	174	94	7
5051	1162	72	306	404	185	90	6
5052	1151	77	292	401	190	83	5
5053	1153	73	299	395	188	82	8
5054	1126	84	276	380	177	84	6
5055	1129	82	280	391	170	85	2
5056	1128	92	287	372	168	89	4
5057	1143	89	296	387	169	93	7
5058	1158	85	305	384	179	94	8
5059	1135	85	300	369	165	85	6
5060	1120	90	287	377	172	82	9
5061	1134	88	289	380	172	90	7
5062	1139	90	298	379	161	96	6
5063	1147	78	297	391	171	95	3
5064	1136	80	293	391	164	91	4
5065	1108	82	281	384	152	87	2
5066	1115	90	273	376	163	86	8
5067	1167	86	302	401	179	98	9
5068	1151	85	286	388	178	95	7
5069	1143	77	288	402	179	87	5
5070	1132	90	274	394	180	86	2
5071	1142	80	291	393	169	93	5
5072	1124	90	282	382	166	85	2
5073	1132	84	280	376	173	86	7
5074	1121	82	286	384	171	82	5
5075	1109	84	273	385	161	83	5
5076	1101	81	278	389	158	80	3
5077	1133	74	294	391	170	85	2
5078	1140	84	302	387	166	87	4
5079	1095	79	277	372	162	75	5
5080	1115	92	292	359	156	87	5
5081	1123	87	291	372	170	87	7
5082	1093	78	278	367	165	76	9
5083	1131	76	274	372	183	84	8
5084	1119	88	279	365	165	89	7
5085	1129	93	284	377	166	88	8
5086	1115	93	277	370	171	80	2
5087	1106	91	277	364	164	82	4
5088	1130	78	282	396	165	86	6
5089	1114	82	275	399	157	84	4
5090	1096	97	277	362	155	82	11
5091	1103	94	267	366	168	81	9
5092	1135	85	288	365	174	88	8
5093	1122	88	304	358	155	91	10
5094	1139	87	301	366	168	91	9
5095	1135	82	297	374	172	88	5
5096	1151	83	303	386	174	93	5
5097	1129	83	291	383	166	91	7
5098	1121	86	293	365	165	90	6
5099	1119	82	282	365	166	86	7
5100	1103	92	276	360	159	86	3
5101	1110	84	282	366	159	84	4
5102	1166	84	300	410	168	100	3
5103	1142	79	296	399	165	92	9
5104	1126	87	288	377	162	90	7
5105	1139	81	292	381	169	91	5
5106	1149	89	304	378	170	94	5
5107	1116	89	286	360	158	91	7
5108	1130	89	304	374	163	93	7
5109	1100	95	272	356	159	82	7
5110	1130	91	285	385	173	84	5
5111	1127	87	300	375	164	88	4
5112	1151	88	299	401	178	89	5
5113	1157	89	297	399	177	93	7
5114	1113	84	276	384	165	83	5
5115	1108	81	287	375	159	86	6
5116	1138	80	305	403	152	97	5
5117	1136	83	296	388	153	96	8
5118	1137	86	303	370	166	95	10
5119	1121	86	293	373	163	88	9
5120	1116	90	284	367	157	92	8
5121	1086	81	274	362	151	83	6
5122	1114	80	281	381	156	87	7
5123	1120	83	283	386	154	90	7
5124	1122	95	285	380	158	89	8
5125	1098	90	273	364	162	82	6
5126	1149	80	291	380	182	89	7
5127	1127	77	292	384	168	85	6
5128	1163	81	307	398	173	96	9
5129	1127	86	293	372	164	90	8
5130	1140	88	296	372	170	93	7
5131	1097	94	274	365	157	79	12
5132	1097	87	265	378	160	79	13
5133	1160	82	296	398	183	93	11
5134	1138	89	294	376	172	88	2
5135	1106	87	267	369	162	86	6
5136	1108	86	275	373	160	84	6
5137	1133	85	281	395	165	92	8
5138	1119	89	292	384	159	91	5
5139	1156	88	299	393	179	95	8
5140	1148	87	291	401	172	93	13
5141	1137	87	295	381	168	88	6
5142	1141	81	296	371	184	88	7
5143	1162	76	287	392	193	93	6
5144	1131	83	289	375	178	84	10
5145	1138	84	292	375	168	91	7
5146	1112	83	285	372	168	79	5
5147	1104	88	282	367	164	81	4
5148	1137	86	305	370	156	95	4
5149	1104	92	290	361	163	78	3
5150	1121	88	293	372	165	84	4
5151	1149	86	322	371	167	93	3
5152	1140	81	311	378	165	93	9
5153	1124	85	293	367	169	85	7
5154	1107	82	284	373	153	87	9
5155	1120	88	284	388	168	85	8
5156	1124	79	288	384	174	84	8
5157	1125	80	287	388	169	86	6
5158	1128	88	289	372	177	86	7
5159	1148	82	296	396	171	93	7
5160	1153	84	291	401	171	94	4
5161	1181	82	302	416	177	102	2
5162	1171	89	308	399	180	97	4
5163	1143	91	300	390	166	94	5
5164	1145	83	299	382	165	97	10
5165	1144	78	291	388	172	95	9
5166	1130	88	280	380	167	89	8
5167	1179	85	310	403	175	101	7
5168	1108	81	290	384	160	78	8
5169	1119	85	294	370	160	87	4
5170	1129	88	283	367	175	87	7
5171	1137	85	302	360	169	90	6
5172	1123	84	300	364	169	84	8
5173	1149	85	306	391	171	93	7
5174	1145	84	308	390	159	98	4
5175	1140	84	308	370	165	92	7
5176	1109	76	299	376	157	88	8
5177	1130	81	300	384	160	93	3
5178	1128	85	295	382	165	90	5
5179	1110	80	274	370	173	82	4
5180	1133	84	292	379	175	88	6
5181	1107	87	282	379	160	85	5
5182	1091	90	279	355	149	83	9
5183	1115	81	298	378	163	86	8
5184	1143	80	298	376	177	88	9
5185	1132	79	282	377	181	85	7
5186	1128	81	281	392	166	87	14
5187	1087	86	273	359	163	76	13
5188	1133	81	297	370	174	86	7
5189	1149	89	302	377	170	97	4
5190	1119	84	286	370	156	92	6
5191	1106	90	279	349	159	87	6
5192	1112	89	277	379	165	87	4
5193	1153	91	292	383	181	95	9
5194	1108	89	279	361	172	79	15
5195	1128	84	303	376	163	88	10
5196	1161	81	307	407	172	93	5
5197	1136	78	291	389	166	91	11
5198	1141	88	296	381	161	95	5
5199	1128	82	302	372	165	89	3
5200	1120	92	293	371	157	91	3
5201	1118	85	294	376	153	91	6
5202	1132	81	303	371	164	92	9
5203	1153	84	305	385	172	95	7
5204	1133	87	285	371	174	89	8
5205	1111	81	276	384	165	84	11
5206	1104	89	279	374	153	83	6
5207	1150	84	288	402	170	93	1
5208	1126	83	285	378	176	82	4
5209	1109	85	277	362	164	84	6
5210	1133	89	286	373	166	92	8
5211	1124	92	281	378	162	90	9
5212	1107	80	270	369	160	85	16
5213	1125	75	299	381	152	91	7
5214	1148	84	304	386	172	92	4
5215	1123	84	290	369	159	91	6
5216	1129	85	289	368	167	94	8
5217	1136	89	298	377	168	89	6
5218	1131	87	295	379	160	91	8
5219	1097	85	292	373	149	83	6
5220	1116	85	278	372	165	87	4
5221	1114	83	273	387	168	80	7
5222	1153	90	295	392	177	94	4
5223	1124	89	295	377	161	89	8
5224	1129	81	292	392	168	87	5
5225	1153	86	300	396	173	90	5
5226	1155	84	297	405	176	91	6
5227	1154	83	297	410	173	93	6
5228	1133	87	286	384	166	91	7
5229	1134	93	273	384	168	96	8
5230	1125	85	273	375	165	92	10
5231	1129	82	285	375	165	90	5
5232	1127	85	280	381	161	93	4
5233	1141	84	292	385	167	92	7
5234	1154	84	301	375	183	92	9
5235	1160	85	302	393	175	97	8
5236	1135	93	299	358	170	95	6
5237	1122	96	283	374	166	91	8
5238	1133	82	287	389	165	94	7
5239	1109	79	279	383	163	84	6
5240	1122	85	290	374	159	90	4
5241	1148	83	295	388	183	88	3
5242	1115	90	280	368	168	84	5
5243	1118	84	277	382	174	82	6
5244	1134	93	289	376	181	84	6
5245	1136	84	296	369	184	87	6
5246	1125	90	286	374	171	89	4
5247	1122	94	283	363	165	91	2
5248	1135	88	294	366	173	89	5
5249	1138	85	290	383	173	87	3
5250	1096	85	270	365	154	82	4
5251	1104	90	271	367	172	78	6
5252	1090	93	260	355	170	76	10
5253	1102	86	274	375	168	78	9
5254	1126	88	285	379	170	85	7
5255	1132	90	288	375	174	89	8
5256	1115	88	282	368	167	85	9
5257	1105	82	275	361	162	85	8
5258	1107	91	274	361	155	92	4
5259	1087	79	275	368	155	78	2
5260	1132	85	288	389	164	92	6
5261	1136	79	297	379	169	91	5
5262	1125	84	295	382	168	85	7
5263	1118	86	294	357	153	91	9
5264	1107	94	291	354	162	84	9
5265	1132	87	300	368	173	88	8
5266	1130	84	299	381	166	86	9
5267	1151	79	306	387	176	91	10
5268	1149	79	298	390	173	92	9
5269	1138	89	290	377	162	94	6
5270	1114	90	284	368	158	90	8
5271	1151	93	293	369	171	96	8
5272	1139	92	278	377	169	95	11
5273	1143	95	278	383	173	94	7
5274	1133	95	285	380	172	86	7
5275	1156	86	296	390	183	92	8
5276	1148	82	302	377	179	90	3
5277	1165	79	305	390	166	104	10
5278	1130	88	299	383	156	92	13
5279	1150	86	289	400	161	96	10
5280	1153	79	292	402	170	95	9
5281	1120	88	289	377	174	80	7
5282	1102	86	269	369	167	80	10
5283	1116	76	280	372	157	90	10
5284	1134	85	292	369	183	85	5
5285	1136	79	299	374	181	83	8
5286	1140	92	297	368	181	90	8
5287	1127	88	285	382	166	88	6
5288	1095	84	267	372	153	83	8
5289	1135	92	287	388	171	87	5
5290	1096	94	284	361	150	85	10
5291	1127	92	299	360	169	90	7
5292	1113	86	295	362	162	84	11
5293	1137	89	306	363	169	91	5
5294	1128	82	298	379	169	85	4
5295	1100	83	285	371	148	84	2
5296	1113	87	280	376	161	84	6
5297	1134	88	280	390	167	90	10
5298	1104	95	276	359	149	93	6
5299	1109	85	276	385	162	86	6
5300	1084	82	272	352	160	78	5
5301	1154	84	301	384	182	89	7
5302	1145	75	294	396	176	89	4
5303	1163	84	304	405	176	95	0
5304	1160	91	310	390	184	90	4
5305	1148	91	304	387	173	91	8
5306	1159	80	303	409	175	92	7
5307	1130	85	292	392	172	84	4
5308	1139	84	281	393	180	89	4
5309	1134	89	279	392	163	91	5
5310	1110	86	273	387	164	83	14
5311	1112	96	285	358	159	89	13
5312	1111	90	274	377	170	80	7
5313	1132	86	284	394	163	89	6
5314	1139	84	289	405	163	94	8
5315	1130	82	282	397	170	89	4
5316	1090	88	271	365	155	83	7
5317	1133	88	282	392	168	91	11
5318	1139	85	284	385	176	88	8
5319	1160	89	307	381	172	99	7
5320	1108	83	282	363	149	91	11
5321	1100	86	281	361	161	82	4
5322	1115	84	283	368	164	87	9
5323	1114	88	281	379	166	84	9
5324	1081	83	272	360	150	80	7
5325	1119	77	288	371	150	96	6
5326	1140	88	286	385	161	96	12
5327	1097	86	281	365	140	89	10
5328	1136	92	302	383	150	97	7
5329	1138	83	288	398	160	95	4
5330	1100	82	282	373	163	78	6
5331	1109	98	282	358	163	85	5
5332	1142	93	298	367	166	97	5
5333	1150	83	299	382	163	95	6
5334	1137	87	288	366	163	97	3
5335	1128	84	285	374	162	94	6
5336	1160	86	302	374	176	98	7
5337	1100	83	276	364	160	82	10
5338	1099	84	264	364	163	82	6
5339	1100	87	272	364	156	86	5
5340	1122	88	293	374	162	91	10
5341	1117	84	298	358	160	90	8
5342	1128	85	300	370	162	90	7
5343	1124	83	284	371	176	84	4
5344	1129	85	272	384	179	84	7
5345	1148	87	293	382	191	84	7
5346	1127	85	284	373	169	90	6
5347	1114	84	288	366	162	85	7
5348	1111	82	299	351	159	86	3
5349	1133	85	289	379	162	93	6
5350	1093	86	271	364	150	83	6
5351	1115	83	282	381	153	89	13
5352	1110	83	286	386	158	82	8
5353	1117	91	284	373	156	87	5
5354	1134	92	284	382	165	95	4
5355	1128	83	280	389	162	93	5
5356	1146	81	286	399	166	93	9
5357	1121	79	286	387	160	90	5
5358	1098	94	272	368	159	83	5
5359	1086	91	270	344	160	82	10
5360	1102	89	272	368	169	80	9
5361	1128	84	289	386	161	89	6
5362	1111	85	289	370	167	79	5
5363	1119	83	275	377	179	82	4
5364	1149	78	287	408	171	94	4
5365	1115	88	289	382	155	88	6
5366	1098	89	271	368	157	86	6
5367	1113	90	288	362	165	84	9
5368	1109	92	273	361	164	88	8
5369	1121	88	282	368	165	85	8
5370	1125	83	283	371	175	83	7
5371	1110	83	285	365	171	80	9
5372	1122	86	293	383	169	84	8
5373	1157	83	316	380	180	91	6
5374	1138	93	298	364	174	90	5
5375	1133	87	296	377	165	90	6
5376	1135	91	291	376	178	86	6
5377	1117	83	282	371	170	81	6
5378	1120	87	299	375	168	86	5
5379	1134	80	303	378	161	93	8
5380	1162	76	320	384	175	94	5
5381	1128	82	288	379	174	83	3
5382	1126	83	304	362	161	93	10
5383	1134	88	296	375	168	92	13
5384	1113	88	283	369	160	88	13
5385	1087	83	278	356	144	86	9
5386	1129	85	289	381	167	91	6
5387	1149	84	299	386	172	94	6
5388	1157	92	300	378	177	95	8
5389	1146	90	316	370	167	93	14
5390	1115	82	297	364	164	83	10
5391	1119	81	301	371	163	86	12
5392	1147	89	305	379	167	93	10
5393	1118	91	282	378	153	90	9
5394	1100	87	283	382	145	86	7
5395	1080	92	268	351	144	87	10
5396	1124	79	284	374	167	88	7
5397	1104	88	276	378	151	87	8
5398	1091	95	260	373	147	82	6
5399	1101	85	283	362	148	84	8
5400	1114	90	287	361	158	84	9
5401	1070	94	261	349	154	76	9
5402	1096	85	271	349	168	79	8
5403	1132	90	298	380	154	94	8
5404	1107	79	277	371	159	84	8
5405	1132	87	302	378	172	87	9
5406	1154	85	302	385	171	98	5
5407	1131	99	302	366	166	92	7
5408	1110	90	292	366	155	89	6
5409	1108	88	284	365	161	85	6
5410	1113	89	277	368	163	87	3
5411	1129	83	289	384	155	94	5
5412	1126	81	289	378	154	94	8
5413	1120	76	278	379	164	89	7
5414	1121	78	285	374	163	90	7
5415	1103	84	283	354	156	87	10
5416	1100	85	287	368	150	84	5
5417	1106	83	287	379	157	85	5
5418	1112	100	291	357	164	87	6
5419	1128	86	285	396	166	86	6
5420	1136	82	299	393	179	85	3
5421	1126	83	293	365	168	87	9
5422	1138	96	299	372	164	93	5
5423	1154	93	309	373	178	91	8
5424	1103	89	281	371	164	78	10
5425	1126	87	292	375	158	95	11
5426	1144	88	307	385	157	99	4
5427	1114	89	276	363	153	91	3
5428	1116	81	284	376	155	90	4
5429	1133	87	278	383	161	95	5
5430	1120	89	278	379	164	86	6
5431	1107	89	281	371	155	86	6
5432	1119	93	270	374	165	89	4
5433	1152	94	287	395	159	102	8
5434	1160	89	306	391	174	98	7
5435	1114	86	285	373	167	83	12
5436	1095	81	278	371	162	80	15
5437	1102	83	273	374	150	88	6
5438	1118	80	291	383	155	88	8
5439	1102	85	287	367	148	89	8
5440	1121	86	288	378	156	90	7
5441	1115	78	277	383	164	86	8
5442	1137	82	291	379	175	89	7
5443	1141	87	295	382	171	91	5
5444	1105	85	285	365	160	85	9
5445	1160	91	300	408	153	104	4
5446	1182	82	310	408	183	100	5
5447	1116	84	280	394	159	85	8
5448	1117	88	294	371	162	89	8
5449	1108	91	285	367	159	86	9
5450	1132	85	291	378	175	87	8
5451	1136	88	287	383	185	87	3
5452	1134	94	281	382	174	91	4
5453	1086	96	270	366	162	73	8
5454	1127	80	287	384	173	83	6
5455	1111	84	284	363	162	86	7
5456	1141	81	297	368	165	94	8
5457	1122	76	271	385	176	81	7
5458	1155	77	293	384	183	93	3
5459	1131	86	280	385	176	85	4
5460	1155	83	299	387	182	91	4
5461	1159	87	308	387	164	102	10
5462	1158	90	314	365	167	103	6
5463	1134	95	291	365	170	91	2
5464	1139	82	306	374	164	92	4
5465	1117	92	293	371	163	83	12
5466	1105	87	284	369	161	83	8
5467	1081	90	269	356	152	79	13
5468	1123	84	300	372	165	87	10
5469	1133	85	303	375	174	86	9
5470	1155	91	315	386	181	91	4
5471	1128	93	298	362	169	87	6
5472	1153	80	309	387	168	97	9
5473	1118	86	296	367	164	87	11
5474	1092	84	282	353	151	82	8
5475	1156	74	309	392	169	95	13
5476	1135	86	295	388	162	90	7
5477	1141	86	292	372	177	89	7
5478	1115	92	276	376	164	87	6
5479	1130	83	296	389	167	85	8
5480	1154	85	300	388	172	95	4
5481	1155	88	315	385	166	98	3
5482	1156	97	285	404	182	91	4
5483	1155	96	298	385	187	91	1
5484	1168	85	292	387	188	95	2
5485	1142	89	287	378	184	86	5
5486	1130	83	271	378	157	95	9
5487	1126	82	293	379	165	86	2
5488	1096	75	283	371	148	84	3
5489	1112	77	281	371	159	87	9
5490	1103	87	278	361	167	78	11
5491	1117	88	285	372	163	84	9
5492	1108	93	284	373	172	76	3
5493	1110	94	286	370	162	84	5
5494	1116	90	298	363	154	91	4
5495	1118	87	285	366	170	82	7
5496	1099	88	274	357	166	79	4
5497	1125	97	288	377	160	90	2
5498	1086	92	282	351	145	84	6
5499	1132	76	298	386	162	90	3
5500	1112	86	282	377	166	81	3
5501	1122	86	294	364	169	87	5
5502	1137	93	292	374	161	94	6
5503	1116	84	296	365	159	88	7
5504	1097	84	278	376	152	85	7
5505	1088	87	283	345	147	84	8
5506	1089	90	264	346	157	84	8
5507	1089	88	280	339	161	79	9
5508	1146	80	294	385	179	88	6
5509	1115	83	269	386	168	88	8
5510	1114	83	289	387	167	80	7
5511	1133	92	297	378	167	87	8
5512	1152	90	300	383	172	93	6
5513	1141	80	301	391	168	91	5
5514	1169	78	306	402	169	103	7
5515	1141	84	298	389	163	91	11
5516	1140	85	295	383	168	91	11
5517	1119	84	284	378	157	91	9
5518	1111	85	279	373	170	80	8
5519	1091	86	275	344	150	85	12
5520	1130	83	301	370	164	90	4
5521	1143	86	297	365	162	100	8
5522	1147	93	289	381	166	100	6
5523	1110	93	282	367	153	88	9
5524	1111	86	285	365	161	85	10
5525	1141	78	303	382	170	94	8
5526	1123	78	293	391	172	80	5
5527	1128	75	291	385	166	90	2
5528	1109	82	277	371	155	91	6
5529	1133	81	294	382	168	92	2
5530	1123	76	300	388	163	85	9
5531	1130	88	297	373	158	93	8
5532	1094	89	283	361	149	84	13
5533	1167	85	305	396	171	103	10
5534	1133	83	292	378	157	93	6
5535	1127	85	289	378	170	89	7
5536	1112	94	270	367	163	90	13
5537	1145	81	289	389	176	91	7
5538	1149	80	288	378	175	93	8
5539	1137	81	279	378	169	91	10
5540	1133	79	290	374	171	88	11
5541	1126	84	285	376	170	86	11
5542	1130	84	285	375	166	93	11
5543	1123	79	283	374	169	88	12
5544	1139	87	292	386	170	90	6
5545	1130	91	292	376	168	87	3
5546	1124	95	283	373	160	89	4
5547	1141	84	292	381	161	98	5
5548	1142	85	290	396	153	96	3
5549	1102	87	259	377	159	84	5
5550	1113	82	285	380	156	86	0
5551	1118	84	298	383	158	85	6
5552	1135	86	289	383	158	96	3
5553	1174	81	306	389	186	99	3
5554	1133	86	287	357	175	88	3
5555	1148	87	307	385	174	89	5
5556	1102	84	280	367	164	81	7
5557	1113	89	271	372	166	85	13
5558	1110	88	275	383	158	85	5
5559	1113	89	275	380	155	88	5
5560	1112	82	276	377	162	85	13
5561	1121	84	277	376	171	85	5
5562	1138	89	279	378	175	94	5
5563	1155	83	289	387	183	93	8
5564	1151	82	301	389	173	93	8
5565	1146	86	296	384	166	94	8
5566	1148	86	296	405	164	97	7
5567	1141	87	298	387	164	96	8
5568	1139	84	298	385	170	90	7
5569	1121	92	289	366	162	88	7
5570	1158	83	306	394	173	93	6
5571	1152	89	292	388	176	97	6
5572	1172	84	300	401	183	96	7
5573	1118	91	279	374	162	87	3
5574	1114	96	278	367	167	83	10
5575	1118	97	283	369	168	85	7
5576	1146	99	290	384	176	92	11
5577	1145	89	299	384	171	92	7
5578	1104	89	289	370	153	85	7
5579	1140	78	308	386	154	95	8
5580	1145	83	302	373	173	91	9
5581	1165	88	301	400	179	97	4
5582	1121	86	280	380	167	88	5
5583	1143	81	300	390	170	91	9
5584	1155	81	299	402	168	98	8
5585	1111	80	280	370	156	87	8
5586	1115	87	278	370	156	88	6
5587	1125	81	283	382	151	92	4
5588	1116	88	279	360	158	87	7
5589	1157	82	299	390	170	94	9
5590	1145	83	292	385	160	97	8
5591	1131	81	303	377	163	87	12
5592	1125	90	281	389	167	87	6
5593	1109	85	274	387	166	80	7
5594	1107	81	289	372	154	85	4
5595	1130	83	296	384	165	88	5
5596	1151	90	277	399	177	95	10
5597	1108	84	284	380	156	88	5
5598	1140	81	295	393	178	87	7
5599	1119	78	294	378	154	89	5
5600	1120	81	276	390	166	86	10
5601	1108	90	295	369	148	88	11
5602	1127	87	292	373	159	93	6
5603	1143	85	290	394	167	94	5
5604	1145	84	303	384	165	94	8
5605	1162	89	295	393	178	97	6
5606	1117	86	297	373	166	82	3
5607	1151	87	305	393	166	94	10
5608	1109	86	274	376	163	85	10
5609	1124	84	270	401	167	84	6
5610	1128	85	285	411	160	87	3
5611	1106	95	277	362	154	87	4
5612	1107	92	278	369	157	87	1
5613	1132	84	287	375	173	88	6
5614	1127	90	287	381	169	84	13
5615	1111	89	291	362	166	87	14
5616	1109	87	277	364	163	87	10
5617	1089	83	274	364	154	80	8
5618	1111	82	277	360	164	88	13
5619	1135	87	287	383	161	92	6
5620	1162	91	294	379	167	100	8
5621	1130	84	293	382	153	94	6
5622	1137	86	298	385	158	94	6
5623	1119	91	276	374	162	90	8
5624	1120	96	271	387	160	86	10
5625	1132	91	289	393	163	88	5
5626	1136	93	294	378	158	96	8
5627	1103	95	282	377	161	79	5
5628	1134	85	294	381	175	87	5
5629	1102	88	276	357	160	84	6
5630	1112	80	279	374	174	80	8
5631	1132	80	279	383	170	90	4
5632	1119	81	287	382	159	88	5
5633	1097	88	270	366	156	82	10
5634	1121	80	293	376	163	85	14
5635	1129	79	295	382	177	82	9
5636	1121	74	284	384	170	83	8
5637	1102	87	272	374	174	75	5
5638	1100	90	276	368	166	81	5
5639	1128	97	283	385	168	87	5
5640	1135	92	295	392	166	91	2
5641	1148	85	300	388	169	94	5
5642	1178	79	299	413	175	103	4
5643	1144	77	297	399	166	92	0
5644	1120	92	283	386	163	84	6
5645	1100	88	286	367	161	79	8
5646	1117	95	293	364	162	86	7
5647	1144	93	295	382	170	94	13
5648	1126	78	288	383	162	89	9
5649	1124	86	279	378	171	90	8
5650	1128	85	279	370	177	87	8
5651	1120	81	276	383	166	86	11
5652	1148	87	296	405	163	96	8
5653	1145	84	294	399	160	98	6
5654	1155	86	288	403	179	92	8
5655	1146	87	298	384	169	94	8
5656	1114	80	277	382	170	81	6
5657	1131	84	293	394	166	89	6
5658	1105	87	284	369	154	85	6
5659	1129	83	289	391	149	97	6
5660	1142	84	293	389	165	96	7
5661	1132	86	288	383	162	89	6
5662	1131	85	282	381	164	88	8
5663	1156	79	300	391	184	87	9
5664	1114	84	296	371	161	82	8
5665	1159	85	294	394	181	94	6
5666	1166	77	306	390	177	97	5
5667	1152	82	290	390	168	98	3
5668	1148	91	301	384	166	95	4
5669	1132	89	285	377	165	92	5
5670	1122	79	288	381	160	88	4
5671	1116	79	294	374	163	82	8
5672	1149	77	321	374	170	93	12
5673	1134	82	294	377	167	91	11
5674	1107	82	274	379	154	88	6
5675	1109	88	290	357	152	89	3
5676	1125	88	288	378	159	92	4
5677	1095	86	276	364	156	83	5
5678	1117	83	293	375	165	85	9
5679	1113	88	294	380	157	85	12
5680	1129	89	282	393	167	89	8
5681	1167	84	296	414	172	102	4
5682	1148	91	288	404	178	91	3
5683	1133	79	288	393	165	89	9
5684	1146	85	282	403	177	88	3
5685	1130	83	286	391	167	87	7
5686	1125	79	290	377	172	84	5
5687	1114	82	287	370	166	83	7
5688	1118	90	273	381	167	85	5
5689	1139	84	273	384	170	96	3
5690	1151	85	299	388	170	94	6
5691	1154	94	313	384	162	99	5
5692	1150	82	302	393	171	94	7
5693	1079	80	269	364	156	74	8
5694	1100	86	277	368	161	80	7
5695	1126	86	276	382	159	92	8
5696	1131	85	275	380	183	85	8
5697	1116	80	291	378	166	85	8
5698	1134	80	292	396	165	87	7
5699	1124	87	296	378	172	82	4
5700	1131	86	313	362	161	92	7
5701	1125	84	279	366	170	90	4
5702	1131	90	291	377	167	93	5
5703	1153	81	286	389	184	91	7
5704	1126	93	282	383	165	86	6
5705	1139	82	305	387	164	88	10
5706	1144	87	305	380	161	97	8
5707	1131	83	292	374	163	94	6
5708	1117	88	285	360	167	86	6
5709	1077	96	269	340	164	73	9
5710	1120	99	270	365	170	91	3
5711	1134	85	278	380	172	91	7
5712	1085	82	284	351	151	80	3
5713	1097	84	295	349	144	86	5
5714	1121	85	278	363	167	88	4
5715	1129	82	284	379	164	90	4
5716	1149	84	304	386	160	95	3
5717	1140	85	297	375	161	97	8
5718	1140	91	293	387	161	95	6
5719	1134	90	298	387	159	94	7
5720	1115	85	286	371	160	87	12
5721	1107	89	297	348	152	91	11
5722	1118	81	297	371	158	86	9
5723	1096	92	285	356	166	77	10
5724	1099	79	282	380	158	80	8
5725	1137	86	300	385	168	90	14
5726	1141	82	302	379	157	98	7
5727	1119	85	285	383	160	86	11
5728	1161	88	293	382	183	93	9
5729	1130	95	296	361	166	90	4
5730	1096	84	276	361	157	83	8
5731	1131	86	290	379	168	89	7
5732	1145	80	277	389	177	93	15
5733	1124	83	271	373	174	85	8
5734	1122	89	288	361	164	90	5
5735	1133	91	292	376	160	94	3
5736	1071	90	275	358	132	86	6
5737	1071	94	268	351	150	78	5
5738	1116	86	290	379	157	87	7
5739	1107	83	291	375	154	85	9
5740	1102	86	273	379	159	81	7
5741	1120	89	283	386	174	79	8
5742	1134	91	280	380	186	84	7
5743	1085	87	253	378	162	78	11
5744	1094	89	265	377	150	85	4
5745	1091	92	278	365	152	83	5
5746	1103	91	285	357	162	82	9
5747	1098	86	278	373	153	83	10
5748	1099	88	278	374	151	86	7
5749	1102	88	280	373	151	84	9
5750	1110	82	286	380	146	91	5
5751	1141	83	315	378	161	91	8
5752	1156	85	308	382	171	97	9
5753	1133	83	288	380	169	88	2
5754	1128	76	286	380	174	87	7
5755	1135	81	283	373	176	88	5
5756	1139	77	290	377	178	88	3
5757	1143	83	301	383	164	95	7
5758	1136	84	298	390	154	95	9
5759	1121	84	291	369	157	92	8
5760	1142	83	290	387	155	95	5
5761	1149	82	294	391	169	93	3
5762	1154	85	297	380	175	96	7
5763	1152	97	302	385	173	97	5
5764	1157	86	296	396	180	93	7
5765	1130	82	286	369	183	85	8
5766	1134	81	288	374	177	88	7
5767	1157	90	309	390	181	91	5
5768	1127	89	281	381	172	87	3
5769	1123	89	287	377	173	83	3
5770	1116	92	288	380	169	81	8
5771	1097	91	279	362	166	76	8
5772	1125	87	284	395	170	83	8
5773	1165	92	302	384	177	99	4
5774	1137	93	294	383	170	93	3
5775	1118	97	278	373	168	91	3
5776	1139	95	289	380	164	95	4
5777	1134	88	299	389	169	89	9
5778	1136	89	293	381	159	97	11
5779	1105	82	272	380	159	83	10
5780	1112	87	284	363	166	85	8
5781	1114	85	277	357	178	82	9
5782	1111	88	286	368	169	79	7
5783	1139	91	304	388	169	88	2
5784	1142	89	311	388	168	89	2
5785	1098	89	277	370	159	80	4
5786	1110	85	288	365	153	85	7
5787	1105	88	282	382	153	82	3
5788	1133	86	296	370	172	88	6
5789	1125	81	295	373	170	87	4
5790	1079	85	270	374	151	80	3
5791	1116	76	289	378	166	85	2
5792	1136	82	301	381	159	94	3
5793	1122	82	286	388	158	92	2
5794	1127	88	289	378	153	94	3
5795	1147	94	298	384	162	95	7
5796	1154	92	304	382	169	97	8
5797	1134	87	299	387	166	90	1
5798	1147	85	302	401	169	92	3
5799	1123	100	277	391	166	85	6
5800	1121	84	278	385	173	82	2
5801	1142	93	282	372	181	90	6
5802	1121	96	267	386	163	86	5
5803	1120	91	273	392	164	86	3
5804	1132	89	283	387	166	90	4
5805	1143	84	290	396	165	95	7
5806	1123	90	283	385	165	90	7
5807	1137	89	287	375	165	90	5
5808	1164	85	310	395	171	99	4
5809	1128	88	285	387	164	91	6
5810	1125	87	270	389	178	82	11
5811	1161	87	288	391	179	97	5
5812	1143	88	291	388	169	93	3
5813	1128	90	285	363	172	88	9
5814	1127	82	285	378	172	89	7
5815	1145	89	302	386	175	89	2
5816	1161	87	300	394	181	93	7
5817	1142	86	298	369	176	92	7
5818	1160	82	311	377	173	99	7
5819	1139	90	289	381	169	94	6
5820	1127	90	283	379	166	91	11
5821	1127	85	286	385	167	85	9
5822	1133	96	293	364	162	93	9
5823	1115	88	267	377	163	88	5
5824	1109	91	279	377	165	80	2
5825	1156	85	292	393	180	94	7
5826	1156	82	299	386	182	91	7
5827	1146	81	294	402	169	90	4
5828	1126	83	288	396	167	85	7
5829	1131	88	294	387	165	87	11
5830	1136	89	299	387	166	90	5
5831	1121	87	292	370	176	83	8
5832	1112	91	288	368	159	86	8
5833	1141	91	298	375	165	95	6
5834	1091	90	282	371	148	81	3
5835	1098	86	275	366	166	79	8
5836	1117	88	280	377	172	86	7
5837	1111	90	278	358	163	86	11
5838	1131	87	300	360	158	96	14
5839	1138	92	292	381	164	96	10
5840	1129	88	280	387	171	86	9
5841	1137	82	295	383	173	86	11
5842	1164	77	312	406	170	97	9
5843	1128	86	289	383	164	89	12
5844	1111	89	277	370	157	89	16
5845	1133	84	283	384	163	91	9
5846	1107	84	275	385	161	84	6
5847	1111	89	274	370	169	82	9
5848	1129	76	303	384	163	87	8
5849	1121	84	295	371	157	90	8
5850	1155	92	304	396	172	94	3
5851	1138	81	306	379	164	93	4
5852	1136	87	309	371	160	95	3
5853	1123	82	280	390	158	91	7
5854	1132	77	278	404	166	90	10
5855	1122	81	288	386	164	88	11
5856	1146	85	292	404	175	91	10
5857	1157	88	286	391	188	89	9
5858	1167	86	300	400	189	90	9
5859	1159	82	297	396	189	91	8
5860	1155	92	300	388	166	99	10
5861	1132	86	283	384	162	95	9
5862	1130	85	284	388	167	92	4
5863	1135	89	292	393	165	93	3
5864	1139	86	298	381	173	88	10
5865	1141	87	296	380	169	93	9
5866	1138	78	297	379	177	87	10
5867	1121	89	291	369	166	87	9
5868	1106	80	288	383	164	80	5
5869	1116	90	283	368	163	89	6
5870	1144	82	290	399	172	91	6
5871	1095	84	280	363	156	85	10
5872	1153	80	294	390	174	94	11
5873	1139	83	287	403	167	94	5
5874	1153	90	279	398	186	88	5
5875	1117	84	272	385	161	86	8
5876	1108	82	286	367	161	83	3
5877	1110	81	290	377	162	84	8
5878	1113	91	292	383	149	91	5
5879	1132	85	305	375	158	93	9
5880	1125	82	284	388	153	92	8
5881	1118	81	284	383	168	86	9
5882	1109	84	287	374	158	88	6
5883	1115	75	291	382	169	81	3
5884	1108	87	293	371	160	84	1
5885	1097	96	282	359	164	76	3
5886	1114	86	290	369	171	82	3
5887	1143	88	286	381	187	85	8
5888	1116	85	289	375	167	81	8
5889	1132	73	295	383	163	88	7
5890	1098	83	278	366	159	80	9
5891	1086	85	255	361	171	75	7
5892	1100	81	268	367	166	84	6
5893	1094	90	257	365	162	81	4
5894	1088	85	260	368	159	79	5
5895	1131	75	287	391	160	91	3
5896	1132	83	286	389	170	88	7
5897	1110	86	286	362	160	85	8
5898	1114	88	285	379	162	85	6
5899	1069	86	266	349	151	77	6
5900	1136	82	295	391	158	93	3
5901	1123	85	283	382	157	92	5
5902	1099	88	280	368	154	85	5
5903	1140	81	303	383	169	89	7
5904	1111	82	298	361	162	85	11
5905	1127	79	289	381	175	85	9
5906	1121	78	292	374	164	87	7
5907	1138	81	285	392	172	88	5
5908	1159	84	301	383	180	94	5
5909	1147	82	295	387	163	96	4
5910	1102	92	266	375	166	81	6
5911	1126	89	269	379	166	91	5
5912	1112	89	273	383	161	87	4
5913	1112	86	282	371	171	80	3
5914	1094	86	273	345	168	80	3
5915	1108	88	294	359	161	82	4
5916	1133	85	294	389	162	89	5
5917	1142	83	297	389	161	98	8
5918	1110	84	272	387	146	93	6
5919	1131	87	274	376	174	89	8
5920	1107	88	280	373	164	85	9
5921	1161	77	294	417	172	97	8
5922	1145	82	290	382	178	92	11
5923	1143	82	300	375	172	92	12
5924	1122	91	276	368	169	87	8
5925	1127	94	277	371	165	91	5
5926	1158	86	291	394	182	92	4
5927	1159	78	304	404	180	91	4
5928	1123	79	300	387	162	84	6
5929	1082	77	281	377	156	71	4
5930	1108	83	294	378	154	85	5
5931	1165	80	312	400	166	102	8
5932	1137	84	305	394	159	92	5
5933	1122	89	298	381	160	86	10
5934	1072	91	261	356	163	71	7
5935	1092	88	269	368	161	78	4
5936	1084	96	282	344	154	79	11
5937	1099	91	283	354	162	79	10
5938	1120	84	282	382	167	83	6
5939	1104	77	267	385	153	85	11
5940	1135	81	282	390	169	90	5
5941	1123	90	281	374	170	88	3
5942	1135	86	291	377	162	94	7
5943	1103	93	283	372	168	79	4
5944	1073	93	253	357	152	78	8
5945	1085	89	264	361	164	76	8
5946	1125	86	286	372	166	92	6
5947	1116	85	282	369	157	93	2
5948	1144	85	296	384	165	93	2
5949	1144	82	307	373	172	89	6
5950	1101	90	281	359	162	81	11
5951	1111	82	284	366	171	80	5
5952	1125	89	302	371	166	85	1
5953	1136	92	298	376	171	90	0
5954	1143	83	292	386	175	90	6
5955	1176	83	309	388	183	101	6
5956	1134	83	295	380	162	91	7
5957	1132	82	276	407	172	89	8
5958	1141	89	285	392	179	87	6
5959	1137	90	284	400	177	85	10
5960	1165	85	314	415	177	96	6
5961	1144	91	309	383	166	93	7
5962	1144	85	297	392	162	94	7
5963	1123	93	286	370	155	91	8
5964	1121	93	283	367	158	93	3
5965	1125	84	287	376	163	88	7
5966	1135	80	300	391	163	88	11
5967	1144	84	301	391	158	100	7
5968	1127	82	288	387	158	92	4
5969	1130	81	294	387	158	91	11
5970	1112	88	276	370	156	92	5
5971	1132	85	278	371	162	95	7
5972	1116	88	285	360	157	93	11
5973	1102	79	279	358	158	86	7
5974	1130	81	288	375	166	91	4
5975	1088	82	270	371	151	83	4
5976	1074	88	272	345	142	81	3
5977	1119	89	275	382	160	88	10
5978	1126	82	278	388	166	85	12
5979	1098	86	280	364	152	85	9
5980	1131	86	288	376	169	92	8
5981	1145	80	298	375	162	98	5
5982	1123	79	292	362	156	94	8
5983	1136	81	298	372	154	100	4
5984	1136	90	291	379	163	93	3
5985	1145	82	301	384	163	97	7
5986	1153	81	306	382	177	94	6
5987	1122	78	284	384	165	88	12
5988	1138	87	287	377	173	89	10
5989	1096	94	267	365	164	82	5
5990	1114	91	292	383	163	80	6
5991	1118	96	289	365	171	81	8
5992	1117	93	286	357	167	87	5
5993	1148	89	293	384	177	93	8
5994	1115	92	286	376	156	88	10
5995	1134	80	296	388	168	87	7
5996	1133	80	291	375	159	94	6
5997	1130	86	288	370	170	88	12
5998	1160	83	289	388	189	91	5
5999	1139	86	288	377	177	89	4
6000	1146	88	304	385	167	93	4
