1 40 8 10 36 4 0 -563.488
2 103 18 22 88 6 0 1852.49
3 291 43 53 243 8 0 17141.2
4 669 65 91 517 5 0 32464.2
5 759 57 107 573 2 0 45436.2
6 826 52 127 662 2 0 55687.6
7 834 50 134 676 2 0 56359.4
8 785 57 154 616 2 0 48682.6
9 787 57 166 626 2 0 51302
10 771 63 183 621 3 0 48262.4
11 797 57 194 651 3 0 52354.1
12 794 60 203 647 3 0 52434.9
13 798 49 213 661 3 0 53778.3
14 799 48 219 649 3 0 52543.2
15 810 51 226 669 3 0 54446.3
16 800 49 233 659 3 0 53616
17 775 43 235 617 3 0 47794.1
18 794 44 240 643 3 0 52080.8
19 797 48 243 652 3 0 52624.1
20 796 49 252 644 3 0 51980.9
21 798 51 258 650 3 0 52162.8
22 776 53 264 634 3 0 49201.6
23 767 58 267 614 3 0 47425.6
24 783 54 271 631 3 0 50226.8
25 795 50 272 653 3 0 52372.1
26 716 57 282 558 4 0 39532.1
27 499 67 312 401 5 0 2414.18
28 481 70 338 394 9 0 12186.1
29 735 93 373 590 9 0 36251.7
30 1796 112 408 1396 5 0 234672
31 1600 107 442 1256 4 0 199800
32 935 92 472 729 4 0 59520.1
33 560 63 482 442 4 0 21185.5
34 309 39 487 247 4 0 6526.42
35 187 28 489 136 2 0 2438.83
36 97 22 501 84 9 0 -43.1378
37 142 32 519 121 11 0 695.627
38 212 40 537 158 3 0 2522.34
39 260 51 558 202 5 0 3339.58
40 224 36 569 176 4 0 2361.82
41 317 43 582 265 5 0 7066.96
42 287 37 601 249 5 0 319.618
43 146 19 604 128 5 0 -569.99
44 109 16 608 94 4 0 53.9782
45 202 32 631 159 4 0 2830.24
46 229 46 656 180 6 0 3292.92
47 380 56 679 295 5 0 9673.49
48 567 65 693 457 4 0 25785
49 495 65 714 410 6 0 19193
50 314 52 733 259 7 0 5375.61
51 268 38 738 204 4 0 4402.28
52 151 26 747 127 5 0 847.257
53 175 34 764 156 15 0 1793.43
54 242 39 785 202 7 0 3859.47
55 316 39 795 235 2 0 6809
56 301 35 802 242 2 0 7074.22
57 291 31 808 238 2 0 6969.74
58 318 35 818 259 2 0 7362.65
59 288 29 820 229 1 0 6078.78
60 271 29 824 210 1 0 5447.92
61 297 21 826 242 1 0 7297.74
62 297 23 830 236 1 0 6857.72
63 283 22 833 232 2 0 6484.49
64 273 22 834 217 1 0 5362.84
65 265 22 838 211 1 0 4929.77
66 292 24 840 233 1 0 5855.23
67 254 30 843 202 2 0 4662.92
68 270 28 845 224 2 0 5585.17
69 269 25 847 214 1 0 5613.48
70 266 29 853 212 2 0 5093.53
71 309 29 856 255 2 0 7917.06
72 347 36 867 271 2 0 8353.13
73 418 38 874 336 3 0 14684.4
74 888 68 895 703 3 0 67699.4
75 1461 76 918 1181 3 0 177119
76 1599 80 943 1303 3 0 218895
77 1631 75 964 1305 2 0 228552
78 1628 68 984 1297 2 0 223569
79 1660 63 999 1353 2 0 238059
80 1686 65 1018 1399 2 0 251232
81 1682 70 1040 1396 2 0 250218
82 1657 67 1054 1354 2 0 239686
83 1666 73 1076 1372 3 0 244539
84 1619 80 1105 1336 3 0 220932
85 1561 72 1121 1296 3 0 210810
86 1511 69 1136 1227 3 0 191804
87 1522 65 1145 1224 2 0 196025
88 1517 71 1167 1228 2 0 194774
89 1513 67 1175 1219 2 0 191931
90 1527 61 1181 1242 2 0 196652
91 1510 68 1189 1236 2 0 193557
92 1535 70 1199 1273 2 0 204068
93 1554 64 1205 1289 2 0 207688
94 1517 71 1219 1233 2 0 193763
95 1520 76 1225 1230 2 0 191878
96 1550 65 1227 1279 2 0 205783
97 1532 68 1233 1249 2 0 198838
98 1532 67 1246 1248 2 0 197448
99 1526 67 1252 1223 2 0 191240
100 1559 63 1260 1305 2 0 211713
101 1527 69 1270 1256 2 0 198934
102 1546 67 1276 1258 2 0 199749
103 1502 65 1281 1212 2 0 187989
104 1494 72 1287 1215 2 0 186775
105 1506 65 1296 1238 2 0 195433
106 1520 69 1308 1239 2 0 194344
107 1524 65 1309 1248 2 0 195614
108 1519 66 1318 1236 2 0 192778
109 1524 71 1321 1235 2 0 192359
110 1509 71 1327 1226 2 0 191169
111 1511 64 1332 1242 2 0 195289
112 1504 72 1336 1232 2 0 192142
113 1505 79 1342 1221 2 0 189548
114 1524 70 1345 1265 2 0 199690
115 1540 67 1348 1279 2 0 202943
116 1537 60 1350 1264 2 0 198894
117 1547 59 1353 1298 2 0 209189
118 1533 67 1356 1261 2 0 200231
119 1505 68 1359 1214 2 0 188819
120 1558 64 1364 1289 2 0 206965
121 1518 65 1366 1249 2 0 196344
122 1532 69 1368 1247 2 0 198519
123 1501 65 1372 1205 2 0 185966
124 1492 69 1374 1202 2 0 184675
125 1518 75 1378 1212 2 0 187636
126 1502 68 1379 1201 2 0 185406
127 1525 59 1381 1244 2 0 196361
128 1498 69 1385 1223 2 0 191160
129 1508 67 1386 1238 2 0 193130
130 1516 65 1387 1245 2 0 195736
131 1514 70 1392 1216 2 0 189666
132 1542 66 1392 1263 2 0 202130
133 1558 66 1395 1277 2 0 205321
134 1552 63 1396 1281 2 0 204501
135 1524 62 1398 1249 2 0 197406
136 1532 54 1399 1271 2 0 202412
137 1506 62 1402 1251 2 0 195508
138 1517 60 1403 1257 2 0 197002
139 1494 74 1404 1208 2 0 184985
140 1515 66 1406 1232 2 0 191577
141 1497 73 1407 1221 2 0 191134
142 1548 64 1409 1271 2 0 203521
143 1545 67 1411 1277 2 0 204257
144 1560 67 1412 1289 2 0 208435
145 1531 67 1413 1262 2 0 200311
146 1550 68 1415 1288 2 0 206890
147 1521 66 1417 1236 2 0 195479
148 1496 63 1421 1215 2 0 187815
149 1504 74 1425 1217 2 0 189712
150 1483 69 1426 1198 2 0 182913
151 1499 60 1428 1223 2 0 189540
152 1517 64 1428 1239 2 0 194510
153 1539 72 1428 1275 2 0 204604
154 1548 74 1431 1296 2 0 208872
155 1523 71 1434 1273 2 0 202997
156 1544 62 1435 1282 2 0 205339
157 1552 63 1436 1281 2 0 206103
158 1549 64 1436 1266 2 0 201776
159 1509 64 1439 1223 2 0 190897
160 1493 65 1440 1224 2 0 189415
161 1508 66 1440 1225 2 0 190671
162 1495 71 1441 1212 2 0 187409
163 1550 67 1442 1294 2 0 207511
164 1547 65 1445 1291 2 0 207635
165 1564 66 1445 1289 2 0 206593
166 1541 67 1449 1267 2 0 201701
167 1524 68 1450 1250 2 0 198112
168 1520 60 1451 1241 2 0 195276
169 1523 65 1456 1253 2 0 198957
170 1506 63 1457 1234 2 0 191931
171 1503 66 1458 1225 2 0 188475
172 1517 65 1459 1233 2 0 190656
173 1532 67 1459 1261 2 0 199097
174 1528 73 1462 1247 2 0 197034
175 1514 69 1466 1229 2 0 191981
176 1494 72 1468 1204 2 0 187495
177 1517 65 1470 1235 2 0 192963
178 1515 73 1473 1215 2 0 188647
179 1542 62 1474 1261 2 0 200032
180 1530 71 1475 1271 2 0 201409
181 1517 66 1475 1243 2 0 194761
182 1518 67 1476 1261 2 0 200872
183 1516 70 1476 1248 2 0 196038
184 1505 67 1478 1226 2 0 189362
185 1499 63 1479 1213 2 0 187843
186 1499 65 1480 1209 2 0 185774
187 1510 61 1481 1227 2 0 188945
188 1486 72 1485 1208 2 0 184831
189 1494 74 1489 1203 2 0 184010
190 1499 73 1491 1204 2 0 185723
191 1500 70 1493 1201 2 0 185294
192 1497 60 1497 1212 2 0 186718
193 1512 63 1498 1240 2 0 195038
194 1504 68 1499 1225 2 0 191821
195 1537 65 1500 1272 2 0 202718
196 1521 69 1501 1224 2 0 192330
197 1488 69 1504 1183 2 0 181019
198 1523 65 1506 1235 2 0 193118
199 1509 68 1507 1224 2 0 190035
200 1504 65 1508 1218 2 0 189582
201 1523 59 1509 1244 2 0 196644
202 1521 68 1511 1223 2 0 190084
203 1566 70 1512 1276 2 0 203852
204 1540 75 1512 1259 2 0 199508
205 1523 71 1513 1223 2 0 189717
206 1531 73 1513 1250 2 0 197080
207 1549 69 1513 1293 2 0 207617
208 1546 65 1514 1303 2 0 210803
209 1552 57 1514 1296 2 0 208234
210 1535 60 1518 1250 2 0 197566
211 1523 67 1518 1248 2 0 197574
212 1547 59 1519 1274 2 0 203540
213 1529 64 1519 1265 2 0 200623
214 1532 65 1520 1272 2 0 202630
215 1541 62 1522 1289 2 0 207411
216 1539 68 1523 1267 2 0 202478
217 1540 70 1523 1250 2 0 199519
218 1490 69 1526 1173 2 0 177528
219 1505 79 1527 1200 2 0 185095
220 1522 74 1528 1239 2 0 193693
221 1527 71 1529 1261 2 0 199835
222 1537 73 1529 1260 2 0 200308
223 1542 66 1530 1264 2 0 201612
224 1502 69 1531 1207 2 0 186029
225 1517 67 1532 1232 2 0 191115
226 1514 68 1535 1225 2 0 190497
227 1494 68 1536 1206 2 0 186086
228 1502 66 1538 1241 2 0 193084
229 1511 74 1540 1222 2 0 189927
230 1529 72 1541 1264 2 0 200367
231 1498 65 1544 1205 2 0 184300
232 1526 66 1546 1242 2 0 195410
233 1559 71 1550 1289 2 0 207183
234 1559 66 1552 1307 2 0 212251
235 1524 63 1554 1261 2 0 199753
236 1493 64 1557 1219 2 0 188718
237 1515 67 1560 1243 2 0 196143
238 1524 73 1562 1236 2 0 192273
239 1534 64 1562 1263 2 0 199384
240 1541 66 1563 1274 2 0 203405
241 1521 69 1565 1250 2 0 197540
242 1504 64 1566 1218 2 0 187858
243 1516 65 1566 1245 2 0 195371
244 1523 69 1566 1251 2 0 197618
245 1519 71 1568 1236 2 0 193123
246 1506 57 1569 1240 2 0 193120
247 1521 64 1572 1244 2 0 195009
248 1542 59 1574 1263 2 0 200090
249 1520 58 1576 1233 2 0 192403
250 1505 66 1577 1224 2 0 189266
251 1526 64 1579 1251 2 0 196246
252 1544 64 1582 1279 2 0 203270
253 1511 62 1582 1245 2 0 194969
254 1544 61 1585 1262 2 0 199567
255 1574 64 1587 1301 2 0 210215
256 1514 68 1590 1215 2 0 187381
257 1520 62 1590 1247 2 0 195245
258 1528 73 1591 1254 2 0 196154
259 1504 71 1591 1202 2 0 185318
260 1531 65 1593 1243 2 0 197379
261 1509 72 1598 1208 2 0 187953
262 1530 66 1599 1252 2 0 197282
263 1559 67 1599 1298 2 0 209938
264 1542 65 1600 1266 2 0 201131
265 1526 66 1602 1248 2 0 197612
266 1536 67 1605 1259 2 0 199378
267 1519 66 1608 1223 2 0 191572
268 1499 65 1610 1216 2 0 188877
269 1508 70 1612 1238 2 0 191743
270 1500 57 1612 1216 2 0 188427
271 1538 63 1612 1259 2 0 200516
272 1506 69 1613 1232 2 0 191192
273 1538 66 1613 1262 2 0 199284
274 1517 63 1613 1255 2 0 198451
275 1550 72 1614 1288 2 0 208087
276 1567 72 1615 1293 2 0 209108
277 1506 63 1615 1233 2 0 193258
278 1494 59 1616 1224 2 0 189726
279 1497 63 1616 1231 2 0 191516
280 1507 65 1619 1244 2 0 194631
281 1533 68 1619 1261 2 0 200223
282 1529 63 1621 1247 2 0 196104
283 1536 67 1622 1263 2 0 200639
284 1545 64 1623 1274 2 0 204084
285 1571 61 1623 1297 2 0 209989
286 1555 68 1624 1280 2 0 205134
287 1545 75 1626 1264 2 0 199612
288 1479 74 1627 1175 2 0 176784
289 1505 70 1627 1212 2 0 186669
290 1486 66 1628 1202 2 0 183591
291 1500 65 1631 1206 2 0 184066
292 1491 61 1632 1204 2 0 185697
293 1513 64 1633 1226 2 0 191649
294 1530 66 1635 1254 2 0 198134
295 1559 75 1636 1274 2 0 203091
296 1559 70 1637 1281 2 0 206586
297 1538 60 1637 1289 2 0 207016
298 1549 65 1637 1297 2 0 210231
299 1536 62 1637 1265 2 0 200893
300 1539 67 1640 1262 2 0 199222
301 1509 69 1640 1229 2 0 191305
302 1507 68 1641 1220 2 0 189293
303 1537 63 1641 1249 2 0 197970
304 1536 63 1641 1262 2 0 200880
305 1546 65 1643 1282 2 0 205856
306 1556 61 1645 1305 2 0 210059
307 1542 67 1647 1280 2 0 206490
308 1527 67 1648 1273 2 0 202157
309 1520 61 1649 1254 2 0 195581
310 1510 65 1652 1246 2 0 193798
311 1492 73 1653 1212 2 0 185733
312 1512 67 1655 1241 2 0 193027
313 1484 71 1657 1210 2 0 186144
314 1519 74 1663 1224 2 0 193422
315 1668 68 1671 1398 3 0 247321
316 2196 94 1696 1810 3 0 412021
317 2431 94 1714 2036 3 0 534945
318 2477 89 1744 2037 3 0 551019
319 2507 78 1757 2032 2 0 565444
320 2517 93 1775 2058 2 0 570993
321 2521 90 1793 2063 2 0 570035
322 2519 83 1805 2074 2 0 575261
323 2529 86 1817 2079 2 0 575100
324 2556 81 1825 2133 2 0 600758
325 2527 78 1831 2081 2 0 578572
326 2529 85 1839 2086 2 0 578952
327 2507 77 1846 2045 2 0 563329
328 2533 77 1849 2087 2 0 582181
329 2531 76 1851 2092 2 0 581767
330 2527 77 1855 2077 2 0 576051
331 2504 79 1859 2045 2 0 562932
332 2533 90 1866 2087 2 0 580178
333 2535 85 1871 2099 2 0 587315
334 2548 82 1877 2119 2 0 593135
335 2552 84 1880 2125 2 0 597273
336 2537 84 1883 2101 2 0 588322
337 2527 88 1891 2082 2 0 579263
338 2482 84 1898 2005 2 0 542718
339 2480 90 1902 2005 2 0 546158
340 2515 81 1903 2061 2 0 569224
341 2512 75 1907 2054 2 0 565450
342 2515 81 1911 2063 2 0 570028
343 2508 86 1912 2055 2 0 566602
344 2546 84 1914 2119 2 0 596947
345 2505 76 1917 2057 2 0 568827
346 2550 81 1919 2122 2 0 595900
347 2507 73 1922 2047 2 0 564991
348 2501 75 1923 2036 2 0 558349
349 2480 87 1927 1998 2 0 543345
350 2513 87 1930 2056 2 0 569073
351 2487 89 1932 2009 2 0 546087
352 2502 85 1935 2045 2 0 563043
353 2481 83 1937 2004 2 0 544714
354 2520 87 1943 2069 2 0 571423
355 2541 83 1947 2098 2 0 587175
356 2530 76 1950 2066 2 0 569152
357 2519 75 1951 2062 2 0 568292
358 2488 81 1951 2013 2 0 547497
359 2485 79 1955 2007 2 0 545083
360 2492 78 1956 2013 2 0 547265
361 2506 79 1959 2042 2 0 560580
362 2541 82 1962 2109 2 0 592496
363 2534 82 1963 2104 2 0 591228
364 2545 81 1966 2113 2 0 593200
365 2492 87 1967 2018 2 0 552586
366 2510 88 1970 2040 2 0 558828
367 2495 86 1972 2028 2 0 556323
368 2531 92 1974 2087 2 0 580791
369 2511 82 1979 2050 2 0 561094
370 2528 86 1982 2076 2 0 577477
371 2522 80 1983 2066 2 0 571710
372 2490 79 1983 2012 2 0 547472
373 2494 76 1985 2038 2 0 558169
374 2502 87 1988 2043 2 0 560570
375 2527 86 1990 2082 2 0 576760
376 2526 82 1992 2082 2 0 580060
377 2529 86 1996 2094 2 0 584810
378 2508 82 1996 2058 2 0 569193
379 2535 79 1999 2098 2 0 586063
380 2533 74 2004 2089 2 0 580417
381 2529 78 2004 2084 2 0 576605
382 2536 83 2006 2096 2 0 582367
383 2530 78 2007 2080 2 0 575270
384 2522 86 2008 2066 2 0 568978
385 2483 82 2010 2005 2 0 546157
386 2498 82 2011 2033 2 0 556413
387 2492 81 2011 2022 2 0 550362
388 2482 80 2015 2005 2 0 545801
389 2504 81 2018 2036 2 0 556986
390 2529 73 2021 2087 2 0 580402
391 2513 84 2026 2062 2 0 570143
392 2492 83 2028 2019 2 0 551570
393 2523 82 2029 2077 2 0 577502
394 2529 85 2030 2088 2 0 581043
395 2532 81 2033 2095 2 0 584154
396 2528 79 2037 2085 2 0 580359
397 2523 83 2039 2077 2 0 576275
398 2492 86 2041 2027 2 0 554157
399 2499 85 2044 2030 2 0 554509
400 2499 91 2045 2026 2 0 554196
401 2522 93 2050 2057 2 0 565702
402 2512 85 2053 2052 2 0 563699
403 2492 77 2054 2026 2 0 552181
404 2492 81 2055 2029 2 0 554371
405 2508 68 2057 2044 2 0 560949
406 2481 73 2058 1996 2 0 538524
407 2499 79 2060 2034 2 0 555689
408 2506 83 2062 2047 2 0 562921
409 2519 81 2066 2063 2 0 567849
410 2470 84 2068 1984 2 0 536088
411 2506 82 2069 2045 2 0 563824
412 2499 87 2070 2027 2 0 552922
413 2514 88 2073 2056 2 0 565475
414 2529 89 2073 2088 2 0 580410
415 2502 80 2077 2039 2 0 556726
416 2493 83 2082 2023 2 0 553753
417 2517 75 2083 2055 2 0 565358
418 2506 77 2084 2048 2 0 562259
419 2489 76 2086 2012 2 0 544680
420 2516 83 2086 2054 2 0 563612
421 2507 84 2087 2051 2 0 563654
422 2505 84 2088 2042 2 0 561329
423 2491 77 2091 2018 2 0 551205
424 2507 77 2092 2049 2 0 562905
425 2557 71 2093 2144 2 0 607876
426 2533 83 2094 2100 2 0 585386
427 2491 86 2098 2027 2 0 553554
428 2494 90 2098 2028 2 0 553671
429 2507 84 2098 2046 2 0 561322
430 2542 79 2103 2101 2 0 588003
431 2544 80 2103 2113 2 0 592353
432 2527 82 2104 2084 2 0 580119
433 2536 83 2104 2095 2 0 583009
434 2552 81 2107 2114 2 0 594341
435 2524 81 2111 2064 2 0 569311
436 2540 86 2114 2107 2 0 589414
437 2475 91 2114 1996 2 0 542666
438 2529 85 2114 2079 2 0 576032
439 2482 86 2118 1995 2 0 539630
440 2505 83 2118 2037 2 0 558046
441 2515 88 2120 2062 2 0 568399
442 2475 87 2123 1998 2 0 542088
443 2481 82 2123 2008 2 0 545506
444 2483 80 2126 2001 2 0 542562
445 2525 67 2126 2077 2 0 575447
446 2511 77 2128 2056 2 0 566561
447 2528 82 2131 2082 2 0 578812
448 2482 78 2131 2009 2 0 548560
449 2468 80 2131 1986 2 0 538877
450 2484 83 2134 2013 2 0 550909
451 2497 75 2135 2034 2 0 560090
452 2525 79 2138 2080 2 0 578740
453 2510 76 2139 2043 2 0 562711
454 2520 82 2140 2066 2 0 571696
455 2520 74 2141 2074 2 0 577061
456 2529 71 2143 2080 2 0 577131
457 2540 80 2145 2100 2 0 584662
458 2509 72 2146 2046 2 0 562864
459 2516 74 2148 2056 2 0 564837
460 2495 89 2150 2025 2 0 553597
461 2493 78 2151 2013 2 0 548125
462 2546 76 2154 2116 2 0 593955
463 2523 78 2156 2077 2 0 576381
464 2508 87 2157 2042 2 0 559794
465 2514 71 2157 2056 2 0 565965
466 2503 70 2157 2031 2 0 556445
467 2483 78 2159 2008 2 0 546709
468 2501 83 2161 2035 2 0 558930
469 2467 86 2162 1982 2 0 530826
470 2498 79 2162 2025 2 0 550388
471 2507 80 2162 2047 2 0 562165
472 2499 83 2162 2032 2 0 556376
473 2527 77 2164 2081 2 0 579870
474 2509 86 2165 2043 2 0 561703
475 2479 89 2169 1993 2 0 539853
476 2526 82 2172 2079 2 0 576220
477 2505 73 2173 2039 2 0 558332
478 2526 74 2174 2082 2 0 578092
479 2511 80 2177 2048 2 0 562507
480 2523 90 2181 2072 2 0 573734
481 2527 82 2182 2071 2 0 573253
482 2519 80 2184 2065 2 0 571188
483 2507 82 2184 2041 2 0 559774
484 2537 80 2184 2098 2 0 585262
485 2540 80 2186 2115 2 0 593660
486 2546 72 2189 2111 2 0 588075
487 2519 73 2190 2062 2 0 568544
488 2523 89 2193 2082 2 0 576954
489 2531 76 2194 2088 2 0 579508
490 2508 101 2198 2057 2 0 568847
491 2485 93 2201 2018 2 0 551692
492 2516 84 2205 2066 2 0 571045
493 2511 79 2206 2048 2 0 562961
494 2507 77 2209 2047 2 0 562668
495 2512 89 2209 2048 2 0 563193
496 2524 78 2211 2067 2 0 573289
497 2486 80 2213 2013 2 0 549026
498 2509 93 2214 2053 2 0 565382
499 2486 82 2215 2010 2 0 548368
500 2507 85 2219 2042 2 0 561456
501 2533 84 2222 2089 2 0 579902
502 2516 79 2227 2057 2 0 564400
503 2518 80 2227 2062 2 0 568862
504 2521 87 2227 2069 2 0 571659
505 2518 82 2229 2064 2 0 571997
506 2483 86 2229 2005 2 0 546276
507 2504 85 2230 2043 2 0 561801
508 2528 83 2232 2091 2 0 583695
509 2501 83 2235 2050 2 0 566517
510 2528 79 2239 2092 2 0 583746
511 2523 89 2240 2074 2 0 574585
512 2549 77 2242 2124 2 0 594229
513 2514 77 2242 2063 2 0 567758
514 2537 81 2245 2096 2 0 580733
515 2534 81 2249 2093 2 0 580085
516 2513 80 2249 2065 2 0 570484
517 2536 83 2252 2100 2 0 585697
518 2517 75 2254 2062 2 0 568767
519 2519 73 2256 2074 2 0 575351
520 2533 75 2257 2085 2 0 578245
521 2482 79 2257 2007 2 0 545628
522 2501 77 2260 2032 2 0 556359
523 2477 86 2264 2002 2 0 543822
524 2483 77 2264 2008 2 0 547740
525 2504 86 2264 2042 2 0 561103
526 2524 88 2266 2079 2 0 578746
527 2542 77 2269 2110 2 0 591315
528 2518 82 2270 2064 2 0 570449
529 2505 80 2270 2041 2 0 559670
530 2547 78 2272 2117 2 0 592637
531 2566 76 2272 2153 2 0 605610
532 2563 75 2272 2146 2 0 604781
533 2516 85 2274 2067 2 0 571119
534 2498 85 2275 2025 2 0 552738
535 2536 79 2278 2098 2 0 585309
536 2498 83 2279 2029 2 0 555485
537 2507 83 2284 2054 2 0 566453
538 2505 80 2285 2056 2 0 567407
539 2505 77 2286 2046 2 0 562857
540 2524 78 2289 2075 2 0 574567
541 2506 81 2289 2048 2 0 561683
542 2511 87 2291 2053 2 0 564400
543 2524 77 2295 2076 2 0 573916
544 2532 72 2295 2087 2 0 579501
545 2497 80 2296 2029 2 0 555472
546 2504 82 2298 2040 2 0 560093
547 2515 89 2301 2063 2 0 570160
548 2509 82 2304 2046 2 0 564463
549 2521 87 2305 2071 2 0 574317
550 2525 94 2308 2082 2 0 580859
551 2519 83 2309 2066 2 0 572714
552 2530 74 2310 2088 2 0 579970
553 2507 77 2311 2050 2 0 564149
554 2495 81 2312 2031 2 0 554290
555 2511 78 2313 2058 2 0 566980
556 2508 92 2315 2035 2 0 556576
557 2524 85 2319 2074 2 0 575106
558 2536 81 2321 2093 2 0 581680
559 2516 83 2322 2062 2 0 567781
560 2506 80 2323 2050 2 0 564669
561 2497 80 2323 2028 2 0 552709
562 2529 84 2325 2081 2 0 577262
563 2510 81 2327 2045 2 0 561843
564 2505 76 2328 2043 2 0 562077
565 2520 75 2329 2067 2 0 573243
566 2521 79 2329 2071 2 0 575172
567 2524 85 2330 2087 2 0 582282
568 2528 82 2331 2075 2 0 572283
569 2503 69 2332 2036 2 0 556454
570 2484 80 2333 2010 2 0 547336
571 2485 76 2335 2016 2 0 549614
572 2506 82 2336 2047 2 0 563163
573 2527 91 2340 2089 2 0 583617
574 2494 80 2342 2025 2 0 556402
575 2526 70 2342 2085 2 0 582051
576 2519 82 2342 2075 2 0 575866
577 2553 77 2342 2117 2 0 592321
578 2535 85 2347 2093 2 0 583245
579 2506 72 2351 2041 2 0 560195
580 2484 84 2353 2010 2 0 546837
581 2516 72 2354 2061 2 0 570407
582 2534 72 2355 2096 2 0 586567
583 2525 84 2361 2069 2 0 570561
584 2507 82 2362 2039 2 0 559030
585 2479 86 2365 2000 2 0 541647
586 2484 85 2366 2010 2 0 545894
587 2492 77 2367 2014 2 0 547411
588 2504 81 2369 2037 2 0 559845
589 2486 87 2371 2008 2 0 545739
590 2475 88 2372 1988 2 0 537090
591 2508 85 2372 2048 2 0 564514
592 2524 80 2372 2076 2 0 575842
593 2487 90 2373 2009 2 0 547412
594 2478 81 2377 1986 2 0 536756
595 2490 75 2378 2021 2 0 552527
596 2544 80 2379 2112 2 0 590861
597 2535 82 2379 2094 2 0 584090
598 2525 77 2380 2074 2 0 574319
599 2516 83 2384 2061 2 0 567026
600 2486 83 2384 2024 2 0 550845
601 2494 91 2385 2028 2 0 552859
602 2482 87 2387 2015 2 0 548335
603 2509 81 2388 2054 2 0 563914
604 2508 89 2388 2051 2 0 563135
605 2475 90 2389 1993 2 0 539804
606 2511 85 2391 2057 2 0 568067
607 2522 80 2392 2064 2 0 569036
608 2490 82 2393 2028 2 0 553926
609 2544 88 2396 2110 2 0 588329
610 2519 81 2398 2068 2 0 568252
611 2510 81 2400 2050 2 0 561071
612 2513 83 2402 2059 2 0 567568
613 2529 72 2406 2092 2 0 581837
614 2520 84 2408 2065 2 0 572286
615 2522 80 2411 2070 2 0 573367
616 2538 88 2412 2103 2 0 586579
617 2517 88 2415 2061 2 0 569679
618 2498 76 2416 2024 2 0 552546
619 2510 78 2418 2053 2 0 562057
620 2476 86 2421 1998 2 0 543866
621 2526 81 2421 2081 2 0 580604
622 2498 79 2423 2041 2 0 562303
623 2495 83 2423 2032 2 0 556046
624 2519 80 2424 2062 2 0 568309
625 2482 80 2425 2010 2 0 546206
626 2498 76 2428 2031 2 0 556323
627 2564 83 2429 2152 2 0 608968
628 2528 92 2430 2084 2 0 578842
629 2531 90 2434 2094 2 0 583836
630 2501 83 2437 2031 2 0 554567
631 2488 89 2439 2010 2 0 545269
632 2522 81 2439 2070 2 0 573917
633 2518 81 2440 2058 2 0 569172
634 2496 87 2442 2020 2 0 551360
635 2479 92 2442 2004 2 0 545512
636 2497 81 2443 2036 2 0 559812
637 2517 82 2443 2061 2 0 570942
638 2498 78 2443 2039 2 0 560437
639 2559 74 2443 2139 2 0 602490
640 2538 68 2444 2103 2 0 586708
641 2507 81 2445 2046 2 0 561626
642 2486 83 2447 2017 2 0 551749
643 2491 82 2448 2028 2 0 553269
644 2482 82 2451 2003 2 0 543082
645 2504 88 2454 2050 2 0 564217
646 2503 81 2456 2044 2 0 562443
647 2522 74 2457 2074 2 0 575222
648 2527 76 2457 2084 2 0 578814
649 2504 83 2457 2039 2 0 558332
650 2504 71 2457 2041 2 0 559996
651 2481 82 2460 1999 2 0 542660
652 2523 72 2460 2082 2 0 577790
653 2517 75 2463 2074 2 0 574505
654 2542 78 2464 2110 2 0 591582
655 2523 85 2466 2074 2 0 577019
656 2523 84 2466 2069 2 0 571726
657 2471 71 2466 1987 2 0 536525
658 2508 76 2468 2047 2 0 561851
659 2519 74 2470 2078 2 0 575420
660 2519 83 2471 2067 2 0 570785
661 2484 91 2471 2011 2 0 545313
662 2541 74 2473 2115 2 0 590588
663 2536 79 2473 2094 2 0 580525
664 2518 91 2473 2059 2 0 565252
665 2515 85 2475 2052 2 0 560961
666 2476 85 2478 1996 2 0 538253
667 2500 80 2478 2035 2 0 557727
668 2550 82 2481 2120 2 0 594171
669 2494 80 2483 2032 2 0 557935
670 2467 81 2487 1979 2 0 535234
671 2557 82 2488 2131 2 0 599209
672 2494 90 2489 2025 2 0 553921
673 2520 90 2489 2072 2 0 575444
674 2511 85 2491 2052 2 0 565621
675 2499 78 2493 2042 2 0 560319
676 2516 68 2493 2062 2 0 570238
677 2539 66 2495 2106 2 0 586940
678 2452 76 2496 1962 2 0 524803
679 2491 73 2497 2015 2 0 545978
680 2537 86 2499 2110 2 0 592041
681 2524 84 2501 2086 2 0 578033
682 2515 79 2502 2065 2 0 567281
683 2510 83 2503 2050 2 0 562183
684 2500 82 2506 2037 2 0 557832
685 2483 93 2510 2006 2 0 545141
686 2543 80 2512 2108 2 0 587122
687 2527 80 2512 2077 2 0 576469
688 2516 87 2515 2055 2 0 566533
689 2516 88 2516 2062 2 0 570073
690 2510 91 2516 2048 2 0 563678
691 2518 84 2518 2066 2 0 571533
692 2495 79 2518 2024 2 0 552597
693 2470 83 2521 1983 2 0 534740
694 2515 88 2524 2060 2 0 566778
695 2536 91 2525 2101 2 0 585690
696 2521 83 2527 2069 2 0 571695
697 2486 84 2529 2012 2 0 545463
698 2501 84 2531 2030 2 0 553231
699 2517 75 2531 2065 2 0 569687
700 2540 76 2532 2109 2 0 589829
701 2455 87 2534 1957 2 0 521968
702 2502 86 2536 2044 2 0 562140
703 2482 80 2537 2000 2 0 543359
704 2492 84 2539 2016 2 0 550237
705 2491 83 2541 2015 2 0 548309
706 2509 80 2541 2048 2 0 563510
707 2502 84 2542 2039 2 0 559073
708 2490 76 2543 2016 2 0 549994
709 2507 84 2547 2046 2 0 562055
710 2519 85 2549 2066 2 0 570213
711 2495 80 2550 2027 2 0 553453
712 2539 86 2553 2102 2 0 587080
713 2526 71 2554 2076 2 0 576302
714 2524 85 2558 2074 2 0 576791
715 2504 87 2559 2043 2 0 559849
716 2476 89 2560 1994 2 0 539107
717 2457 90 2563 1960 2 0 523909
718 2503 77 2566 2042 2 0 560243
719 2478 83 2567 2001 2 0 542281
720 2489 70 2567 2020 2 0 550512
721 2469 87 2568 1982 2 0 535103
722 2495 77 2569 2022 2 0 551833
723 2494 83 2572 2026 2 0 554871
724 2486 79 2573 2004 2 0 544032
725 2475 96 2576 1988 2 0 535730
726 2518 88 2577 2073 2 0 574739
727 2511 88 2578 2057 2 0 568081
728 2511 86 2580 2057 2 0 567241
729 2516 83 2584 2069 2 0 572058
730 2506 79 2585 2054 2 0 565961
731 2529 78 2588 2085 2 0 578158
732 2488 86 2591 2015 2 0 548610
733 2504 82 2593 2045 2 0 559886
734 2512 86 2595 2056 2 0 566081
735 2547 92 2598 2108 2 0 587805
736 2554 83 2598 2127 2 0 597742
737 2521 78 2598 2069 2 0 575424
738 2499 80 2599 2026 2 0 555396
739 2508 80 2600 2050 2 0 563946
740 2529 74 2600 2092 2 0 584210
741 2521 83 2603 2077 2 0 580048
742 2478 89 2605 2000 2 0 542763
743 2463 87 2610 1977 2 0 530811
744 2378 92 2618 1889 2 0 500814
745 1565 86 2646 1267 3 0 113447
746 1054 82 2659 871 4 0 56508.4
747 552 50 2664 452 4 0 19022.5
748 274 35 2668 210 2 0 4957.91
749 219 30 2672 167 2 0 2566.94
750 176 29 2679 137 3 0 855.422
751 161 29 2695 131 4 0 794.982
752 367 42 2713 308 5 0 13314.1
753 1141 83 2762 918 5 0 109113
754 1150 88 2806 911 6 0 104427
755 1260 98 2839 999 5 0 126897
756 911 100 2868 720 6 0 48290.6
757 963 105 2892 795 9 0 72890.6
758 1169 108 2918 935 6 0 107585
759 1180 97 2937 942 5 0 114481
760 802 81 2944 667 5 0 53001
761 878 79 2950 747 5 0 66576
762 488 62 2958 388 5 0 16258.5
763 972 86 2974 801 6 0 73562.4
764 699 83 2982 567 7 0 38845.1
765 1230 101 2993 1006 5 0 126075
766 979 92 3009 794 5 0 80634.2
767 833 79 3018 682 5 0 56829.9
768 795 72 3025 638 4 0 52778.2
769 490 66 3030 396 5 0 19096.5
770 862 81 3040 703 5 0 59338.9
771 603 62 3045 483 4 0 29372.1
772 676 87 3075 547 8 0 39653.4
773 1090 110 3106 900 7 0 102805
774 1227 94 3125 971 4 0 127023
775 1250 90 3140 984 3 0 132717
776 1254 88 3156 1003 3 0 133579
777 1251 90 3170 998 3 0 132138
778 1255 87 3185 1007 3 0 133909
779 1245 72 3194 1009 3 0 132317
780 1263 75 3209 1042 3 0 138833
781 1273 71 3216 1040 3 0 138908
782 1249 79 3233 993 3 0 131004
783 1279 76 3238 1056 3 0 142199
784 1272 78 3248 1035 3 0 138584
785 1282 81 3259 1045 3 0 140995
786 1292 79 3270 1062 3 0 145154
787 1262 73 3273 1016 3 0 135395
788 1255 76 3280 1009 3 0 133367
789 1273 78 3292 1018 3 0 136390
790 1274 80 3302 1028 3 0 137877
791 1293 79 3306 1067 3 0 145649
792 1280 72 3313 1057 3 0 142452
793 1250 77 3322 1022 3 0 134529
794 1260 86 3334 1024 3 0 135729
795 1281 85 3341 1060 3 0 143472
796 1281 77 3346 1052 3 0 141991
797 1273 79 3356 1034 3 0 138608
798 1275 76 3361 1047 3 0 140851
799 1275 83 3369 1029 3 0 137223
800 1268 77 3377 1027 3 0 136636
801 1278 72 3382 1060 3 0 143529
802 1306 71 3387 1074 3 0 147757
803 1286 73 3390 1068 3 0 145161
804 1297 75 3398 1073 3 0 148228
805 1258 87 3417 1035 4 0 141170
806 1131 84 3428 916 4 0 108457
807 1127 84 3439 921 4 0 108191
808 1123 88 3451 910 4 0 107727
809 1125 75 3456 922 4 0 108857
810 1131 93 3463 916 4 0 107933
811 1131 87 3471 909 4 0 108077
812 1110 91 3478 887 4 0 103093
813 1119 94 3483 895 4 0 104649
814 1111 93 3491 892 4 0 103768
815 1131 98 3501 915 4 0 108452
816 1153 85 3503 945 4 0 114347
817 1139 81 3510 937 4 0 111234
818 1127 86 3520 918 4 0 108389
819 1126 86 3528 934 4 0 108877
820 1154 90 3538 974 4 0 117234
821 1129 92 3547 926 4 0 108402
822 1164 83 3556 982 4 0 119085
823 1136 92 3562 944 4 0 112023
824 1125 89 3563 915 4 0 108142
825 1148 88 3568 937 4 0 111906
826 1146 84 3572 943 4 0 113586
827 1110 81 3573 904 4 0 104852
828 1099 77 3574 880 4 0 100888
829 1127 76 3575 930 4 0 109444
830 1130 77 3580 947 4 0 112775
831 1143 86 3585 963 4 0 115445
832 1112 82 3588 899 4 0 104316
833 1142 81 3591 943 4 0 113059
834 1111 83 3592 903 4 0 104207
835 1124 87 3597 926 4 0 108812
836 1128 95 3599 921 4 0 108968
837 1150 94 3605 953 4 0 113938
838 1161 92 3609 960 4 0 116626
839 1122 95 3612 915 4 0 106854
840 1121 88 3615 911 4 0 106082
841 1116 81 3617 911 4 0 105575
842 1134 80 3620 939 4 0 112008
843 1117 86 3624 903 4 0 104566
844 1120 93 3626 902 4 0 104354
845 1100 89 3629 874 4 0 100066
846 1140 87 3632 922 4 0 109485
847 1139 82 3635 931 4 0 110561
848 1135 86 3639 925 4 0 109593
849 1147 81 3643 944 4 0 113416
850 1137 92 3648 937 4 0 112063
851 1110 95 3649 890 4 0 102871
852 1139 92 3653 943 4 0 113752
853 1129 89 3656 920 4 0 107930
854 1134 87 3658 941 4 0 111798
855 1103 87 3659 883 4 0 100625
856 1094 87 3659 876 4 0 99618.6
857 1100 88 3663 879 4 0 100645
858 1118 98 3666 909 4 0 105431
859 1101 88 3672 905 4 0 104586
860 1142 86 3672 943 4 0 112971
861 1152 89 3672 946 4 0 114096
862 1127 89 3675 921 4 0 107640
863 1143 75 3678 947 4 0 113362
864 1113 81 3682 909 4 0 106850
865 1121 87 3684 906 4 0 106850
866 1128 82 3685 918 4 0 108085
867 1113 77 3685 910 4 0 104558
868 1161 80 3687 981 4 0 118695
869 1129 87 3689 920 4 0 109056
870 1094 86 3690 879 4 0 99556.2
871 1095 81 3691 879 4 0 99588.3
872 1135 79 3695 944 4 0 111953
873 1115 86 3697 909 4 0 105068
874 1116 89 3701 918 4 0 106287
875 1105 82 3701 915 4 0 105880
876 1131 80 3704 938 4 0 111404
877 1158 82 3706 962 4 0 116524
878 1148 89 3707 943 4 0 114006
879 1148 83 3709 947 4 0 113103
880 1159 81 3711 967 4 0 116563
881 1145 88 3712 947 4 0 113447
882 1115 86 3713 919 4 0 107330
883 1143 80 3713 946 4 0 113135
884 1101 90 3714 898 4 0 103440
885 1091 91 3714 874 4 0 99325.8
886 1080 85 3715 874 4 0 98901.9
887 1119 93 3715 916 4 0 106946
888 1123 90 3716 923 4 0 108168
889 1121 89 3717 913 4 0 107008
890 1150 91 3717 937 4 0 111780
891 1159 89 3718 949 4 0 115594
892 1121 95 3720 915 4 0 107687
893 1131 87 3723 931 4 0 110245
894 1128 83 3723 905 4 0 106966
895 1136 86 3726 943 4 0 112639
896 1147 85 3727 960 4 0 115491
897 1126 86 3730 919 4 0 108377
898 1127 86 3731 919 4 0 108878
899 1116 88 3733 901 4 0 105700
900 1135 82 3733 927 4 0 109633
901 1102 79 3737 886 4 0 101797
902 1118 92 3738 910 4 0 106018
903 1127 96 3740 915 4 0 107318
904 1125 89 3741 905 4 0 106209
905 1117 89 3744 897 4 0 104489
906 1138 89 3746 925 4 0 110030
907 1145 98 3748 941 4 0 112799
908 1144 86 3748 938 4 0 113388
909 1147 80 3748 953 4 0 114114
910 1130 86 3749 922 4 0 108704
911 1102 88 3749 885 4 0 102111
912 1163 84 3752 969 4 0 117654
913 1135 88 3755 929 4 0 109594
914 1172 89 3759 977 4 0 120272
915 1122 84 3762 903 4 0 106078
916 1138 94 3762 942 4 0 112312
917 1128 85 3767 929 4 0 109738
918 1171 77 3767 986 4 0 121738
919 1175 83 3768 985 4 0 121098
920 1144 82 3771 948 4 0 113266
921 1103 86 3771 912 4 0 104650
922 1133 77 3772 942 4 0 111199
923 1120 89 3774 920 4 0 108916
924 1121 86 3775 891 4 0 104503
925 1131 87 3776 926 4 0 109303
926 1132 84 3777 926 4 0 110040
927 1154 92 3780 944 4 0 114292
928 1125 92 3782 907 4 0 106586
929 1110 90 3784 897 4 0 104548
930 1098 88 3785 893 4 0 102333
931 1126 88 3785 914 4 0 106947
932 1142 88 3785 936 4 0 112400
933 1127 88 3787 922 4 0 108732
934 1135 90 3787 925 4 0 109585
935 1115 91 3789 902 4 0 105178
936 1146 90 3793 952 4 0 114285
937 1139 88 3796 936 4 0 110443
938 1145 87 3797 954 4 0 114398
939 1127 91 3798 907 4 0 106286
940 1135 92 3801 909 4 0 108040
941 1137 92 3802 948 4 0 112721
942 1168 93 3804 978 4 0 119213
943 1131 90 3806 922 4 0 108796
944 1129 96 3806 937 4 0 110777
945 1129 89 3806 923 4 0 108114
946 1158 79 3809 963 4 0 117062
947 1148 79 3809 958 4 0 115008
948 1144 84 3809 946 4 0 112605
949 1150 89 3813 959 4 0 114837
950 1148 86 3814 944 4 0 113539
951 1139 91 3815 929 4 0 109954
952 1167 88 3818 971 4 0 118429
953 1146 89 3821 954 4 0 114700
954 1151 88 3822 943 4 0 113188
955 1143 80 3823 953 4 0 114151
956 1127 83 3823 918 4 0 108393
957 1087 87 3823 862 4 0 97825.2
958 1102 81 3823 878 4 0 101644
959 1118 87 3823 900 4 0 105808
960 1122 98 3824 906 4 0 106351
961 1122 99 3826 904 4 0 106039
962 1124 86 3828 929 4 0 109095
963 1110 99 3830 898 4 0 104316
964 1118 91 3831 897 4 0 104793
965 1133 93 3833 924 4 0 109682
966 1111 86 3835 894 4 0 104276
967 1108 90 3836 894 4 0 104190
968 1107 97 3838 891 4 0 102463
969 1121 90 3838 909 4 0 107024
970 1107 86 3838 898 4 0 103771
971 1111 92 3838 891 4 0 103803
972 1135 87 3840 937 4 0 110547
973 1097 91 3840 892 4 0 101736
974 1106 92 3842 888 4 0 102342
975 1112 84 3843 910 4 0 105930
976 1112 88 3844 901 4 0 104920
977 1119 84 3846 913 4 0 106718
978 1104 89 3846 889 4 0 103030
979 1131 86 3848 931 4 0 111155
980 1112 83 3848 903 4 0 105013
981 1135 94 3848 928 4 0 110032
982 1144 84 3850 930 4 0 112207
983 1123 84 3850 903 4 0 106239
984 1129 96 3852 903 4 0 107090
985 1093 89 3853 866 4 0 98883.8
986 1108 89 3853 885 4 0 102341
987 1117 97 3856 890 4 0 103969
988 1128 82 3858 916 4 0 107760
989 1143 87 3858 933 4 0 111107
990 1161 88 3860 973 4 0 117659
991 1133 90 3863 928 4 0 108758
992 1132 85 3864 930 4 0 110132
993 1096 83 3865 893 4 0 102074
994 1116 87 3866 906 4 0 105885
995 1090 90 3867 875 4 0 99409.7
996 1103 89 3867 888 4 0 102264
997 1112 83 3868 904 4 0 105508
998 1075 91 3869 854 4 0 95536.2
999 1111 97 3875 891 4 0 103387
1000 1138 83 3875 927 4 0 110612
1001 1149 84 3878 936 4 0 112662
1002 1150 82 3878 940 4 0 113046
1003 1166 83 3880 968 4 0 118520
1004 1132 84 3881 932 4 0 110858
1005 1102 80 3881 905 4 0 104183
1006 1120 74 3881 914 4 0 107386
1007 1127 80 3883 930 4 0 109411
1008 1130 81 3884 930 4 0 109821
1009 1142 93 3887 949 4 0 113407
1010 1135 84 3888 940 4 0 110645
1011 1131 79 3888 937 4 0 111024
1012 1144 87 3892 951 4 0 114260
1013 1134 84 3895 926 4 0 109892
1014 1114 82 3896 903 4 0 105177
1015 1121 78 3896 932 4 0 109385
1016 1131 82 3896 920 4 0 108322
1017 1099 85 3898 885 4 0 102031
1018 1140 84 3898 941 4 0 112631
1019 1142 89 3899 935 4 0 110524
1020 1129 88 3899 924 4 0 107922
1021 1138 87 3899 938 4 0 113021
1022 1126 92 3899 909 4 0 107267
1023 1121 88 3902 914 4 0 107018
1024 1107 89 3902 898 4 0 103304
1025 1113 85 3902 910 4 0 105797
1026 1101 88 3902 904 4 0 104147
1027 1120 91 3904 923 4 0 108849
1028 1160 88 3906 971 4 0 117878
1029 1146 90 3907 943 4 0 112682
1030 1116 86 3910 910 4 0 106052
1031 1126 78 3910 929 4 0 109244
1032 1147 81 3912 959 4 0 114637
1033 1135 79 3913 932 4 0 110684
1034 1122 87 3914 911 4 0 107091
1035 1137 89 3915 918 4 0 109756
1036 1116 80 3916 903 4 0 106338
1037 1129 85 3917 933 4 0 109825
1038 1157 75 3917 964 4 0 116919
1039 1148 85 3917 943 4 0 113291
1040 1111 82 3918 905 4 0 105430
1041 1156 81 3919 970 4 0 117392
1042 1141 89 3920 931 4 0 111353
1043 1133 85 3921 925 4 0 109527
1044 1123 85 3922 922 4 0 107273
1045 1115 92 3922 904 4 0 104626
1046 1128 90 3922 928 4 0 109589
1047 1161 84 3923 978 4 0 117298
1048 1123 86 3925 928 4 0 108367
1049 1130 85 3926 914 4 0 108223
1050 1138 86 3927 932 4 0 111539
1051 1138 90 3928 930 4 0 110932
1052 1141 95 3928 935 4 0 111577
1053 1109 92 3930 880 4 0 102617
1054 1112 86 3931 891 4 0 103991
1055 1159 92 3933 948 4 0 115171
1056 1149 89 3936 948 4 0 113878
1057 1089 81 3937 875 4 0 99933.1
1058 1134 86 3937 932 4 0 110331
1059 1126 84 3937 920 4 0 108298
1060 1144 78 3937 940 4 0 112737
1061 1154 78 3940 966 4 0 116877
1062 1134 79 3943 930 4 0 110299
1063 1149 73 3945 950 4 0 113737
1064 1117 84 3945 910 4 0 106543
1065 1135 88 3946 928 4 0 110973
1066 1096 84 3947 888 4 0 101843
1067 1080 84 3947 858 4 0 96850.2
1068 1092 80 3948 868 4 0 98845.4
1069 1118 86 3949 897 4 0 105753
1070 1147 82 3951 951 4 0 114615
1071 1121 83 3953 922 4 0 107517
1072 1138 85 3954 933 4 0 110551
1073 1123 85 3954 912 4 0 107284
1074 1118 91 3956 914 4 0 106593
1075 1139 84 3956 942 4 0 112634
1076 1106 93 3956 889 4 0 102309
1077 1128 92 3958 910 4 0 107612
1078 1147 87 3959 942 4 0 113096
1079 1101 88 3960 879 4 0 101328
1080 1109 91 3960 894 4 0 104213
1081 1128 90 3960 925 4 0 108435
1082 1143 88 3961 947 4 0 113142
1083 1131 89 3961 926 4 0 109331
1084 1087 89 3962 858 4 0 96883.4
1085 1087 89 3963 857 4 0 97051.1
1086 1114 91 3966 903 4 0 104424
1087 1130 88 3966 918 4 0 107942
1088 1113 81 3967 895 4 0 103279
1089 1101 88 3967 893 4 0 102413
1090 1079 81 3968 866 4 0 97826.5
1091 1107 83 3968 902 4 0 103255
1092 1143 77 3969 948 4 0 113274
1093 1126 85 3971 930 4 0 110543
1094 1121 88 3971 919 4 0 108788
1095 1121 87 3971 916 4 0 107019
1096 1143 78 3972 954 4 0 114477
1097 1152 85 3972 958 4 0 114440
1098 1136 92 3973 925 4 0 109094
1099 1150 80 3974 967 4 0 116909
1100 1128 77 3977 927 4 0 108749
1101 1153 83 3978 960 4 0 116475
1102 1145 87 3982 950 4 0 113842
1103 1142 80 3982 940 4 0 111755
1104 1135 87 3985 931 4 0 110360
1105 1127 75 3985 926 4 0 109097
1106 1144 77 3987 943 4 0 113062
1107 1126 82 3987 920 4 0 108310
1108 1144 84 3987 945 4 0 113193
1109 1146 88 3988 938 4 0 111138
1110 1080 88 3990 856 4 0 95609.3
1111 1105 90 3991 880 4 0 102145
1112 1143 87 3991 951 4 0 113961
1113 1117 91 3992 908 4 0 105358
1114 1119 83 3993 911 4 0 106397
1115 1129 89 3993 933 4 0 109577
1116 1143 88 3995 951 4 0 113375
1117 1150 84 3998 949 4 0 114542
1118 1121 92 3998 898 4 0 103742
1119 1144 89 3998 932 4 0 110801
1120 1136 86 3998 935 4 0 110518
1121 1132 86 3998 914 4 0 108321
1122 1125 81 3999 922 4 0 108988
1123 1139 88 3999 935 4 0 112370
1124 1160 83 4000 979 4 0 118715
1125 1121 85 4001 924 4 0 107537
1126 1123 80 4002 913 4 0 107542
1127 1122 78 4003 912 4 0 106894
1128 1111 81 4005 895 4 0 103937
1129 1127 88 4005 914 4 0 107700
1130 1141 87 4005 937 4 0 112348
1131 1132 87 4005 932 4 0 110219
1132 1135 97 4007 924 4 0 110113
1133 1156 93 4011 958 4 0 117067
1134 1169 85 4013 980 4 0 120125
1135 1136 78 4016 940 4 0 112923
1136 1127 74 4016 925 4 0 108760
1137 1123 89 4018 916 4 0 107936
1138 1125 85 4020 925 4 0 109672
1139 1134 90 4021 933 4 0 110373
1140 1151 82 4021 956 4 0 115050
1141 1103 83 4022 885 4 0 102180
1142 1135 84 4022 943 4 0 112145
1143 1148 85 4025 942 4 0 113763
1144 1108 90 4026 903 4 0 105894
1145 1112 89 4026 902 4 0 105081
1146 1133 82 4026 939 4 0 112376
1147 1143 87 4027 939 4 0 112913
1148 1157 84 4027 963 4 0 117052
1149 1143 84 4027 945 4 0 112764
1150 1134 92 4027 936 4 0 110499
1151 1109 90 4027 900 4 0 104598
1152 1114 89 4028 907 4 0 105402
1153 1111 86 4028 898 4 0 103695
1154 1153 86 4032 957 4 0 114634
1155 1132 80 4033 944 4 0 112186
1156 1106 82 4034 893 4 0 103353
1157 1118 80 4034 908 4 0 106366
1158 1138 85 4036 947 4 0 112657
1159 1134 95 4036 924 4 0 109063
1160 1138 89 4036 934 4 0 111168
1161 1145 87 4036 935 4 0 112067
1162 1121 88 4036 903 4 0 105948
1163 1114 86 4036 907 4 0 106669
1164 1150 87 4038 956 4 0 114398
1165 1130 84 4039 923 4 0 109611
1166 1176 86 4040 988 4 0 121426
1167 1122 92 4041 913 4 0 107072
1168 1112 92 4042 903 4 0 105780
1169 1119 87 4042 912 4 0 106917
1170 1119 84 4042 923 4 0 108369
1171 1145 81 4045 944 4 0 113365
1172 1126 84 4046 920 4 0 108489
1173 1132 82 4047 925 4 0 110119
1174 1104 90 4048 894 4 0 103161
1175 1154 84 4048 953 4 0 115033
1176 1124 78 4048 915 4 0 107224
1177 1119 85 4050 911 4 0 107427
1178 1139 82 4050 941 4 0 111475
1179 1119 84 4051 922 4 0 107217
1180 1113 83 4053 912 4 0 107100
1181 1121 86 4053 922 4 0 107051
1182 1119 84 4054 912 4 0 106630
1183 1118 87 4054 920 4 0 108111
1184 1120 87 4056 913 4 0 106538
1185 1146 76 4057 962 4 0 116712
1186 1119 86 4060 906 4 0 105075
1187 1138 80 4063 928 4 0 110558
1188 1143 94 4064 931 4 0 111799
1189 1131 94 4066 920 4 0 108809
1190 1122 85 4066 927 4 0 108644
1191 1113 87 4066 893 4 0 103762
1192 1113 93 4066 895 4 0 103649
1193 1106 90 4069 885 4 0 102183
1194 1121 93 4069 915 4 0 106955
1195 1151 82 4071 958 4 0 115125
1196 1131 77 4072 945 4 0 111033
1197 1169 86 4075 976 4 0 119084
1198 1138 92 4075 924 4 0 109900
1199 1115 91 4078 897 4 0 104976
1200 1092 84 4078 865 4 0 98053.8
1201 1126 87 4079 915 4 0 108366
1202 1161 94 4079 943 4 0 114707
1203 1135 92 4080 908 4 0 107547
1204 1117 86 4081 904 4 0 105270
1205 1163 85 4082 981 4 0 119689
1206 1107 82 4083 902 4 0 104581
1207 1139 89 4085 930 4 0 110424
1208 1093 97 4086 863 4 0 97996.5
1209 1137 93 4086 925 4 0 109575
1210 1123 88 4087 916 4 0 107043
1211 1132 88 4087 923 4 0 109650
1212 1156 86 4090 959 4 0 115751
1213 1122 96 4091 903 4 0 106024
1214 1105 90 4092 886 4 0 102351
1215 1124 77 4092 925 4 0 110186
1216 1135 74 4092 937 4 0 111765
1217 1127 77 4093 923 4 0 108830
1218 1129 90 4096 921 4 0 109423
1219 1138 93 4096 938 4 0 111447
1220 1131 100 4097 928 4 0 110233
1221 1135 93 4098 937 4 0 111484
1222 1151 83 4099 951 4 0 114384
1223 1160 86 4100 965 4 0 116742
1224 1137 79 4100 937 4 0 112122
1225 1124 79 4100 919 4 0 108755
1226 1139 86 4100 921 4 0 109754
1227 1095 87 4102 861 4 0 98575.1
1228 1112 89 4103 900 4 0 104789
1229 1118 90 4103 916 4 0 107206
1230 1123 85 4106 912 4 0 107452
1231 1104 89 4107 874 4 0 100920
1232 1088 88 4108 853 4 0 96517.3
1233 1095 87 4108 884 4 0 101070
1234 1140 77 4109 945 4 0 112773
1235 1126 81 4110 928 4 0 110015
1236 1118 82 4111 924 4 0 107750
1237 1118 84 4114 911 4 0 106813
1238 1135 87 4115 929 4 0 109518
1239 1118 84 4117 912 4 0 107293
1240 1135 89 4118 923 4 0 108653
1241 1132 84 4120 916 4 0 107385
1242 1120 84 4123 912 4 0 106833
1243 1152 85 4125 955 4 0 114269
1244 1125 74 4126 921 4 0 108447
1245 1151 81 4128 951 4 0 114871
1246 1161 81 4128 966 4 0 118288
1247 1120 85 4129 910 4 0 107354
1248 1135 80 4129 938 4 0 110989
1249 1118 84 4132 903 4 0 106280
1250 1124 79 4133 923 4 0 107808
1251 1120 81 4134 916 4 0 106804
1252 1108 89 4136 897 4 0 103476
1253 1089 89 4139 879 4 0 100194
1254 1118 89 4141 918 4 0 107075
1255 1110 87 4141 909 4 0 105493
1256 1140 85 4141 947 4 0 113391
1257 1142 80 4142 954 4 0 114322
1258 1139 82 4142 951 4 0 113548
1259 1163 80 4144 981 4 0 119841
1260 1128 88 4145 918 4 0 108192
1261 1141 86 4145 938 4 0 112045
1262 1137 90 4145 937 4 0 110677
1263 1126 80 4146 924 4 0 108678
1264 1102 84 4147 883 4 0 101770
1265 1119 83 4147 911 4 0 106506
1266 1145 85 4148 945 4 0 112780
1267 1131 88 4149 921 4 0 108964
1268 1109 90 4149 896 4 0 104147
1269 1098 93 4150 867 4 0 99131.9
1270 1120 85 4151 896 4 0 105136
1271 1122 81 4152 906 4 0 106527
1272 1151 80 4153 938 4 0 112559
1273 1122 82 4154 912 4 0 107284
1274 1120 92 4154 914 4 0 107862
1275 1090 84 4155 892 4 0 101550
1276 1141 78 4156 956 4 0 115069
1277 1111 82 4156 895 4 0 104503
1278 1114 87 4156 890 4 0 103435
1279 1145 83 4157 936 4 0 112430
1280 1145 78 4158 944 4 0 112727
1281 1103 86 4158 899 4 0 103026
1282 1128 94 4159 920 4 0 108024
1283 1129 82 4159 929 4 0 109640
1284 1149 87 4159 950 4 0 114348
1285 1131 86 4161 940 4 0 111662
1286 1127 86 4161 936 4 0 110118
1287 1133 89 4162 934 4 0 110221
1288 1135 90 4163 923 4 0 109385
1289 1088 88 4164 874 4 0 98837.7
1290 1118 94 4165 914 4 0 106402
1291 1112 85 4166 893 4 0 103712
1292 1139 89 4168 938 4 0 111443
1293 1137 88 4168 943 4 0 112891
1294 1132 82 4168 926 4 0 109458
1295 1081 83 4169 865 4 0 97042.6
1296 1081 92 4171 854 4 0 96661.4
1297 1114 93 4171 894 4 0 103380
1298 1149 99 4173 944 4 0 114127
1299 1133 93 4174 919 4 0 109264
1300 1137 95 4174 916 4 0 109035
1301 1138 84 4174 926 4 0 110459
1302 1125 90 4175 915 4 0 107571
1303 1108 88 4175 908 4 0 105333
1304 1119 79 4175 934 4 0 110069
1305 1134 81 4175 936 4 0 111105
1306 1161 82 4176 976 4 0 118028
1307 1145 84 4176 941 4 0 111514
1308 1158 85 4178 964 4 0 117062
1309 1122 83 4181 917 4 0 108226
1310 1079 90 4183 866 4 0 97223.5
1311 1136 84 4183 931 4 0 110106
1312 1122 76 4184 919 4 0 106941
1313 1158 85 4185 964 4 0 116491
1314 1148 82 4185 956 4 0 115650
1315 1140 79 4185 953 4 0 113959
1316 1133 82 4186 930 4 0 110438
1317 1155 78 4187 964 4 0 117055
1318 1134 84 4188 945 4 0 112347
1319 1091 85 4188 888 4 0 101551
1320 1084 77 4189 879 4 0 99895.8
1321 1115 87 4189 900 4 0 104979
1322 1136 84 4191 916 4 0 108112
1323 1147 74 4193 955 4 0 115264
1324 1164 84 4193 972 4 0 117539
1325 1094 83 4193 885 4 0 100502
1326 1142 81 4194 944 4 0 112343
1327 1139 82 4195 930 4 0 110631
1328 1106 80 4195 897 4 0 104037
1329 1135 86 4196 931 4 0 110224
1330 1163 83 4196 973 4 0 117864
1331 1148 81 4198 957 4 0 115088
1332 1140 86 4199 937 4 0 112431
1333 1144 87 4200 941 4 0 112621
1334 1140 91 4202 936 4 0 111980
1335 1114 92 4202 900 4 0 105145
1336 1130 81 4204 917 4 0 108128
1337 1136 76 4206 933 4 0 110919
1338 1132 80 4207 932 4 0 110613
1339 1131 79 4210 933 4 0 110208
1340 1155 84 4211 962 4 0 115802
1341 1133 85 4211 932 4 0 110906
1342 1129 98 4211 925 4 0 109541
1343 1132 89 4213 922 4 0 109192
1344 1097 89 4213 880 4 0 100710
1345 1119 85 4215 912 4 0 107057
1346 1123 93 4217 918 4 0 108322
1347 1115 94 4218 908 4 0 106280
1348 1099 92 4218 891 4 0 103223
1349 1100 83 4218 893 4 0 102269
1350 1135 84 4219 929 4 0 109739
1351 1158 81 4219 967 4 0 116779
1352 1101 85 4219 893 4 0 103450
1353 1105 91 4222 907 4 0 105122
1354 1132 88 4223 938 4 0 110661
1355 1113 85 4225 908 4 0 106197
1356 1077 84 4225 864 4 0 97248.4
1357 1124 94 4227 921 4 0 108216
1358 1126 89 4227 935 4 0 110734
1359 1155 91 4228 959 4 0 115575
1360 1128 85 4228 940 4 0 111121
1361 1139 84 4228 939 4 0 112360
1362 1140 84 4228 935 4 0 111713
1363 1141 88 4228 931 4 0 110670
1364 1154 83 4229 952 4 0 114945
1365 1135 92 4230 926 4 0 109874
1366 1151 90 4233 954 4 0 115022
1367 1173 85 4234 971 4 0 118418
1368 1146 89 4234 942 4 0 113426
1369 1139 79 4235 941 4 0 112278
1370 1118 86 4236 894 4 0 104937
1371 1130 89 4236 919 4 0 107611
1372 1154 89 4237 958 4 0 114810
1373 1143 93 4237 943 4 0 112355
1374 1141 88 4237 944 4 0 112786
1375 1123 85 4239 906 4 0 106518
1376 1122 82 4239 912 4 0 106742
1377 1109 95 4241 900 4 0 104735
1378 1108 89 4242 891 4 0 103439
1379 1099 82 4243 876 4 0 100144
1380 1098 87 4244 884 4 0 101147
1381 1129 90 4246 923 4 0 108370
1382 1100 98 4247 882 4 0 100746
1383 1137 81 4247 939 4 0 111351
1384 1128 84 4248 919 4 0 108746
1385 1155 79 4250 956 4 0 116231
1386 1141 87 4252 936 4 0 111615
1387 1155 90 4252 956 4 0 115158
1388 1158 86 4254 970 4 0 117813
1389 1113 85 4257 916 4 0 106572
1390 1136 90 4258 939 4 0 111087
1391 1128 96 4259 917 4 0 108429
1392 1120 87 4259 913 4 0 107108
1393 1123 88 4260 914 4 0 107562
1394 1126 90 4262 919 4 0 108813
1395 1122 82 4263 932 4 0 109712
1396 1163 85 4263 966 4 0 118019
1397 1116 85 4263 917 4 0 106779
1398 1148 83 4263 957 4 0 115129
1399 1147 76 4264 953 4 0 113431
1400 1153 84 4264 959 4 0 116033
1401 1139 86 4267 940 4 0 111929
1402 1127 82 4269 927 4 0 109173
1403 1125 86 4269 916 4 0 106976
1404 1137 79 4269 943 4 0 112216
1405 1141 86 4270 939 4 0 111914
1406 1141 83 4271 938 4 0 111548
1407 1075 91 4272 846 4 0 94469.5
1408 1096 91 4274 874 4 0 100360
1409 1118 95 4274 903 4 0 104967
1410 1144 86 4274 944 4 0 112465
1411 1128 92 4274 934 4 0 109660
1412 1088 93 4276 874 4 0 98919.8
1413 1093 86 4276 893 4 0 101904
1414 1128 88 4277 922 4 0 109085
1415 1125 90 4279 920 4 0 108191
1416 1126 82 4279 929 4 0 108293
1417 1109 95 4281 899 4 0 103457
1418 1115 89 4282 911 4 0 106039
1419 1122 82 4284 925 4 0 108648
1420 1131 90 4286 932 4 0 110197
1421 1122 79 4287 920 4 0 108534
1422 1128 83 4287 929 4 0 109829
1423 1117 82 4287 900 4 0 104054
1424 1140 81 4287 939 4 0 111635
1425 1117 79 4288 917 4 0 106598
1426 1130 90 4289 927 4 0 109539
1427 1128 85 4290 912 4 0 107132
1428 1108 85 4290 889 4 0 102562
1429 1121 89 4291 919 4 0 109064
1430 1141 86 4292 932 4 0 111290
1431 1125 90 4293 921 4 0 108766
1432 1113 90 4294 899 4 0 104869
1433 1119 85 4294 909 4 0 106551
1434 1132 88 4295 917 4 0 108487
1435 1156 87 4296 952 4 0 115952
1436 1131 77 4296 920 4 0 108935
1437 1150 90 4297 952 4 0 114801
1438 1143 86 4301 940 4 0 112146
1439 1152 84 4301 962 4 0 115553
1440 1143 81 4301 947 4 0 113996
1441 1148 87 4302 948 4 0 115194
1442 1129 93 4303 909 4 0 107156
1443 1138 78 4304 926 4 0 109508
1444 1139 86 4304 935 4 0 111564
1445 1141 82 4305 936 4 0 111004
1446 1159 85 4306 972 4 0 117725
1447 1126 88 4306 922 4 0 109882
1448 1124 86 4306 923 4 0 108384
1449 1145 80 4306 948 4 0 114013
1450 1144 83 4307 953 4 0 114642
1451 1128 88 4308 920 4 0 109562
1452 1123 83 4309 918 4 0 108429
1453 1137 80 4310 943 4 0 112419
1454 1127 79 4310 922 4 0 109268
1455 1133 84 4311 924 4 0 109271
1456 1120 91 4313 911 4 0 106262
1457 1143 85 4315 936 4 0 111515
1458 1120 89 4317 926 4 0 109423
1459 1132 80 4317 942 4 0 111852
1460 1136 88 4319 948 4 0 112860
1461 1147 93 4319 955 4 0 114979
1462 1161 87 4320 970 4 0 118248
1463 1146 89 4320 943 4 0 112876
1464 1148 87 4320 941 4 0 113407
1465 1105 91 4320 900 4 0 104729
1466 1117 91 4320 914 4 0 107544
1467 1117 90 4320 911 4 0 107396
1468 1124 93 4320 910 4 0 107178
1469 1125 81 4320 923 4 0 108804
1470 1112 87 4320 904 4 0 104173
1471 1138 88 4321 940 4 0 112299
1472 1100 75 4321 900 4 0 103406
1473 1119 85 4323 915 4 0 107562
1474 1121 93 4324 923 4 0 108248
1475 1133 91 4324 933 4 0 110761
1476 1156 85 4327 953 4 0 115125
1477 1118 86 4329 900 4 0 104403
1478 1111 93 4329 887 4 0 103746
1479 1132 91 4329 919 4 0 108946
1480 1121 81 4329 923 4 0 108249
1481 1147 87 4331 947 4 0 114660
1482 1139 85 4333 939 4 0 112171
1483 1154 87 4334 954 4 0 115988
1484 1123 80 4335 919 4 0 107668
1485 1132 88 4335 911 4 0 107697
1486 1135 88 4336 923 4 0 110249
1487 1157 81 4336 967 4 0 117103
1488 1147 83 4336 944 4 0 112857
1489 1122 85 4337 922 4 0 107879
1490 1113 86 4338 898 4 0 103907
1491 1109 86 4338 891 4 0 103912
1492 1116 84 4338 902 4 0 105971
1493 1136 85 4339 924 4 0 109310
1494 1148 87 4339 944 4 0 113846
1495 1154 81 4340 955 4 0 115443
1496 1124 85 4340 914 4 0 107007
1497 1149 88 4341 936 4 0 111612
1498 1151 86 4344 949 4 0 114318
1499 1124 83 4344 925 4 0 108519
1500 1132 78 4344 925 4 0 109346
1501 1129 83 4345 943 4 0 110695
1502 1160 80 4346 974 4 0 118119
1503 1123 85 4348 918 4 0 108202
1504 1133 87 4348 924 4 0 109673
1505 1118 88 4348 896 4 0 105435
1506 1121 84 4350 902 4 0 106456
1507 1144 84 4350 954 4 0 113263
1508 1135 84 4352 938 4 0 110779
1509 1146 78 4352 950 4 0 114387
1510 1096 87 4354 892 4 0 102963
1511 1121 82 4356 926 4 0 109291
1512 1116 84 4357 913 4 0 105661
1513 1106 88 4358 893 4 0 103686
1514 1129 84 4360 929 4 0 110583
1515 1149 89 4360 934 4 0 111828
1516 1120 93 4360 901 4 0 105619
1517 1124 98 4360 908 4 0 105880
1518 1093 86 4360 887 4 0 100580
1519 1117 86 4360 911 4 0 106296
1520 1159 81 4360 979 4 0 119534
1521 1127 83 4361 921 4 0 109279
1522 1109 91 4361 895 4 0 103291
1523 1124 91 4362 920 4 0 108251
1524 1144 93 4362 927 4 0 111091
1525 1164 79 4362 969 4 0 118275
1526 1176 76 4362 984 4 0 121087
1527 1142 78 4362 941 4 0 111481
1528 1144 80 4362 951 4 0 114232
1529 1128 94 4364 930 4 0 110743
1530 1156 80 4365 980 4 0 119556
1531 1157 80 4366 977 4 0 117974
1532 1163 81 4367 968 4 0 117893
1533 1148 85 4367 940 4 0 112453
1534 1118 85 4369 907 4 0 105900
1535 1155 82 4369 959 4 0 115622
1536 1126 79 4369 931 4 0 109115
1537 1113 86 4371 902 4 0 104504
1538 1109 88 4373 887 4 0 102585
1539 1121 80 4374 923 4 0 108936
1540 1096 95 4374 880 4 0 100763
1541 1115 98 4374 905 4 0 106564
1542 1152 89 4374 961 4 0 116919
1543 1144 88 4376 951 4 0 115207
1544 1128 86 4377 925 4 0 109484
1545 1110 87 4377 894 4 0 103785
1546 1093 90 4377 860 4 0 97793.6
1547 1108 85 4378 894 4 0 103662
1548 1115 80 4379 910 4 0 106105
1549 1140 83 4381 946 4 0 113667
1550 1126 85 4382 921 4 0 108395
1551 1118 85 4382 913 4 0 106718
1552 1118 83 4382 924 4 0 108691
1553 1098 86 4383 900 4 0 103687
1554 1096 83 4383 883 4 0 102042
1555 1113 86 4383 898 4 0 103947
1556 1097 86 4384 881 4 0 101532
1557 1141 79 4384 946 4 0 113013
1558 1116 87 4384 916 4 0 106348
1559 1135 88 4385 941 4 0 112003
1560 1129 85 4385 919 4 0 108632
1561 1097 88 4386 876 4 0 100438
1562 1105 85 4389 886 4 0 103300
1563 1131 82 4391 922 4 0 109341
1564 1169 85 4393 980 4 0 120200
1565 1153 89 4393 958 4 0 115139
1566 1118 92 4394 909 4 0 105972
1567 1113 94 4394 888 4 0 103678
1568 1096 96 4394 881 4 0 101878
1569 1111 91 4394 900 4 0 105253
1570 1130 86 4394 927 4 0 109135
1571 1137 88 4394 945 4 0 112583
1572 1128 98 4395 914 4 0 107320
1573 1119 92 4396 897 4 0 104243
1574 1123 92 4399 911 4 0 106486
1575 1115 88 4401 911 4 0 106504
1576 1103 90 4404 886 4 0 101725
1577 1080 84 4405 855 4 0 96224.9
1578 1091 90 4407 873 4 0 98855.3
1579 1105 90 4408 891 4 0 102765
1580 1127 89 4408 921 4 0 107436
1581 1107 95 4410 891 4 0 103332
1582 1126 101 4413 916 4 0 108545
1583 1109 104 4414 897 4 0 102782
1584 1123 93 4416 910 4 0 106738
1585 1103 83 4416 888 4 0 102261
1586 1109 82 4417 903 4 0 104256
1587 1137 86 4417 930 4 0 110477
1588 1096 94 4417 871 4 0 99141.7
1589 1131 95 4419 909 4 0 107638
1590 1122 86 4420 916 4 0 107447
1591 1122 88 4421 906 4 0 105544
1592 1111 94 4423 898 4 0 104626
1593 1104 86 4423 906 4 0 104853
1594 1090 85 4425 890 4 0 100913
1595 1121 84 4425 924 4 0 107936
1596 1126 83 4425 933 4 0 109117
1597 1100 81 4426 900 4 0 102858
1598 1116 88 4427 907 4 0 105605
1599 1139 86 4429 939 4 0 111881
1600 1120 89 4431 904 4 0 105379
1601 1120 89 4431 924 4 0 108192
1602 1122 88 4434 917 4 0 107870
1603 1155 83 4434 950 4 0 114938
1604 1137 92 4435 930 4 0 110063
1605 1096 94 4435 868 4 0 98869.6
1606 1115 89 4435 896 4 0 104629
1607 1099 90 4436 885 4 0 101252
1608 1106 95 4437 892 4 0 103522
1609 1121 88 4437 924 4 0 108272
1610 1134 80 4438 942 4 0 112310
1611 1152 87 4439 950 4 0 114430
1612 1135 81 4439 925 4 0 109977
1613 1170 80 4440 983 4 0 120406
1614 1146 82 4441 957 4 0 114871
1615 1145 82 4443 952 4 0 114950
1616 1119 87 4445 907 4 0 105421
1617 1127 93 4445 906 4 0 105471
1618 1111 89 4445 895 4 0 104890
1619 1125 91 4445 908 4 0 106636
1620 1102 86 4445 886 4 0 102046
1621 1116 75 4445 918 4 0 108667
1622 1117 85 4445 926 4 0 107934
1623 1110 90 4445 905 4 0 104639
1624 1127 93 4445 905 4 0 106138
1625 1108 85 4445 897 4 0 103963
1626 1137 78 4445 946 4 0 113295
1627 1133 82 4445 924 4 0 109355
1628 1121 87 4445 917 4 0 107930
1629 1114 87 4446 900 4 0 104766
1630 1114 91 4447 894 4 0 104416
1631 1138 92 4447 933 4 0 110770
1632 1138 91 4448 924 4 0 110547
1633 1099 90 4449 884 4 0 100821
1634 1100 94 4449 885 4 0 101810
1635 1107 88 4450 900 4 0 104578
1636 1123 94 4450 908 4 0 106614
1637 1123 94 4451 907 4 0 106959
1638 1144 88 4451 944 4 0 113296
1639 1124 86 4451 911 4 0 107107
1640 1141 85 4451 937 4 0 111911
1641 1127 80 4452 916 4 0 107392
1642 1132 81 4453 934 4 0 111497
1643 1119 80 4457 909 4 0 106180
1644 1127 84 4459 920 4 0 106925
1645 1077 88 4460 861 4 0 96876
1646 1116 94 4460 901 4 0 105925
1647 1144 89 4460 937 4 0 112080
1648 1143 94 4460 944 4 0 113100
1649 1133 89 4460 927 4 0 111255
1650 1108 88 4462 894 4 0 103267
1651 1085 93 4464 868 4 0 98299.9
1652 1117 86 4464 920 4 0 107740
1653 1108 96 4464 896 4 0 104172
1654 1111 88 4467 908 4 0 105165
1655 1090 84 4467 879 4 0 99138.8
1656 1097 81 4467 886 4 0 101446
1657 1125 81 4467 925 4 0 109015
1658 1128 90 4468 922 4 0 109554
1659 1064 86 4469 857 4 0 96186.4
1660 1085 88 4471 874 4 0 97941.9
1661 1085 91 4471 868 4 0 97841.9
1662 1071 88 4471 859 4 0 95570
1663 1119 75 4472 909 4 0 106559
1664 1085 85 4473 869 4 0 98475.4
1665 1104 82 4476 904 4 0 104468
1666 1096 84 4477 905 4 0 103426
1667 1122 82 4477 942 4 0 110179
1668 1140 94 4477 956 4 0 114665
1669 1082 89 4477 860 4 0 97462.7
1670 1127 85 4477 927 4 0 108577
1671 1102 90 4479 893 4 0 102690
1672 1152 90 4479 951 4 0 114570
1673 1152 82 4480 963 4 0 115322
1674 1111 87 4480 909 4 0 105416
1675 1128 88 4482 925 4 0 109450
1676 1138 81 4482 941 4 0 111825
1677 1125 93 4483 924 4 0 108875
1678 1149 80 4485 958 4 0 115498
1679 1129 80 4487 931 4 0 109394
1680 1142 75 4487 948 4 0 113629
1681 1156 87 4489 966 4 0 116691
1682 1140 88 4490 933 4 0 111468
1683 1122 87 4491 918 4 0 107944
1684 1134 79 4491 932 4 0 110810
1685 1088 85 4491 874 4 0 98989.3
1686 1120 93 4491 905 4 0 105739
1687 1115 96 4492 907 4 0 105220
1688 1122 91 4493 912 4 0 107093
1689 1119 84 4495 900 4 0 106356
1690 1082 92 4496 846 4 0 96109.2
1691 1088 97 4497 854 4 0 96453
1692 1143 89 4498 951 4 0 113961
1693 1095 93 4498 892 4 0 102477
1694 1093 82 4498 899 4 0 101457
1695 1106 82 4498 904 4 0 104808
1696 1147 74 4498 962 4 0 115711
1697 1098 84 4499 873 4 0 100770
1698 1122 84 4500 929 4 0 109146
1699 1145 86 4501 956 4 0 115183
1700 1136 92 4502 931 4 0 110763
1701 1139 88 4503 932 4 0 111132
1702 1108 95 4503 899 4 0 104588
1703 1130 79 4503 927 4 0 108780
1704 1126 93 4503 927 4 0 107957
1705 1117 94 4504 909 4 0 106048
1706 1106 88 4505 885 4 0 103043
1707 1129 85 4508 911 4 0 107209
1708 1150 80 4509 955 4 0 114515
1709 1159 84 4511 959 4 0 116695
1710 1137 89 4511 935 4 0 111401
1711 1102 93 4511 884 4 0 101826
1712 1126 80 4513 930 4 0 110351
1713 1090 86 4513 878 4 0 99934.1
1714 1127 83 4514 915 4 0 107618
1715 1105 79 4515 901 4 0 103563
1716 1152 83 4516 952 4 0 113817
1717 1133 84 4516 930 4 0 110585
1718 1103 90 4516 894 4 0 103739
1719 1095 86 4517 877 4 0 100072
1720 1119 85 4517 918 4 0 107058
1721 1116 84 4518 913 4 0 107127
1722 1140 92 4518 935 4 0 111842
1723 1171 81 4521 974 4 0 118578
1724 1125 85 4522 921 4 0 107715
1725 1149 90 4522 931 4 0 112040
1726 1128 79 4523 918 4 0 108532
1727 1119 81 4524 911 4 0 106426
1728 1104 87 4526 888 4 0 101644
1729 1091 88 4526 878 4 0 99289.6
1730 1153 94 4527 964 4 0 117289
1731 1140 84 4528 936 4 0 112667
1732 1137 88 4530 915 4 0 109647
1733 1133 88 4530 923 4 0 109417
1734 1160 87 4531 957 4 0 116209
1735 1135 89 4533 934 4 0 111680
1736 1146 85 4534 949 4 0 113836
1737 1112 82 4535 897 4 0 103820
1738 1103 84 4535 890 4 0 102727
1739 1112 82 4535 900 4 0 104407
1740 1138 88 4536 929 4 0 110282
1741 1145 80 4536 951 4 0 115118
1742 1125 89 4536 927 4 0 109237
1743 1146 84 4537 965 4 0 115789
1744 1123 93 4538 910 4 0 107350
1745 1117 83 4538 909 4 0 106443
1746 1096 86 4540 900 4 0 103787
1747 1136 89 4540 940 4 0 112160
1748 1106 85 4542 884 4 0 101666
1749 1128 86 4544 920 4 0 108294
1750 1118 81 4544 911 4 0 105953
1751 1117 89 4546 902 4 0 104939
1752 1121 86 4546 920 4 0 108632
1753 1115 89 4548 914 4 0 105913
1754 1147 81 4548 959 4 0 114757
1755 1126 77 4548 938 4 0 111021
1756 1121 83 4548 913 4 0 106188
1757 1146 85 4548 944 4 0 112248
1758 1158 82 4548 956 4 0 116022
1759 1161 85 4550 950 4 0 114383
1760 1147 86 4550 946 4 0 114100
1761 1130 86 4550 923 4 0 109469
1762 1135 90 4552 925 4 0 108893
1763 1115 83 4552 923 4 0 108664
1764 1118 91 4553 904 4 0 106209
1765 1133 83 4554 937 4 0 111947
1766 1137 87 4554 933 4 0 111809
1767 1167 85 4554 955 4 0 117305
1768 1120 85 4555 909 4 0 107088
1769 1129 87 4555 921 4 0 108120
1770 1109 93 4557 886 4 0 103628
1771 1128 83 4557 918 4 0 109486
1772 1154 86 4558 971 4 0 117308
1773 1137 83 4559 951 4 0 113153
1774 1113 90 4559 898 4 0 104448
1775 1115 84 4560 911 4 0 105681
1776 1141 89 4561 924 4 0 111489
1777 1135 85 4561 933 4 0 110434
1778 1133 91 4561 941 4 0 111598
1779 1129 84 4561 938 4 0 111161
1780 1121 100 4563 908 4 0 106411
1781 1128 94 4563 923 4 0 108093
1782 1134 93 4563 920 4 0 108828
1783 1129 89 4563 932 4 0 110518
1784 1113 93 4563 902 4 0 104521
1785 1130 80 4564 938 4 0 112287
1786 1142 86 4564 944 4 0 112818
1787 1164 76 4564 981 4 0 119754
1788 1117 85 4565 901 4 0 105137
1789 1129 85 4566 930 4 0 110255
1790 1145 84 4566 934 4 0 111512
1791 1157 83 4568 950 4 0 116074
1792 1146 80 4568 939 4 0 113137
1793 1147 89 4568 932 4 0 111695
1794 1089 91 4568 870 4 0 98949.1
1795 1099 84 4569 886 4 0 101739
1796 1154 78 4569 956 4 0 115804
1797 1130 73 4570 919 4 0 108278
1798 1148 83 4570 944 4 0 113749
1799 1117 85 4572 912 4 0 105595
1800 1120 89 4572 921 4 0 108114
1801 1129 79 4573 926 4 0 109466
1802 1119 84 4574 920 4 0 107338
1803 1120 82 4575 921 4 0 107723
1804 1171 81 4575 984 4 0 120673
1805 1158 89 4575 961 4 0 116984
1806 1094 88 4576 880 4 0 101450
1807 1111 92 4577 893 4 0 103929
1808 1091 79 4577 874 4 0 100169
1809 1141 87 4578 938 4 0 111642
1810 1112 86 4578 910 4 0 106640
1811 1107 87 4578 904 4 0 104341
1812 1141 86 4579 951 4 0 114943
1813 1140 88 4581 941 4 0 112906
1814 1167 87 4583 971 4 0 118404
1815 1142 83 4583 946 4 0 113955
1816 1184 82 4584 984 4 0 122180
1817 1148 83 4586 948 4 0 114321
1818 1133 83 4587 935 4 0 111163
1819 1143 88 4587 947 4 0 112356
1820 1100 85 4587 886 4 0 101100
1821 1110 80 4587 903 4 0 105000
1822 1118 83 4588 911 4 0 107062
1823 1123 78 4589 916 4 0 107708
1824 1142 78 4592 943 4 0 113106
1825 1159 76 4592 977 4 0 118260
1826 1154 85 4592 959 4 0 115158
1827 1118 82 4593 910 4 0 107278
1828 1102 94 4593 882 4 0 101145
1829 1133 81 4593 927 4 0 110594
1830 1128 89 4593 915 4 0 108557
1831 1136 87 4593 938 4 0 111567
1832 1110 83 4593 905 4 0 105767
1833 1109 86 4593 894 4 0 104534
1834 1145 84 4593 929 4 0 110814
1835 1139 84 4593 921 4 0 110171
1836 1122 89 4593 905 4 0 105890
1837 1107 84 4593 898 4 0 103533
1838 1100 88 4595 884 4 0 101263
1839 1116 80 4597 909 4 0 106184
1840 1141 80 4598 935 4 0 110842
1841 1138 83 4600 935 4 0 111389
1842 1126 88 4601 924 4 0 109081
1843 1140 94 4602 912 4 0 108598
1844 1138 82 4603 934 4 0 111861
1845 1108 83 4604 894 4 0 103211
1846 1128 82 4605 924 4 0 108778
1847 1139 82 4605 932 4 0 111099
1848 1159 86 4607 973 4 0 118313
1849 1146 92 4608 925 4 0 111412
1850 1120 85 4608 909 4 0 106291
1851 1065 81 4609 840 4 0 93428.9
1852 1091 90 4612 870 4 0 98752.1
1853 1105 88 4612 889 4 0 101313
1854 1116 95 4612 899 4 0 104372
1855 1146 80 4612 960 4 0 113743
1856 1125 92 4613 923 4 0 108197
1857 1168 84 4614 968 4 0 117769
1858 1165 83 4616 971 4 0 118684
1859 1149 89 4616 943 4 0 113719
1860 1128 85 4617 921 4 0 108388
1861 1123 84 4617 905 4 0 106312
1862 1161 87 4618 964 4 0 116212
1863 1104 85 4618 884 4 0 102206
1864 1120 87 4618 925 4 0 108912
1865 1112 91 4619 906 4 0 106014
1866 1120 86 4619 906 4 0 105290
1867 1100 97 4619 888 4 0 102243
1868 1110 88 4619 890 4 0 102789
1869 1149 90 4619 943 4 0 113855
1870 1124 83 4619 923 4 0 108684
1871 1129 87 4619 933 4 0 110560
1872 1111 88 4621 911 4 0 106279
1873 1153 85 4621 967 4 0 116067
1874 1112 85 4622 915 4 0 105209
1875 1143 88 4624 946 4 0 113725
1876 1160 81 4624 965 4 0 116784
1877 1128 81 4626 916 4 0 108017
1878 1125 88 4628 920 4 0 107861
1879 1107 81 4629 914 4 0 106138
1880 1131 85 4630 941 4 0 110850
1881 1146 86 4632 957 4 0 114431
1882 1130 84 4633 937 4 0 110529
1883 1146 84 4633 961 4 0 115227
1884 1137 85 4633 938 4 0 111946
1885 1161 84 4633 965 4 0 116920
1886 1136 87 4633 935 4 0 112061
1887 1100 80 4634 883 4 0 101559
1888 1108 85 4635 892 4 0 103642
1889 1121 82 4635 904 4 0 106123
1890 1111 87 4635 895 4 0 104496
1891 1113 85 4635 908 4 0 105048
1892 1125 79 4636 920 4 0 107644
1893 1157 84 4636 958 4 0 115930
1894 1160 85 4638 955 4 0 115251
1895 1141 86 4639 931 4 0 110841
1896 1113 90 4640 904 4 0 105322
1897 1133 83 4640 919 4 0 108353
1898 1145 83 4641 962 4 0 115886
1899 1138 76 4641 947 4 0 112687
1900 1108 85 4641 903 4 0 105186
1901 1106 88 4642 883 4 0 102350
1902 1106 95 4642 888 4 0 103041
1903 1130 90 4642 911 4 0 106761
1904 1138 82 4642 941 4 0 111822
1905 1121 88 4642 907 4 0 105808
1906 1107 82 4642 885 4 0 101987
1907 1124 83 4642 927 4 0 108884
1908 1145 88 4643 943 4 0 112499
1909 1153 85 4645 962 4 0 115757
1910 1128 83 4645 932 4 0 109555
1911 1141 82 4646 940 4 0 111930
1912 1153 86 4647 956 4 0 115087
1913 1168 92 4649 977 4 0 119737
1914 1152 90 4649 933 4 0 112511
1915 1139 94 4650 919 4 0 109716
1916 1124 90 4651 900 4 0 106182
1917 1103 86 4651 883 4 0 102570
1918 1134 89 4652 927 4 0 109823
1919 1126 90 4654 908 4 0 106830
1920 1150 86 4654 948 4 0 113821
1921 1149 93 4655 932 4 0 111537
1922 1121 97 4657 918 4 0 108019
1923 1116 79 4657 912 4 0 106907
1924 1137 81 4657 932 4 0 110714
1925 1117 89 4657 906 4 0 105738
1926 1118 86 4658 908 4 0 105527
1927 1143 87 4658 949 4 0 113058
1928 1149 86 4660 951 4 0 114420
1929 1131 91 4661 928 4 0 108994
1930 1107 88 4661 892 4 0 103143
1931 1097 93 4662 867 4 0 99316.4
1932 1131 88 4662 913 4 0 107812
1933 1149 87 4662 946 4 0 113176
1934 1116 83 4664 921 4 0 107733
1935 1125 81 4665 935 4 0 109667
1936 1139 85 4665 945 4 0 113164
1937 1098 83 4665 875 4 0 100744
1938 1104 78 4667 892 4 0 103489
1939 1116 88 4667 907 4 0 106257
1940 1119 92 4668 908 4 0 106396
1941 1119 81 4668 912 4 0 106919
1942 1101 84 4669 875 4 0 100138
1943 1103 82 4670 896 4 0 103599
1944 1103 82 4670 900 4 0 103224
1945 1111 85 4670 909 4 0 105274
1946 1099 87 4670 894 4 0 102751
1947 1097 80 4670 896 4 0 102494
1948 1104 90 4671 894 4 0 102585
1949 1108 85 4672 888 4 0 102218
1950 1131 89 4672 904 4 0 107082
1951 1113 90 4672 888 4 0 104490
1952 1157 91 4672 963 4 0 116712
1953 1108 91 4673 900 4 0 104487
1954 1128 87 4673 920 4 0 108586
1955 1135 87 4673 924 4 0 109489
1956 1154 80 4673 953 4 0 115969
1957 1160 75 4673 964 4 0 117508
1958 1128 93 4674 925 4 0 109669
1959 1103 92 4675 880 4 0 102046
1960 1135 81 4677 928 4 0 110182
1961 1116 76 4677 910 4 0 105614
1962 1132 80 4679 931 4 0 110859
1963 1153 91 4680 956 4 0 115433
1964 1157 81 4680 951 4 0 114922
1965 1150 81 4680 945 4 0 113289
1966 1130 89 4680 926 4 0 109914
1967 1119 99 4681 901 4 0 105988
1968 1144 88 4681 940 4 0 112965
1969 1149 91 4682 955 4 0 114599
1970 1133 87 4682 938 4 0 111767
1971 1131 77 4683 937 4 0 110198
1972 1140 83 4683 955 4 0 114074
1973 1165 88 4685 980 4 0 119940
1974 1153 86 4686 949 4 0 114927
1975 1145 90 4688 934 4 0 111566
1976 1145 90 4689 940 4 0 111907
1977 1140 90 4691 922 4 0 109243
1978 1118 85 4691 902 4 0 105135
1979 1139 80 4691 936 4 0 110912
1980 1125 84 4691 924 4 0 108284
1981 1114 79 4691 920 4 0 107657
1982 1118 85 4691 914 4 0 107443
1983 1135 89 4691 932 4 0 110577
1984 1127 93 4693 926 4 0 108955
1985 1129 90 4693 934 4 0 109831
1986 1128 85 4693 935 4 0 110722
1987 1120 83 4693 918 4 0 107387
1988 1134 96 4694 924 4 0 109612
1989 1142 85 4694 937 4 0 111459
1990 1116 82 4695 917 4 0 107365
1991 1148 85 4697 948 4 0 113032
1992 1137 82 4697 934 4 0 111356
1993 1108 84 4698 905 4 0 104234
1994 1113 89 4698 897 4 0 104410
1995 1117 93 4699 915 4 0 107581
1996 1120 85 4699 908 4 0 106308
1997 1130 86 4700 950 4 0 113084
1998 1122 82 4700 928 4 0 108986
1999 1118 91 4701 920 4 0 107567
2000 1145 84 4702 948 4 0 113516
2001 1124 84 4702 932 4 0 109221
2002 1131 82 4702 925 4 0 109831
2003 1119 85 4702 906 4 0 106089
2004 1113 91 4704 890 4 0 103161
2005 1121 91 4705 912 4 0 107399
2006 1122 90 4706 904 4 0 105817
2007 1102 91 4707 902 4 0 104071
2008 1136 84 4707 941 4 0 112685
2009 1113 84 4707 911 4 0 106590
2010 1144 79 4707 946 4 0 112712
2011 1168 86 4709 992 4 0 122710
2012 1168 83 4710 979 4 0 120477
2013 1129 88 4710 919 4 0 108763
2014 1146 85 4711 942 4 0 113430
2015 1142 80 4711 951 4 0 114163
2016 1124 89 4712 918 4 0 107867
2017 1105 91 4712 892 4 0 103233
2018 1113 80 4712 915 4 0 106779
2019 1108 77 4712 908 4 0 104535
2020 1108 76 4713 913 4 0 105742
2021 1126 80 4714 938 4 0 110182
2022 1130 83 4715 940 4 0 110443
2023 1156 80 4715 968 4 0 116963
2024 1165 79 4715 972 4 0 118468
2025 1122 89 4717 909 4 0 105975
2026 1076 90 4718 852 4 0 95042.8
2027 1104 81 4720 892 4 0 102987
2028 1116 81 4720 904 4 0 105925
2029 1127 85 4720 921 4 0 109155
2030 1131 80 4720 935 4 0 110311
2031 1126 89 4722 922 4 0 107925
2032 1140 82 4722 945 4 0 111938
2033 1146 78 4722 947 4 0 113444
2034 1125 87 4722 915 4 0 107261
2035 1126 95 4722 912 4 0 107622
2036 1090 95 4723 875 4 0 99960.1
2037 1110 90 4724 892 4 0 103616
2038 1101 91 4724 877 4 0 101137
2039 1102 86 4725 886 4 0 101633
2040 1128 87 4728 915 4 0 107621
2041 1112 85 4728 900 4 0 104990
2042 1101 93 4730 890 4 0 102956
2043 1123 91 4730 914 4 0 108035
2044 1120 83 4732 899 4 0 104795
2045 1118 90 4733 898 4 0 105031
2046 1120 87 4733 920 4 0 108220
2047 1118 93 4733 892 4 0 104160
2048 1117 88 4735 898 4 0 105206
2049 1119 90 4736 903 4 0 105366
2050 1114 96 4740 896 4 0 103937
2051 1119 88 4741 904 4 0 105811
2052 1162 84 4741 969 4 0 117088
2053 1130 87 4741 932 4 0 111234
2054 1169 87 4742 988 4 0 120833
2055 1147 88 4742 942 4 0 112658
2056 1134 78 4742 930 4 0 110156
2057 1164 75 4742 970 4 0 118730
2058 1153 82 4742 949 4 0 114524
2059 1101 85 4742 897 4 0 101680
2060 1129 81 4742 937 4 0 111215
2061 1091 85 4744 868 4 0 98417.1
2062 1106 89 4744 880 4 0 101505
2063 1165 77 4745 977 4 0 118181
2064 1132 84 4746 935 4 0 109961
2065 1103 95 4746 890 4 0 102728
2066 1120 95 4746 915 4 0 107268
2067 1103 90 4747 889 4 0 101471
2068 1097 82 4747 882 4 0 101367
2069 1081 87 4748 864 4 0 97288.3
2070 1123 84 4748 916 4 0 107036
2071 1108 81 4748 913 4 0 105532
2072 1136 85 4749 934 4 0 111260
2073 1134 82 4749 936 4 0 110355
2074 1128 82 4749 925 4 0 109258
2075 1127 84 4750 927 4 0 110632
2076 1130 87 4751 938 4 0 111187
2077 1144 82 4751 938 4 0 112171
2078 1137 90 4751 930 4 0 110520
2079 1128 91 4753 918 4 0 107910
2080 1137 85 4753 942 4 0 111903
2081 1153 84 4753 973 4 0 117288
2082 1140 86 4754 941 4 0 113465
2083 1110 88 4754 897 4 0 104913
2084 1113 82 4756 905 4 0 105057
2085 1143 81 4756 962 4 0 115618
2086 1114 93 4758 919 4 0 107292
2087 1148 91 4758 929 4 0 110466
2088 1138 86 4759 940 4 0 113105
2089 1146 83 4759 953 4 0 115373
2090 1149 84 4759 951 4 0 114816
2091 1135 82 4759 940 4 0 111328
2092 1134 80 4760 937 4 0 111185
2093 1094 86 4760 871 4 0 99203.7
2094 1129 88 4760 921 4 0 109434
2095 1115 100 4761 883 4 0 103197
2096 1151 92 4762 941 4 0 113038
2097 1157 88 4762 964 4 0 116060
2098 1126 89 4762 915 4 0 107910
2099 1126 88 4762 917 4 0 107991
2100 1119 88 4763 908 4 0 105922
2101 1115 92 4764 916 4 0 106844
2102 1120 92 4764 920 4 0 106990
2103 1110 89 4765 912 4 0 105862
2104 1100 83 4768 900 4 0 102974
2105 1097 89 4768 876 4 0 100380
2106 1108 75 4768 894 4 0 102831
2107 1127 79 4769 910 4 0 107219
2108 1124 90 4770 903 4 0 106317
2109 1105 83 4771 893 4 0 102756
2110 1113 87 4771 891 4 0 102699
2111 1149 94 4771 937 4 0 113030
2112 1167 81 4771 981 4 0 120329
2113 1140 84 4772 957 4 0 114326
2114 1152 87 4772 968 4 0 116726
2115 1112 89 4772 901 4 0 105180
2116 1086 95 4773 863 4 0 97523.3
2117 1092 97 4775 865 4 0 98206.9
2118 1125 92 4775 916 4 0 106856
2119 1150 88 4775 955 4 0 114870
2120 1129 84 4776 940 4 0 110543
2121 1112 89 4776 909 4 0 105505
2122 1121 93 4777 923 4 0 108207
2123 1142 88 4778 940 4 0 112214
2124 1154 88 4778 940 4 0 113612
2125 1146 82 4778 928 4 0 112087
2126 1110 83 4778 895 4 0 103375
2127 1132 82 4778 933 4 0 109776
2128 1133 79 4779 926 4 0 110139
2129 1143 84 4781 934 4 0 111799
2130 1114 81 4784 906 4 0 105168
2131 1108 82 4784 899 4 0 104685
2132 1129 88 4784 933 4 0 110865
2133 1125 88 4785 919 4 0 108233
2134 1148 91 4787 938 4 0 112784
2135 1103 100 4789 880 4 0 100827
2136 1097 86 4790 878 4 0 100069
2137 1116 90 4790 903 4 0 104914
2138 1108 84 4792 898 4 0 104229
2139 1136 82 4792 920 4 0 108755
2140 1143 90 4793 942 4 0 113385
2141 1124 84 4793 915 4 0 107779
2142 1117 84 4793 911 4 0 106274
2143 1150 80 4794 953 4 0 114453
2144 1136 90 4796 940 4 0 111508
2145 1109 83 4796 907 4 0 105049
2146 1121 80 4796 923 4 0 108014
2147 1073 82 4796 850 4 0 95415.3
2148 1083 86 4798 869 4 0 98297.8
2149 1119 84 4799 921 4 0 108661
2150 1127 83 4799 929 4 0 109385
2151 1091 89 4800 873 4 0 99199.5
2152 1133 85 4801 927 4 0 109683
2153 1086 80 4802 874 4 0 99341
2154 1129 85 4802 931 4 0 110328
2155 1136 83 4804 945 4 0 112941
2156 1138 81 4804 940 4 0 111645
2157 1131 79 4804 930 4 0 109749
2158 1145 82 4807 946 4 0 113364
2159 1115 94 4810 907 4 0 106002
2160 1115 87 4812 898 4 0 104868
2161 1106 90 4812 886 4 0 101914
2162 1110 90 4812 906 4 0 104885
2163 1134 87 4812 932 4 0 110444
2164 1131 88 4812 904 4 0 106149
2165 1104 91 4812 880 4 0 100808
2166 1076 94 4815 842 4 0 94852.6
2167 1124 83 4815 919 4 0 108013
2168 1124 92 4816 908 4 0 106251
2169 1110 92 4817 909 4 0 105598
2170 1147 85 4817 946 4 0 113101
2171 1142 91 4817 935 4 0 111191
2172 1138 85 4818 943 4 0 112112
2173 1129 88 4818 911 4 0 107555
2174 1157 79 4819 973 4 0 118242
2175 1133 81 4820 932 4 0 110637
2176 1166 79 4822 980 4 0 120082
2177 1141 84 4822 942 4 0 113073
2178 1147 84 4822 952 4 0 114918
2179 1151 94 4823 962 4 0 115496
2180 1119 87 4824 908 4 0 105296
2181 1112 83 4825 904 4 0 105082
2182 1124 88 4825 896 4 0 105052
2183 1142 88 4825 928 4 0 110920
2184 1125 94 4825 921 4 0 108516
2185 1143 87 4825 930 4 0 111419
2186 1117 91 4825 907 4 0 106388
2187 1077 84 4825 851 4 0 95807.8
2188 1114 80 4825 900 4 0 104106
2189 1084 86 4825 862 4 0 98103.7
2190 1089 85 4825 860 4 0 98520.8
2191 1102 84 4825 885 4 0 102006
2192 1087 88 4825 859 4 0 97120.3
2193 1115 89 4825 901 4 0 104379
2194 1103 94 4826 868 4 0 99407.2
2195 1095 94 4826 854 4 0 97713.5
2196 1106 91 4826 892 4 0 102909
2197 1156 75 4828 972 4 0 117653
2198 1128 86 4828 941 4 0 110819
2199 1148 89 4829 962 4 0 115195
2200 1135 87 4829 930 4 0 110480
2201 1127 85 4830 926 4 0 109559
2202 1121 87 4830 915 4 0 107329
2203 1131 84 4830 930 4 0 109990
2204 1129 87 4831 940 4 0 112094
2205 1133 92 4832 932 4 0 110456
2206 1156 85 4832 955 4 0 114262
2207 1136 89 4832 933 4 0 110755
2208 1155 85 4832 957 4 0 115634
2209 1171 78 4833 983 4 0 120573
2210 1166 90 4833 979 4 0 120281
2211 1142 98 4834 933 4 0 111382
2212 1120 90 4836 901 4 0 105839
2213 1084 86 4838 862 4 0 98032.7
2214 1083 93 4838 863 4 0 97667.1
2215 1123 86 4839 912 4 0 107048
2216 1126 86 4839 924 4 0 108407
2217 1152 88 4840 958 4 0 116260
2218 1151 87 4840 961 4 0 115623
2219 1119 85 4840 920 4 0 108143
2220 1073 87 4841 863 4 0 96622.6
2221 1119 85 4841 909 4 0 105408
2222 1162 92 4842 966 4 0 117071
2223 1136 83 4843 948 4 0 112679
2224 1127 86 4844 936 4 0 110141
2225 1122 81 4845 920 4 0 107929
2226 1132 89 4846 929 4 0 110009
2227 1140 86 4846 925 4 0 110400
2228 1124 85 4846 929 4 0 109330
2229 1140 85 4846 936 4 0 111331
2230 1157 86 4846 956 4 0 115183
2231 1181 85 4847 997 4 0 123592
2232 1155 80 4847 966 4 0 116555
2233 1142 80 4848 940 4 0 113250
2234 1151 80 4850 949 4 0 114170
2235 1142 79 4851 941 4 0 112344
2236 1135 86 4851 933 4 0 111274
2237 1091 98 4852 873 4 0 99233.2
2238 1150 92 4854 961 4 0 114767
2239 1150 83 4854 949 4 0 114061
2240 1103 91 4856 877 4 0 101838
2241 1149 91 4857 947 4 0 113546
2242 1123 89 4859 919 4 0 107957
2243 1142 78 4861 942 4 0 112201
2244 1143 85 4861 936 4 0 112108
2245 1127 81 4862 921 4 0 108816
2246 1127 83 4862 940 4 0 111231
2247 1119 88 4863 912 4 0 107164
2248 1124 78 4863 912 4 0 107243
2249 1126 79 4864 931 4 0 110426
2250 1135 87 4864 936 4 0 111054
2251 1131 89 4864 930 4 0 109698
2252 1094 83 4864 874 4 0 99544
2253 1117 87 4864 908 4 0 106697
2254 1126 92 4865 924 4 0 108776
2255 1142 78 4866 951 4 0 114551
2256 1144 75 4866 949 4 0 114670
2257 1149 75 4866 950 4 0 114479
2258 1109 77 4867 892 4 0 103538
2259 1100 79 4867 890 4 0 102390
2260 1114 81 4867 913 4 0 106364
2261 1117 88 4867 905 4 0 105409
2262 1125 84 4867 921 4 0 107779
2263 1169 76 4867 993 4 0 121125
2264 1153 89 4868 963 4 0 116703
2265 1153 83 4868 974 4 0 117188
2266 1143 83 4869 954 4 0 114698
2267 1155 76 4869 968 4 0 116689
2268 1114 87 4870 903 4 0 105074
2269 1112 85 4870 912 4 0 107680
2270 1115 81 4870 910 4 0 105508
2271 1106 82 4872 904 4 0 104805
2272 1174 87 4873 979 4 0 120997
2273 1136 91 4873 923 4 0 109681
2274 1135 85 4873 942 4 0 111770
2275 1111 99 4874 889 4 0 102623
2276 1139 92 4874 927 4 0 109975
2277 1125 95 4875 914 4 0 107156
2278 1106 99 4877 896 4 0 103140
2279 1099 96 4877 878 4 0 100362
2280 1138 90 4879 948 4 0 111729
2281 1094 87 4880 889 4 0 101461
2282 1126 88 4881 922 4 0 107757
2283 1119 83 4881 924 4 0 109349
2284 1097 78 4881 900 4 0 102585
2285 1131 81 4881 942 4 0 111076
2286 1133 80 4882 933 4 0 110420
2287 1139 79 4882 942 4 0 111604
2288 1133 89 4883 942 4 0 111416
2289 1093 92 4885 881 4 0 100283
2290 1112 92 4885 902 4 0 105061
2291 1126 79 4887 920 4 0 108930
2292 1151 79 4887 955 4 0 114687
2293 1152 84 4887 969 4 0 116467
2294 1116 97 4889 917 4 0 106341
2295 1156 81 4889 968 4 0 117248
2296 1101 82 4889 894 4 0 102986
2297 1122 77 4893 917 4 0 107127
2298 1119 81 4893 908 4 0 105341
2299 1114 74 4893 919 4 0 107510
2300 1123 88 4895 909 4 0 106796
2301 1117 94 4895 890 4 0 103831
2302 1160 88 4897 965 4 0 117520
2303 1160 87 4897 960 4 0 116016
2304 1164 85 4897 976 4 0 119095
2305 1121 77 4897 918 4 0 107864
2306 1139 88 4897 934 4 0 111605
2307 1124 82 4897 920 4 0 108749
2308 1117 79 4897 906 4 0 105684
2309 1115 82 4897 914 4 0 105755
2310 1100 90 4897 879 4 0 100382
2311 1100 90 4898 894 4 0 102800
2312 1124 88 4898 929 4 0 109166
2313 1127 89 4898 932 4 0 109217
2314 1168 82 4901 991 4 0 121103
2315 1149 85 4901 959 4 0 116097
2316 1117 95 4901 902 4 0 105726
2317 1119 93 4901 913 4 0 106400
2318 1122 90 4902 921 4 0 108313
2319 1077 91 4902 845 4 0 95264.9
2320 1121 80 4904 895 4 0 104529
2321 1136 84 4905 934 4 0 111163
2322 1144 91 4905 952 4 0 113606
2323 1167 90 4905 971 4 0 118171
2324 1133 88 4907 922 4 0 109662
2325 1133 88 4907 929 4 0 110722
2326 1145 94 4908 950 4 0 113222
2327 1163 101 4908 962 4 0 117190
2328 1135 89 4908 931 4 0 111336
2329 1118 94 4911 910 4 0 106570
2330 1133 84 4912 932 4 0 110319
2331 1095 88 4912 876 4 0 100556
2332 1119 77 4913 921 4 0 107832
2333 1104 87 4915 890 4 0 102653
2334 1146 88 4916 954 4 0 114097
2335 1164 86 4917 979 4 0 118612
2336 1132 81 4917 939 4 0 111429
2337 1150 83 4919 960 4 0 116090
2338 1129 84 4919 934 4 0 109438
2339 1134 82 4919 930 4 0 109875
2340 1129 84 4919 923 4 0 108281
2341 1133 83 4919 921 4 0 109156
2342 1149 92 4919 938 4 0 113127
2343 1131 91 4919 923 4 0 108755
2344 1112 83 4920 912 4 0 105959
2345 1150 90 4920 945 4 0 113702
2346 1134 89 4922 920 4 0 109448
2347 1108 87 4923 894 4 0 103872
2348 1133 76 4924 930 4 0 110111
2349 1132 87 4924 915 4 0 107983
2350 1147 82 4924 960 4 0 115045
2351 1121 82 4925 919 4 0 107706
2352 1118 84 4927 924 4 0 108078
2353 1118 86 4927 927 4 0 109096
2354 1142 85 4928 949 4 0 112778
2355 1148 85 4929 963 4 0 115634
2356 1122 85 4929 933 4 0 108938
2357 1132 84 4930 937 4 0 110857
2358 1146 89 4930 929 4 0 111594
2359 1115 86 4930 903 4 0 105908
2360 1154 82 4930 959 4 0 115389
2361 1138 85 4931 934 4 0 111283
2362 1146 78 4931 940 4 0 112085
2363 1105 87 4933 893 4 0 103624
2364 1119 81 4934 916 4 0 106796
2365 1118 78 4934 921 4 0 107149
2366 1101 82 4934 897 4 0 103490
2367 1085 82 4936 878 4 0 99850
2368 1100 86 4938 890 4 0 102340
2369 1115 85 4939 903 4 0 104656
2370 1109 95 4939 892 4 0 102924
2371 1139 88 4941 931 4 0 111546
2372 1133 92 4942 926 4 0 110267
2373 1115 89 4943 906 4 0 106408
2374 1115 84 4945 907 4 0 106017
2375 1138 85 4946 930 4 0 111139
2376 1136 87 4948 927 4 0 111134
2377 1115 90 4948 901 4 0 104284
2378 1127 91 4948 913 4 0 106984
2379 1125 92 4948 931 4 0 109119
2380 1129 89 4948 915 4 0 107851
2381 1131 86 4950 922 4 0 108535
2382 1129 90 4950 901 4 0 105980
2383 1128 85 4953 916 4 0 108931
2384 1130 85 4954 917 4 0 108653
2385 1157 70 4954 967 4 0 117492
2386 1172 80 4954 979 4 0 120048
2387 1129 85 4954 920 4 0 108199
2388 1110 89 4955 906 4 0 104057
2389 1145 90 4955 945 4 0 112984
2390 1122 83 4955 922 4 0 108539
2391 1134 87 4957 920 4 0 109806
2392 1129 82 4958 926 4 0 108590
2393 1107 82 4960 901 4 0 103390
2394 1104 91 4962 888 4 0 102009
2395 1113 84 4963 908 4 0 105246
2396 1148 82 4964 957 4 0 115413
2397 1151 85 4964 948 4 0 114913
2398 1146 92 4964 940 4 0 112994
2399 1132 91 4964 932 4 0 111067
2400 1127 82 4965 921 4 0 108221
2401 1095 83 4965 876 4 0 99564.8
2402 1127 94 4967 917 4 0 108240
2403 1139 94 4967 930 4 0 110727
2404 1131 89 4968 929 4 0 109684
2405 1116 92 4970 888 4 0 104549
2406 1084 89 4970 867 4 0 98023.5
2407 1108 88 4970 902 4 0 104440
2408 1145 82 4972 960 4 0 114148
2409 1134 87 4973 943 4 0 111813
2410 1125 90 4974 917 4 0 107459
2411 1125 91 4974 909 4 0 107737
2412 1117 92 4974 893 4 0 104460
2413 1124 89 4975 916 4 0 107826
2414 1134 89 4976 920 4 0 109555
2415 1144 87 4976 949 4 0 114116
2416 1138 91 4977 945 4 0 112858
2417 1133 80 4977 936 4 0 110624
2418 1133 81 4977 932 4 0 111390
2419 1088 81 4977 868 4 0 99759.2
2420 1076 86 4978 861 4 0 95662.6
2421 1119 91 4979 917 4 0 106464
2422 1131 86 4979 944 4 0 111904
2423 1151 91 4979 959 4 0 115293
2424 1169 81 4979 984 4 0 120858
2425 1179 82 4981 1005 4 0 124177
2426 1183 78 4981 1015 4 0 125717
2427 1153 80 4981 972 4 0 116994
2428 1147 86 4982 968 4 0 116129
2429 1128 83 4983 933 4 0 110517
2430 1136 83 4984 935 4 0 111388
2431 1121 85 4984 921 4 0 107431
2432 1151 83 4985 967 4 0 116132
2433 1123 94 4986 920 4 0 106727
2434 1141 81 4987 961 4 0 114564
2435 1134 76 4987 940 4 0 111412
2436 1083 77 4987 878 4 0 99825.8
2437 1125 75 4987 950 4 0 112921
2438 1107 87 4987 918 4 0 106906
2439 1147 94 4987 943 4 0 113651
2440 1086 88 4987 870 4 0 99235.7
2441 1126 79 4988 925 4 0 108984
2442 1107 85 4988 895 4 0 103416
2443 1112 87 4989 912 4 0 106234
2444 1094 86 4990 891 4 0 102510
2445 1073 82 4990 844 4 0 94636.5
2446 1121 90 4991 895 4 0 105315
2447 1141 83 4991 937 4 0 112877
2448 1128 85 4991 925 4 0 109980
2449 1093 86 4991 883 4 0 100672
2450 1159 79 4991 963 4 0 116312
2451 1146 84 4991 943 4 0 112750
2452 1137 86 4992 938 4 0 111025
2453 1149 85 4994 961 4 0 115360
2454 1142 82 4995 951 4 0 113474
2455 1109 89 4996 909 4 0 105575
2456 1074 84 4997 848 4 0 95330.5
2457 1143 83 4997 937 4 0 111819
2458 1109 84 4997 891 4 0 103623
2459 1120 93 4998 910 4 0 105531
2460 1141 80 4999 945 4 0 112457
2461 1126 84 4999 922 4 0 109033
2462 1113 92 5000 895 4 0 103731
2463 1140 94 5000 934 4 0 111160
2464 1164 92 5000 970 4 0 118416
2465 1140 92 5000 933 4 0 111035
2466 1107 86 5000 911 4 0 105530
2467 1145 92 5001 944 4 0 112940
2468 1131 88 5002 922 4 0 109363
2469 1147 89 5002 955 4 0 114685
2470 1117 88 5002 914 4 0 107317
2471 1114 82 5002 912 4 0 106028
2472 1135 85 5002 937 4 0 111117
2473 1145 81 5002 959 4 0 115501
2474 1137 89 5002 939 4 0 111184
2475 1095 89 5002 870 4 0 99929.3
2476 1102 82 5002 896 4 0 102636
2477 1127 86 5002 925 4 0 108955
2478 1118 83 5003 907 4 0 105858
2479 1133 88 5003 936 4 0 110176
2480 1160 88 5005 962 4 0 116266
2481 1122 89 5005 905 4 0 106123
2482 1131 88 5007 923 4 0 108887
2483 1114 83 5007 904 4 0 104810
2484 1113 81 5007 920 4 0 107427
2485 1117 88 5007 898 4 0 104565
2486 1093 84 5007 874 4 0 99479.7
2487 1109 86 5008 907 4 0 105179
2488 1140 85 5008 941 4 0 111739
2489 1142 81 5008 951 4 0 112598
2490 1140 87 5009 936 4 0 110664
2491 1135 88 5009 933 4 0 111502
2492 1124 84 5009 918 4 0 108598
2493 1135 90 5009 941 4 0 111478
2494 1132 87 5011 942 4 0 111348
2495 1135 82 5012 935 4 0 111145
2496 1107 84 5013 902 4 0 104531
2497 1112 83 5013 899 4 0 104534
2498 1129 90 5014 924 4 0 109833
2499 1126 91 5014 912 4 0 107641
2500 1093 96 5015 870 4 0 99817.5
2501 1113 95 5017 892 4 0 104191
2502 1094 93 5017 892 4 0 103006
2503 1115 89 5018 907 4 0 106390
2504 1086 89 5018 875 4 0 98702.9
2505 1118 89 5019 914 4 0 106801
2506 1141 81 5020 942 4 0 112545
2507 1145 83 5021 948 4 0 114144
2508 1124 84 5021 918 4 0 109109
2509 1125 82 5022 928 4 0 109667
2510 1108 81 5022 903 4 0 104178
2511 1123 83 5022 911 4 0 106634
2512 1116 81 5022 909 4 0 105495
2513 1147 83 5022 950 4 0 113472
2514 1099 89 5023 881 4 0 100695
2515 1107 88 5023 910 4 0 104690
2516 1153 80 5024 957 4 0 116244
2517 1143 90 5024 940 4 0 112252
2518 1101 95 5024 876 4 0 100531
2519 1115 86 5024 897 4 0 105166
2520 1129 87 5025 916 4 0 108901
2521 1130 94 5025 923 4 0 109897
2522 1138 90 5026 920 4 0 109482
2523 1125 94 5029 901 4 0 105798
2524 1142 91 5030 930 4 0 110416
2525 1140 89 5030 926 4 0 109382
2526 1114 94 5031 905 4 0 105221
2527 1127 87 5033 925 4 0 109308
2528 1140 82 5034 934 4 0 111471
2529 1174 88 5035 989 4 0 121646
2530 1119 91 5035 925 4 0 107751
2531 1112 86 5035 897 4 0 103855
2532 1104 85 5037 880 4 0 101846
2533 1114 92 5039 902 4 0 105255
2534 1104 89 5039 874 4 0 100834
2535 1117 82 5039 909 4 0 106625
2536 1139 85 5039 937 4 0 111956
2537 1124 94 5040 908 4 0 106148
2538 1129 83 5041 926 4 0 109475
2539 1122 85 5042 913 4 0 107521
2540 1137 82 5043 953 4 0 114252
2541 1125 77 5045 941 4 0 111517
2542 1125 87 5045 927 4 0 109430
2543 1126 82 5045 916 4 0 107680
2544 1138 84 5046 924 4 0 110349
2545 1129 75 5046 926 4 0 108899
2546 1141 77 5046 953 4 0 114555
2547 1126 90 5047 926 4 0 109171
2548 1103 88 5047 900 4 0 102982
2549 1127 86 5047 931 4 0 109098
2550 1129 90 5047 943 4 0 111243
2551 1134 89 5047 930 4 0 109536
2552 1136 88 5047 925 4 0 109159
2553 1115 87 5048 905 4 0 105487
2554 1139 84 5049 930 4 0 110987
2555 1174 85 5049 980 4 0 119793
2556 1150 74 5049 966 4 0 115937
2557 1137 84 5052 933 4 0 110453
2558 1113 96 5052 894 4 0 104593
2559 1158 90 5053 951 4 0 114624
2560 1133 86 5053 930 4 0 110735
2561 1123 88 5053 911 4 0 107270
2562 1145 88 5053 939 4 0 113578
2563 1140 84 5053 942 4 0 113038
2564 1132 87 5055 924 4 0 109398
2565 1122 94 5057 903 4 0 105825
2566 1136 88 5058 925 4 0 109393
2567 1093 92 5058 865 4 0 97995.7
2568 1116 95 5058 887 4 0 103280
2569 1108 87 5059 894 4 0 102766
2570 1144 89 5059 945 4 0 113722
2571 1150 88 5059 946 4 0 113255
2572 1113 88 5061 899 4 0 104448
2573 1077 87 5062 847 4 0 95548
2574 1119 84 5063 906 4 0 105791
2575 1122 88 5065 904 4 0 105721
2576 1094 82 5065 889 4 0 101937
2577 1127 87 5065 915 4 0 107630
2578 1089 92 5065 873 4 0 100387
2579 1130 89 5065 908 4 0 107123
2580 1126 82 5066 912 4 0 107154
2581 1120 95 5066 897 4 0 105024
2582 1128 87 5066 917 4 0 107696
2583 1134 90 5066 927 4 0 111233
2584 1140 84 5067 945 4 0 113086
2585 1143 79 5067 950 4 0 113404
2586 1119 76 5067 921 4 0 107604
2587 1139 94 5067 934 4 0 111298
2588 1131 84 5067 928 4 0 110707
2589 1104 85 5067 869 4 0 100075
2590 1128 82 5067 910 4 0 107661
2591 1141 85 5068 923 4 0 110306
2592 1128 92 5068 922 4 0 109431
2593 1111 81 5068 917 4 0 106343
2594 1150 91 5069 965 4 0 115580
2595 1111 92 5071 891 4 0 103122
2596 1138 84 5074 925 4 0 110037
2597 1153 82 5074 959 4 0 115215
2598 1103 92 5074 886 4 0 102272
2599 1097 97 5076 883 4 0 100900
2600 1146 91 5078 945 4 0 112947
2601 1125 85 5079 923 4 0 108852
2602 1100 95 5081 875 4 0 100635
2603 1122 87 5082 917 4 0 108157
2604 1115 80 5083 913 4 0 105336
2605 1117 85 5085 903 4 0 105811
2606 1153 83 5085 960 4 0 115673
2607 1134 84 5087 929 4 0 109805
2608 1088 87 5087 880 4 0 99690.6
2609 1136 91 5087 946 4 0 112190
2610 1134 79 5087 959 4 0 113800
2611 1162 82 5088 973 4 0 118256
2612 1130 88 5088 927 4 0 109149
2613 1155 84 5088 966 4 0 116826
2614 1146 86 5089 953 4 0 114699
2615 1157 87 5089 961 4 0 116707
2616 1150 92 5090 951 4 0 113712
2617 1128 83 5091 926 4 0 109646
2618 1112 79 5091 902 4 0 105174
2619 1128 86 5091 919 4 0 108786
2620 1098 88 5091 886 4 0 101761
2621 1127 82 5092 917 4 0 107900
2622 1139 73 5093 944 4 0 111800
2623 1124 78 5095 924 4 0 108679
2624 1118 86 5095 912 4 0 106986
2625 1126 83 5096 916 4 0 108025
2626 1124 88 5097 915 4 0 107748
2627 1122 86 5097 921 4 0 108349
2628 1166 84 5097 977 4 0 118452
2629 1176 85 5099 993 4 0 121733
2630 1133 86 5100 938 4 0 110931
2631 1126 87 5101 937 4 0 110203
2632 1144 86 5102 939 4 0 111989
2633 1148 92 5102 952 4 0 114880
2634 1132 89 5102 919 4 0 108871
2635 1112 88 5102 885 4 0 102691
2636 1126 86 5102 913 4 0 107123
2637 1123 92 5102 912 4 0 106468
2638 1129 91 5102 928 4 0 110441
2639 1153 86 5103 948 4 0 113774
2640 1139 84 5103 943 4 0 111696
2641 1117 86 5103 899 4 0 105164
2642 1131 78 5103 934 4 0 110971
2643 1149 82 5103 967 4 0 116313
2644 1145 93 5105 945 4 0 112676
2645 1132 91 5106 921 4 0 108161
2646 1145 83 5106 953 4 0 113369
2647 1141 83 5107 952 4 0 113575
2648 1123 84 5107 925 4 0 108600
2649 1139 86 5107 942 4 0 112573
2650 1144 83 5107 944 4 0 113894
2651 1129 95 5107 913 4 0 107922
2652 1114 91 5109 897 4 0 104410
2653 1115 83 5111 903 4 0 104820
2654 1130 87 5112 932 4 0 111140
2655 1138 88 5113 935 4 0 111096
2656 1125 88 5117 911 4 0 107961
2657 1105 98 5117 891 4 0 102974
2658 1130 100 5117 913 4 0 108247
2659 1152 94 5117 955 4 0 114538
2660 1157 87 5117 964 4 0 116557
2661 1121 96 5119 920 4 0 108189
2662 1128 88 5119 919 4 0 108521
2663 1129 85 5119 908 4 0 107190
2664 1135 89 5120 914 4 0 108322
2665 1130 94 5120 922 4 0 109172
2666 1120 93 5120 904 4 0 105112
2667 1106 86 5120 892 4 0 103198
2668 1144 86 5120 950 4 0 114701
2669 1132 88 5120 931 4 0 110876
2670 1144 85 5121 947 4 0 113183
2671 1172 83 5122 985 4 0 120745
2672 1134 88 5123 928 4 0 110320
2673 1142 78 5123 948 4 0 113277
2674 1160 75 5123 972 4 0 117911
2675 1132 84 5124 936 4 0 110312
2676 1137 79 5124 953 4 0 112761
2677 1152 83 5124 954 4 0 115151
2678 1148 85 5124 947 4 0 113766
2679 1131 79 5126 929 4 0 109975
2680 1106 82 5127 892 4 0 102935
2681 1110 86 5129 893 4 0 103356
2682 1086 89 5129 869 4 0 98787.4
2683 1107 91 5129 884 4 0 101725
2684 1128 90 5129 916 4 0 107239
2685 1104 88 5129 889 4 0 103273
2686 1118 93 5130 901 4 0 104727
2687 1132 81 5131 939 4 0 111725
2688 1084 89 5131 873 4 0 98257.7
2689 1107 80 5132 903 4 0 104762
2690 1119 88 5132 927 4 0 108906
2691 1134 83 5132 935 4 0 109782
2692 1138 88 5132 936 4 0 110919
2693 1116 86 5132 899 4 0 104274
2694 1113 97 5134 890 4 0 103166
2695 1118 85 5134 913 4 0 106846
2696 1152 77 5134 956 4 0 114648
2697 1133 89 5134 927 4 0 110609
2698 1119 85 5134 912 4 0 106681
2699 1144 78 5134 930 4 0 111930
2700 1101 87 5135 896 4 0 102679
2701 1105 83 5136 895 4 0 102635
2702 1150 86 5138 965 4 0 116878
2703 1151 88 5140 944 4 0 113625
2704 1110 86 5141 897 4 0 104842
2705 1151 84 5141 952 4 0 114619
2706 1151 75 5141 961 4 0 115083
2707 1145 85 5142 957 4 0 114279
2708 1148 81 5142 967 4 0 116533
2709 1113 81 5142 905 4 0 104436
2710 1114 76 5142 907 4 0 105835
2711 1129 82 5143 926 4 0 109235
2712 1107 88 5143 904 4 0 105142
2713 1124 90 5143 923 4 0 109122
2714 1149 84 5143 943 4 0 113375
2715 1114 93 5144 915 4 0 106871
2716 1068 90 5144 848 4 0 93840.9
2717 1106 89 5144 891 4 0 102550
2718 1116 91 5144 904 4 0 105820
2719 1150 79 5145 951 4 0 114557
2720 1124 85 5145 911 4 0 107380
2721 1129 76 5145 928 4 0 109477
2722 1097 88 5146 881 4 0 101593
2723 1107 96 5147 895 4 0 103618
2724 1142 87 5149 950 4 0 113280
2725 1152 80 5149 945 4 0 113030
2726 1124 83 5151 934 4 0 109542
2727 1168 83 5151 971 4 0 118082
2728 1121 77 5152 920 4 0 108286
2729 1153 78 5152 961 4 0 115216
2730 1132 81 5152 930 4 0 111062
2731 1125 83 5152 920 4 0 107949
2732 1147 89 5153 946 4 0 114002
2733 1141 86 5154 937 4 0 111600
2734 1144 89 5155 926 4 0 110684
2735 1121 83 5156 892 4 0 104183
2736 1139 80 5156 937 4 0 112759
2737 1128 85 5156 913 4 0 107764
2738 1102 83 5156 891 4 0 103231
2739 1114 82 5157 888 4 0 103996
2740 1132 85 5157 922 4 0 109104
2741 1133 78 5158 927 4 0 109449
2742 1139 72 5158 944 4 0 111771
2743 1140 76 5158 940 4 0 111351
2744 1128 82 5159 916 4 0 107603
2745 1112 85 5159 893 4 0 103842
2746 1154 83 5160 954 4 0 115223
2747 1161 78 5160 961 4 0 115726
2748 1132 76 5160 922 4 0 108655
2749 1127 77 5161 932 4 0 110127
2750 1077 85 5162 864 4 0 95891.9
2751 1122 81 5162 925 4 0 108601
2752 1129 92 5162 934 4 0 109876
2753 1141 86 5162 942 4 0 112608
2754 1118 90 5163 888 4 0 103966
2755 1145 94 5164 927 4 0 110936
2756 1124 85 5164 924 4 0 107565
2757 1102 87 5164 884 4 0 101304
2758 1111 80 5164 907 4 0 104698
2759 1137 81 5164 933 4 0 111963
2760 1142 89 5164 936 4 0 112906
2761 1084 84 5164 864 4 0 97950.1
2762 1114 89 5165 900 4 0 104572
2763 1134 82 5166 919 4 0 110040
2764 1121 89 5167 907 4 0 106386
2765 1104 83 5167 898 4 0 104774
2766 1128 79 5168 930 4 0 109601
2767 1129 82 5168 930 4 0 108991
2768 1163 87 5168 964 4 0 117459
2769 1164 89 5169 982 4 0 120823
2770 1155 91 5171 959 4 0 115916
2771 1141 98 5172 932 4 0 110659
2772 1126 86 5172 921 4 0 108966
2773 1118 85 5172 890 4 0 103842
2774 1132 87 5172 915 4 0 106966
2775 1131 95 5172 922 4 0 108280
2776 1121 92 5172 914 4 0 107215
2777 1129 93 5173 926 4 0 109402
2778 1142 85 5173 957 4 0 114344
2779 1114 86 5174 910 4 0 105235
2780 1107 84 5174 909 4 0 105152
2781 1146 93 5174 942 4 0 113270
2782 1121 90 5175 910 4 0 106492
2783 1143 83 5175 960 4 0 114668
2784 1122 89 5176 938 4 0 109210
2785 1139 87 5176 937 4 0 111785
2786 1140 87 5177 935 4 0 111830
2787 1118 89 5177 918 4 0 107726
2788 1120 82 5177 922 4 0 107349
2789 1114 81 5178 926 4 0 108101
2790 1122 87 5178 920 4 0 107792
2791 1109 93 5178 897 4 0 103832
2792 1120 91 5178 919 4 0 107662
2793 1098 92 5180 872 4 0 100006
2794 1109 91 5181 894 4 0 104821
2795 1100 95 5182 878 4 0 101233
2796 1150 84 5183 947 4 0 114213
2797 1119 86 5184 918 4 0 107467
2798 1097 80 5184 892 4 0 102143
2799 1113 84 5184 898 4 0 104016
2800 1101 88 5184 880 4 0 101539
2801 1123 88 5186 917 4 0 107715
2802 1091 93 5187 864 4 0 98809.5
2803 1115 93 5187 909 4 0 105998
2804 1121 88 5188 906 4 0 105420
2805 1142 90 5188 938 4 0 112397
2806 1121 91 5189 908 4 0 105755
2807 1110 85 5189 896 4 0 103703
2808 1121 90 5190 921 4 0 107624
2809 1127 87 5190 926 4 0 109448
2810 1124 90 5190 929 4 0 109832
2811 1135 84 5191 948 4 0 113102
2812 1128 88 5191 923 4 0 109926
2813 1123 82 5192 932 4 0 109804
2814 1119 81 5192 909 4 0 106552
2815 1138 86 5192 931 4 0 110994
2816 1145 87 5192 930 4 0 112228
2817 1102 96 5192 874 4 0 101483
2818 1107 92 5194 901 4 0 104652
2819 1115 86 5195 910 4 0 105306
2820 1152 87 5196 958 4 0 115959
2821 1155 93 5196 969 4 0 116651
2822 1138 85 5196 936 4 0 111569
2823 1125 83 5196 929 4 0 108366
2824 1125 79 5196 928 4 0 108605
2825 1125 76 5196 917 4 0 108729
2826 1126 87 5196 915 4 0 108169
2827 1111 90 5196 897 4 0 105655
2828 1156 78 5197 950 4 0 115890
2829 1140 80 5197 948 4 0 113272
2830 1143 74 5197 945 4 0 112776
2831 1137 79 5199 937 4 0 111505
2832 1129 90 5199 917 4 0 108527
2833 1147 85 5199 937 4 0 112595
2834 1122 82 5199 921 4 0 107649
2835 1154 85 5199 964 4 0 117409
2836 1139 85 5199 937 4 0 111899
2837 1111 86 5200 906 4 0 104426
2838 1132 88 5200 924 4 0 108973
2839 1137 98 5200 917 4 0 109025
2840 1127 79 5201 932 4 0 110336
2841 1137 79 5203 924 4 0 109365
2842 1121 79 5203 925 4 0 108060
2843 1156 83 5203 958 4 0 116249
2844 1141 76 5203 933 4 0 112189
2845 1120 90 5203 893 4 0 104879
2846 1111 83 5203 894 4 0 104276
2847 1166 91 5206 977 4 0 119228
2848 1169 85 5207 975 4 0 119841
2849 1142 93 5207 941 4 0 112229
2850 1115 86 5207 898 4 0 105249
2851 1111 87 5208 899 4 0 103847
2852 1162 75 5208 961 4 0 116998
2853 1168 85 5208 977 4 0 119356
2854 1119 94 5209 916 4 0 107132
2855 1139 88 5209 934 4 0 112503
2856 1143 87 5209 933 4 0 111695
2857 1157 78 5209 952 4 0 115429
2858 1124 86 5209 930 4 0 110005
2859 1167 89 5210 972 4 0 119018
2860 1128 81 5211 933 4 0 109143
2861 1117 93 5212 917 4 0 107758
2862 1103 91 5212 892 4 0 102583
2863 1095 90 5212 872 4 0 100479
2864 1127 81 5213 920 4 0 108208
2865 1156 88 5213 959 4 0 115950
2866 1124 87 5216 935 4 0 110567
2867 1139 85 5217 947 4 0 112558
2868 1148 85 5217 957 4 0 115536
2869 1108 91 5217 890 4 0 103732
2870 1092 85 5219 871 4 0 99209.7
2871 1120 91 5220 901 4 0 105374
2872 1119 81 5220 909 4 0 107015
2873 1159 82 5221 959 4 0 115797
2874 1135 80 5221 922 4 0 109530
2875 1150 87 5221 946 4 0 113778
2876 1163 77 5221 963 4 0 116679
2877 1128 77 5222 931 4 0 109909
2878 1130 78 5222 919 4 0 107782
2879 1132 92 5225 937 4 0 111386
2880 1139 93 5225 928 4 0 110251
2881 1105 92 5225 883 4 0 101986
2882 1141 84 5225 939 4 0 112541
2883 1146 83 5225 945 4 0 114324
2884 1126 87 5227 923 4 0 108363
2885 1119 83 5229 905 4 0 105940
2886 1094 86 5229 869 4 0 99589.2
2887 1082 88 5229 858 4 0 96576.4
2888 1134 86 5229 925 4 0 109698
2889 1128 92 5229 926 4 0 109094
2890 1122 94 5229 917 4 0 106931
2891 1129 87 5230 919 4 0 108017
2892 1160 78 5230 965 4 0 116312
2893 1113 79 5230 914 4 0 105036
2894 1112 81 5231 926 4 0 107689
2895 1133 79 5231 953 4 0 114435
2896 1124 81 5231 924 4 0 109068
2897 1149 78 5232 955 4 0 115431
2898 1113 81 5232 904 4 0 104973
2899 1096 87 5235 875 4 0 100042
2900 1126 93 5237 929 4 0 108765
2901 1126 85 5238 926 4 0 108641
2902 1106 85 5238 901 4 0 104029
2903 1131 86 5239 924 4 0 109974
2904 1136 95 5239 926 4 0 108922
2905 1120 90 5239 908 4 0 106111
2906 1124 88 5240 919 4 0 107949
2907 1130 90 5241 926 4 0 109594
2908 1117 85 5241 900 4 0 105304
2909 1079 87 5241 849 4 0 94872
2910 1116 83 5241 907 4 0 105466
2911 1160 77 5241 972 4 0 118126
2912 1138 83 5242 930 4 0 110905
2913 1108 88 5242 902 4 0 104814
2914 1131 79 5242 930 4 0 109943
2915 1057 86 5243 839 4 0 92753
2916 1093 87 5243 871 4 0 98285.6
2917 1078 94 5243 868 4 0 97464.6
2918 1093 94 5243 879 4 0 99798.6
2919 1075 81 5243 853 4 0 95132.6
2920 1097 81 5245 883 4 0 101057
2921 1119 77 5245 923 4 0 108312
2922 1138 88 5246 940 4 0 112290
2923 1133 91 5246 929 4 0 110456
2924 1105 91 5246 898 4 0 103734
2925 1127 89 5247 925 4 0 110864
2926 1128 101 5249 906 4 0 107505
2927 1095 89 5250 879 4 0 101071
2928 1109 79 5250 906 4 0 105864
2929 1126 86 5250 927 4 0 110270
2930 1113 93 5250 904 4 0 105653
2931 1127 89 5250 925 4 0 109249
2932 1128 88 5251 921 4 0 109548
2933 1143 83 5251 950 4 0 113338
2934 1106 93 5251 901 4 0 103910
2935 1089 87 5252 872 4 0 98929.8
2936 1117 89 5254 907 4 0 105012
2937 1142 90 5254 950 4 0 113489
2938 1129 88 5254 930 4 0 110734
2939 1143 85 5255 943 4 0 112786
2940 1129 92 5255 928 4 0 109770
2941 1114 87 5255 904 4 0 105394
2942 1153 89 5255 961 4 0 116768
2943 1147 87 5255 942 4 0 113030
2944 1109 95 5258 892 4 0 103057
2945 1076 89 5258 865 4 0 97285.5
2946 1116 87 5259 911 4 0 106504
2947 1138 81 5259 940 4 0 111647
2948 1137 85 5259 934 4 0 110468
2949 1127 81 5259 932 4 0 110170
2950 1174 80 5260 989 4 0 122026
2951 1151 91 5261 955 4 0 115089
2952 1116 90 5261 910 4 0 106531
2953 1145 85 5261 948 4 0 113742
2954 1128 90 5261 904 4 0 107248
2955 1137 90 5261 931 4 0 110033
2956 1153 87 5262 960 4 0 116622
2957 1123 81 5262 930 4 0 109319
2958 1135 79 5262 943 4 0 111611
2959 1151 72 5262 954 4 0 114844
2960 1128 86 5262 924 4 0 108394
2961 1098 92 5262 885 4 0 101245
2962 1065 82 5263 846 4 0 94258.1
2963 1088 90 5263 855 4 0 97868.9
2964 1101 87 5263 894 4 0 102776
2965 1127 87 5263 919 4 0 108075
2966 1110 91 5264 890 4 0 102870
2967 1132 87 5264 911 4 0 107963
2968 1105 89 5266 897 4 0 103769
2969 1135 84 5266 927 4 0 109594
2970 1121 84 5267 920 4 0 107684
2971 1121 75 5267 936 4 0 109771
2972 1120 82 5267 925 4 0 108140
2973 1100 88 5267 889 4 0 102964
2974 1101 86 5267 890 4 0 103174
2975 1119 84 5268 918 4 0 108131
2976 1132 93 5268 916 4 0 108497
2977 1135 99 5268 930 4 0 110131
2978 1136 83 5269 924 4 0 109802
2979 1113 87 5269 900 4 0 105107
2980 1137 83 5269 939 4 0 111750
2981 1132 86 5270 931 4 0 110351
2982 1135 88 5270 946 4 0 111639
2983 1143 83 5270 963 4 0 115133
2984 1122 82 5270 917 4 0 107571
2985 1142 82 5270 957 4 0 114489
2986 1145 84 5270 944 4 0 113393
2987 1142 78 5270 959 4 0 114450
2988 1117 92 5270 914 4 0 107025
2989 1120 82 5271 921 4 0 107606
2990 1135 78 5271 939 4 0 110937
2991 1151 93 5273 959 4 0 115942
2992 1126 93 5273 920 4 0 109285
2993 1128 79 5273 920 4 0 108241
2994 1135 79 5273 929 4 0 111036
2995 1147 88 5273 953 4 0 114044
2996 1140 88 5275 946 4 0 112717
2997 1134 82 5275 938 4 0 110684
2998 1107 85 5275 887 4 0 103289
2999 1112 80 5276 902 4 0 103974
3000 1127 86 5276 925 4 0 109555
3001 1123 84 5276 910 4 0 107489
3002 1117 82 5276 903 4 0 105276
3003 1133 86 5276 921 4 0 108153
3004 1137 83 5276 930 4 0 111134
3005 1140 84 5277 934 4 0 111421
3006 1145 89 5277 940 4 0 113206
3007 1152 78 5277 964 4 0 116629
3008 1103 86 5277 899 4 0 104123
3009 1135 85 5279 929 4 0 110418
3010 1152 92 5279 946 4 0 113979
3011 1126 80 5279 926 4 0 109645
3012 1114 91 5279 910 4 0 106034
3013 1122 96 5279 908 4 0 107302
3014 1104 89 5279 901 4 0 104106
3015 1119 86 5279 907 4 0 106733
3016 1141 87 5279 934 4 0 110481
3017 1139 82 5279 949 4 0 112387
3018 1140 82 5279 936 4 0 112107
3019 1108 87 5280 887 4 0 102571
3020 1139 80 5280 953 4 0 113608
3021 1149 82 5281 956 4 0 115581
3022 1143 85 5281 956 4 0 114242
3023 1137 91 5282 933 4 0 111091
3024 1129 92 5282 934 4 0 110225
3025 1149 83 5282 968 4 0 117173
3026 1131 91 5283 929 4 0 110252
3027 1096 96 5284 860 4 0 98437.6
3028 1127 81 5284 913 4 0 107414
3029 1108 86 5284 902 4 0 104346
3030 1121 92 5284 918 4 0 108724
3031 1109 87 5286 899 4 0 105102
3032 1121 89 5289 907 4 0 107128
3033 1139 87 5290 946 4 0 113135
3034 1140 77 5291 949 4 0 113999
3035 1108 88 5292 885 4 0 102549
3036 1092 82 5292 883 4 0 101106
3037 1102 84 5293 897 4 0 103641
3038 1152 85 5294 957 4 0 115318
3039 1134 83 5295 936 4 0 110111
3040 1109 89 5297 905 4 0 105194
3041 1119 87 5299 912 4 0 106541
3042 1120 83 5301 912 4 0 107017
3043 1142 90 5301 925 4 0 110913
3044 1156 89 5302 953 4 0 115227
3045 1105 98 5302 885 4 0 102486
3046 1130 87 5303 927 4 0 109210
3047 1119 95 5304 914 4 0 107045
3048 1161 81 5306 973 4 0 118879
3049 1141 94 5306 943 4 0 113143
3050 1126 87 5306 928 4 0 109753
3051 1115 77 5306 912 4 0 107016
3052 1085 95 5306 869 4 0 98901
3053 1144 91 5306 923 4 0 110514
3054 1147 90 5306 954 4 0 114598
3055 1130 92 5306 923 4 0 110372
3056 1148 87 5306 944 4 0 114165
3057 1108 96 5306 895 4 0 104498
3058 1120 80 5306 926 4 0 109150
3059 1125 82 5307 918 4 0 108152
3060 1087 88 5307 862 4 0 97783
3061 1118 79 5307 900 4 0 105273
3062 1154 79 5307 964 4 0 117123
3063 1145 84 5309 945 4 0 114369
3064 1146 83 5309 947 4 0 113562
3065 1166 89 5309 975 4 0 120072
3066 1142 96 5310 930 4 0 111448
3067 1108 94 5312 899 4 0 104852
3068 1095 90 5313 870 4 0 98873.2
3069 1104 82 5313 892 4 0 102164
3070 1144 90 5313 948 4 0 114228
3071 1127 92 5313 915 4 0 108774
3072 1120 89 5314 905 4 0 106041
3073 1130 84 5315 921 4 0 108773
3074 1110 90 5316 904 4 0 104952
3075 1101 89 5317 889 4 0 102540
3076 1085 93 5317 863 4 0 98403.6
3077 1094 89 5317 871 4 0 98965.1
3078 1143 83 5317 939 4 0 112208
3079 1160 82 5317 973 4 0 117334
3080 1155 81 5318 968 4 0 116880
3081 1116 84 5318 904 4 0 106362
3082 1151 80 5318 946 4 0 114526
3083 1144 88 5319 938 4 0 112832
3084 1153 91 5319 957 4 0 116344
3085 1157 87 5321 966 4 0 116567
3086 1093 90 5324 872 4 0 99611.6
3087 1098 88 5325 883 4 0 101572
3088 1145 82 5325 947 4 0 113187
3089 1148 90 5326 955 4 0 115361
3090 1174 81 5327 991 4 0 121347
3091 1142 82 5327 938 4 0 112834
3092 1122 85 5330 910 4 0 106865
3093 1100 94 5330 872 4 0 100225
3094 1121 91 5331 901 4 0 105679
3095 1131 89 5332 926 4 0 110414
3096 1141 81 5332 951 4 0 114556
3097 1162 69 5332 992 4 0 121390
3098 1128 85 5334 920 4 0 108110
3099 1137 86 5334 936 4 0 111002
3100 1138 87 5334 946 4 0 112560
3101 1130 84 5334 929 4 0 110858
3102 1115 82 5334 912 4 0 105696
3103 1113 88 5336 910 4 0 105761
3104 1124 84 5336 921 4 0 108435
3105 1119 84 5338 923 4 0 108247
3106 1152 82 5338 959 4 0 116393
3107 1148 87 5338 965 4 0 116504
3108 1154 82 5338 962 4 0 117394
3109 1151 83 5339 962 4 0 115721
3110 1137 87 5340 938 4 0 112759
3111 1131 80 5340 922 4 0 109761
3112 1133 81 5341 925 4 0 110307
3113 1138 87 5343 934 4 0 111300
3114 1105 84 5344 901 4 0 104194
3115 1121 93 5344 909 4 0 107118
3116 1130 80 5344 935 4 0 110658
3117 1133 78 5344 941 4 0 111787
3118 1141 84 5344 933 4 0 111943
3119 1152 87 5344 958 4 0 115164
3120 1138 78 5344 935 4 0 110628
3121 1129 90 5345 937 4 0 110232
3122 1108 92 5346 901 4 0 103963
3123 1130 87 5347 927 4 0 109845
3124 1102 90 5348 891 4 0 102345
3125 1114 87 5348 898 4 0 104939
3126 1115 84 5349 908 4 0 106150
3127 1088 78 5349 874 4 0 98423.4
3128 1132 82 5349 918 4 0 109215
3129 1134 83 5349 935 4 0 110771
3130 1180 87 5349 989 4 0 122614
3131 1180 79 5349 987 4 0 122046
3132 1147 85 5350 954 4 0 115342
3133 1137 92 5350 916 4 0 109054
3134 1160 83 5350 959 4 0 116994
3135 1150 83 5350 951 4 0 114380
3136 1136 89 5350 932 4 0 111759
3137 1133 85 5350 921 4 0 109167
3138 1111 90 5351 892 4 0 103959
3139 1126 88 5351 914 4 0 107822
3140 1115 91 5352 905 4 0 104404
3141 1121 87 5354 919 4 0 107360
3142 1125 92 5354 913 4 0 108480
3143 1098 82 5354 882 4 0 101237
3144 1113 81 5355 907 4 0 106037
3145 1151 84 5355 950 4 0 115453
3146 1139 86 5356 953 4 0 114302
3147 1130 78 5356 927 4 0 110069
3148 1138 72 5356 938 4 0 112449
3149 1119 86 5357 902 4 0 106332
3150 1117 87 5358 895 4 0 105076
3151 1119 93 5358 909 4 0 106112
3152 1134 88 5359 921 4 0 109199
3153 1143 87 5359 948 4 0 113351
3154 1144 86 5359 953 4 0 113595
3155 1089 86 5359 879 4 0 100227
3156 1095 83 5360 876 4 0 100377
3157 1140 80 5362 933 4 0 111552
3158 1129 77 5362 912 4 0 107065
3159 1128 82 5362 922 4 0 108276
3160 1125 90 5362 904 4 0 105811
3161 1124 82 5363 928 4 0 109089
3162 1103 79 5363 897 4 0 102490
3163 1120 78 5364 917 4 0 107718
3164 1118 81 5364 907 4 0 106311
3165 1110 88 5364 894 4 0 102938
3166 1092 88 5365 871 4 0 98526.2
3167 1115 87 5366 910 4 0 105742
3168 1148 84 5366 946 4 0 111991
3169 1130 79 5366 917 4 0 107753
3170 1107 80 5367 886 4 0 101917
3171 1143 82 5367 944 4 0 114190
3172 1128 87 5367 909 4 0 107154
3173 1140 93 5367 917 4 0 109217
3174 1146 86 5367 940 4 0 112300
3175 1153 86 5368 959 4 0 115535
3176 1112 90 5368 900 4 0 103794
3177 1116 94 5368 916 4 0 106963
3178 1108 86 5368 907 4 0 104866
3179 1146 93 5368 939 4 0 112258
3180 1113 87 5368 911 4 0 106064
3181 1145 83 5369 947 4 0 114862
3182 1111 86 5369 911 4 0 105960
3183 1113 84 5370 896 4 0 104822
3184 1124 87 5372 931 4 0 109383
3185 1159 86 5373 963 4 0 116676
3186 1135 88 5374 940 4 0 110994
3187 1092 82 5376 880 4 0 100834
3188 1123 81 5376 913 4 0 107249
3189 1143 84 5377 947 4 0 113264
3190 1146 81 5378 939 4 0 112451
3191 1139 91 5380 924 4 0 110097
3192 1119 88 5380 916 4 0 107438
3193 1122 89 5380 909 4 0 106236
3194 1092 92 5380 874 4 0 99630.9
3195 1106 95 5381 897 4 0 103816
3196 1126 88 5381 916 4 0 107200
3197 1103 82 5381 900 4 0 103850
3198 1105 83 5382 889 4 0 102042
3199 1123 88 5382 910 4 0 107406
3200 1104 94 5384 893 4 0 104104
3201 1110 95 5384 901 4 0 104677
3202 1117 85 5384 914 4 0 105544
3203 1091 90 5384 860 4 0 98162.2
3204 1079 87 5384 853 4 0 96225.1
3205 1107 85 5384 885 4 0 101254
3206 1139 87 5385 930 4 0 110722
3207 1129 84 5385 927 4 0 109279
3208 1137 85 5385 933 4 0 111759
3209 1130 89 5386 924 4 0 109488
3210 1147 81 5388 939 4 0 113065
3211 1103 89 5388 899 4 0 104084
3212 1123 84 5389 924 4 0 108596
3213 1133 83 5389 943 4 0 111562
3214 1141 76 5389 962 4 0 115329
3215 1126 79 5389 932 4 0 110573
3216 1134 80 5389 935 4 0 111547
3217 1127 86 5391 918 4 0 108092
3218 1109 87 5391 905 4 0 105760
3219 1138 90 5392 929 4 0 110476
3220 1123 88 5392 930 4 0 109661
3221 1147 84 5392 956 4 0 114594
3222 1116 90 5392 904 4 0 106113
3223 1117 88 5392 903 4 0 104799
3224 1125 90 5392 908 4 0 107218
3225 1118 82 5392 898 4 0 105827
3226 1105 89 5392 891 4 0 102993
3227 1111 83 5393 905 4 0 104832
3228 1139 80 5393 938 4 0 111632
3229 1159 84 5393 973 4 0 117783
3230 1165 87 5393 980 4 0 120100
3231 1128 92 5393 917 4 0 108089
3232 1142 88 5395 938 4 0 112727
3233 1146 89 5395 943 4 0 112686
3234 1147 79 5395 945 4 0 113112
3235 1118 81 5395 912 4 0 106366
3236 1120 78 5395 916 4 0 106874
3237 1119 87 5395 911 4 0 105967
3238 1146 91 5395 934 4 0 111969
3239 1154 83 5395 963 4 0 115555
3240 1118 89 5396 915 4 0 107492
3241 1146 82 5397 940 4 0 112510
3242 1113 89 5398 895 4 0 104731
3243 1091 83 5398 882 4 0 100040
3244 1142 80 5399 948 4 0 113489
3245 1130 80 5400 938 4 0 111424
3246 1148 83 5400 953 4 0 114937
3247 1121 76 5401 916 4 0 107301
3248 1114 81 5401 909 4 0 106421
3249 1109 85 5402 906 4 0 105170
3250 1124 83 5403 924 4 0 108245
3251 1137 79 5403 939 4 0 112719
3252 1109 95 5405 899 4 0 104101
3253 1127 87 5405 916 4 0 107652
3254 1128 88 5405 939 4 0 110060
3255 1100 85 5405 901 4 0 103932
3256 1118 87 5405 902 4 0 103964
3257 1135 84 5406 922 4 0 108692
3258 1122 91 5406 912 4 0 107455
3259 1145 78 5407 946 4 0 114076
3260 1107 89 5408 898 4 0 104234
3261 1101 93 5408 884 4 0 101630
3262 1138 98 5409 933 4 0 111292
3263 1170 85 5409 977 4 0 119605
3264 1115 84 5409 907 4 0 105142
3265 1162 86 5409 970 4 0 118554
3266 1135 80 5409 932 4 0 110201
3267 1136 87 5411 934 4 0 110319
3268 1144 84 5411 938 4 0 112532
3269 1142 89 5411 945 4 0 113292
3270 1163 88 5413 979 4 0 119734
3271 1164 86 5413 973 4 0 118891
3272 1131 87 5414 913 4 0 108278
3273 1101 89 5414 899 4 0 103854
3274 1100 86 5414 888 4 0 102319
3275 1104 87 5414 905 4 0 104742
3276 1130 93 5414 932 4 0 109404
3277 1151 80 5414 957 4 0 114800
3278 1144 87 5414 944 4 0 113366
3279 1162 81 5416 970 4 0 117971
3280 1138 84 5416 930 4 0 110009
3281 1096 90 5416 891 4 0 101638
3282 1157 81 5417 973 4 0 117927
3283 1110 80 5417 905 4 0 104679
3284 1133 82 5417 930 4 0 110384
3285 1121 79 5417 924 4 0 108344
3286 1118 86 5417 914 4 0 107302
3287 1116 84 5417 911 4 0 106808
3288 1094 83 5417 890 4 0 102188
3289 1106 88 5418 894 4 0 103554
3290 1098 82 5419 885 4 0 101010
3291 1121 88 5419 897 4 0 106300
3292 1138 88 5419 910 4 0 108467
3293 1126 91 5419 904 4 0 106973
3294 1088 87 5420 871 4 0 98829.7
3295 1077 91 5421 857 4 0 95979.4
3296 1093 91 5423 871 4 0 99564.2
3297 1114 83 5425 917 4 0 106278
3298 1117 85 5425 908 4 0 106380
3299 1108 83 5425 896 4 0 103228
3300 1133 90 5426 924 4 0 109256
3301 1139 81 5426 939 4 0 112983
3302 1127 79 5427 917 4 0 108217
3303 1099 88 5429 880 4 0 101772
3304 1110 82 5430 907 4 0 104906
3305 1089 81 5430 876 4 0 99769.6
3306 1134 86 5430 944 4 0 111673
3307 1140 86 5431 947 4 0 113321
3308 1158 88 5432 968 4 0 117476
3309 1173 87 5433 985 4 0 121843
3310 1154 89 5433 948 4 0 114607
3311 1141 95 5433 961 4 0 114891
3312 1126 94 5433 932 4 0 109878
3313 1110 95 5434 902 4 0 104584
3314 1109 88 5436 896 4 0 103269
3315 1148 86 5438 963 4 0 116344
3316 1146 80 5438 955 4 0 114873
3317 1127 83 5439 940 4 0 110400
3318 1123 88 5440 918 4 0 108190
3319 1120 87 5442 909 4 0 106058
3320 1127 82 5443 918 4 0 108154
3321 1113 84 5444 895 4 0 104112
3322 1109 96 5444 876 4 0 101841
3323 1142 86 5444 940 4 0 112558
3324 1145 87 5444 936 4 0 111933
3325 1133 80 5444 915 4 0 109231
3326 1148 89 5445 946 4 0 114453
3327 1168 84 5446 985 4 0 120871
3328 1155 87 5446 964 4 0 116108
3329 1111 75 5446 905 4 0 104710
3330 1138 92 5448 929 4 0 109921
3331 1133 98 5450 922 4 0 109548
3332 1144 89 5451 943 4 0 113069
3333 1152 86 5452 940 4 0 113211
3334 1126 95 5452 916 4 0 107530
3335 1118 96 5452 904 4 0 106013
3336 1129 89 5452 925 4 0 109238
3337 1125 82 5452 923 4 0 108381
3338 1152 76 5452 956 4 0 116104
3339 1127 80 5452 924 4 0 108983
3340 1165 78 5452 968 4 0 117407
3341 1118 95 5453 906 4 0 105627
3342 1125 94 5453 910 4 0 106024
3343 1149 85 5453 954 4 0 113751
3344 1160 93 5453 965 4 0 116989
3345 1128 86 5453 929 4 0 110064
3346 1139 84 5454 931 4 0 110794
3347 1144 80 5454 943 4 0 112828
3348 1115 88 5455 904 4 0 105813
3349 1158 80 5455 955 4 0 116315
3350 1129 88 5456 921 4 0 109255
3351 1146 84 5456 936 4 0 111451
3352 1134 84 5456 922 4 0 108984
3353 1119 94 5456 912 4 0 106822
3354 1122 87 5456 914 4 0 108802
3355 1144 87 5456 946 4 0 113146
3356 1140 78 5456 950 4 0 113074
3357 1145 84 5458 949 4 0 113959
3358 1145 85 5458 954 4 0 114776
3359 1124 88 5459 923 4 0 108739
3360 1113 91 5459 902 4 0 103827
3361 1149 87 5459 955 4 0 114593
3362 1155 90 5459 961 4 0 115341
3363 1149 84 5460 964 4 0 116030
3364 1143 83 5460 944 4 0 112887
3365 1104 86 5460 896 4 0 103442
3366 1109 92 5461 882 4 0 102723
3367 1123 90 5462 914 4 0 108102
3368 1139 84 5462 936 4 0 112297
3369 1138 79 5462 938 4 0 112139
3370 1127 80 5463 929 4 0 109555
3371 1143 77 5464 956 4 0 114086
3372 1170 83 5464 1008 4 0 123608
3373 1127 85 5465 939 4 0 110554
3374 1145 78 5465 955 4 0 114239
3375 1131 88 5465 923 4 0 109301
3376 1143 87 5466 934 4 0 111431
3377 1151 81 5466 943 4 0 112971
3378 1110 80 5466 909 4 0 105646
3379 1104 85 5467 892 4 0 102374
3380 1136 87 5469 933 4 0 110816
3381 1131 99 5469 921 4 0 108649
3382 1126 92 5469 920 4 0 108475
3383 1115 94 5469 900 4 0 105399
3384 1085 94 5469 862 4 0 98316.1
3385 1117 80 5469 916 4 0 107053
3386 1100 90 5470 877 4 0 100677
3387 1158 90 5470 956 4 0 115965
3388 1109 88 5471 889 4 0 101968
3389 1121 83 5471 903 4 0 105141
3390 1150 75 5472 957 4 0 114915
3391 1136 82 5472 934 4 0 111052
3392 1125 85 5472 913 4 0 107812
3393 1095 93 5472 868 4 0 98528.1
3394 1169 85 5472 985 4 0 120085
3395 1141 89 5472 933 4 0 111180
3396 1079 96 5473 856 4 0 97495.4
3397 1079 90 5474 857 4 0 96858.1
3398 1111 86 5475 890 4 0 103218
3399 1120 88 5475 921 4 0 108880
3400 1110 91 5476 902 4 0 104578
3401 1120 86 5476 913 4 0 107154
3402 1102 86 5476 898 4 0 104390
3403 1105 85 5476 882 4 0 101853
3404 1111 83 5476 896 4 0 103849
3405 1131 84 5476 915 4 0 107341
3406 1122 84 5476 907 4 0 106689
3407 1153 87 5477 944 4 0 113301
3408 1129 89 5477 926 4 0 109544
3409 1133 82 5479 942 4 0 111635
3410 1135 82 5480 932 4 0 110284
3411 1125 81 5481 918 4 0 107332
3412 1131 84 5481 924 4 0 109749
3413 1130 90 5481 924 4 0 108573
3414 1129 89 5482 928 4 0 109975
3415 1122 91 5482 911 4 0 107387
3416 1130 90 5483 928 4 0 109689
3417 1137 82 5483 942 4 0 111793
3418 1161 89 5483 958 4 0 115865
3419 1150 92 5484 949 4 0 114394
3420 1120 84 5484 909 4 0 106638
3421 1124 83 5485 916 4 0 106379
3422 1129 87 5486 927 4 0 108807
3423 1125 83 5486 911 4 0 106488
3424 1124 88 5488 917 4 0 107627
3425 1149 81 5488 942 4 0 113307
3426 1102 86 5488 877 4 0 100956
3427 1125 80 5488 925 4 0 109191
3428 1107 79 5489 907 4 0 106058
3429 1096 86 5489 879 4 0 100779
3430 1103 90 5490 877 4 0 99955.9
3431 1124 83 5490 920 4 0 107937
3432 1162 82 5491 980 4 0 118917
3433 1133 87 5491 934 4 0 111322
3434 1123 85 5491 917 4 0 108035
3435 1124 80 5491 923 4 0 108481
3436 1135 80 5492 935 4 0 110842
3437 1160 82 5494 974 4 0 117605
3438 1163 77 5495 986 4 0 120068
3439 1130 84 5495 936 4 0 110860
3440 1137 83 5495 941 4 0 112010
3441 1114 87 5495 904 4 0 104681
3442 1127 88 5496 919 4 0 108332
3443 1146 88 5496 962 4 0 116243
3444 1102 82 5496 895 4 0 103269
3445 1126 87 5497 920 4 0 108029
3446 1134 83 5497 940 4 0 112178
3447 1133 91 5497 929 4 0 110433
3448 1112 86 5497 914 4 0 106060
3449 1137 84 5497 953 4 0 114073
3450 1105 95 5497 884 4 0 102732
3451 1157 91 5497 961 4 0 116658
3452 1144 85 5497 929 4 0 111851
3453 1145 86 5497 946 4 0 113296
3454 1127 92 5498 907 4 0 106003
3455 1114 87 5498 900 4 0 103970
3456 1110 74 5498 917 4 0 105550
3457 1102 85 5498 904 4 0 103992
3458 1053 85 5499 842 4 0 92035.1
3459 1100 88 5499 881 4 0 101138
3460 1128 90 5499 902 4 0 106898
3461 1143 87 5499 944 4 0 114251
3462 1151 81 5499 960 4 0 116089
3463 1131 87 5500 934 4 0 110447
3464 1127 89 5501 932 4 0 110373
3465 1125 89 5501 909 4 0 106961
3466 1124 88 5501 913 4 0 107251
3467 1122 87 5501 915 4 0 108086
3468 1129 84 5502 924 4 0 109105
3469 1101 83 5502 899 4 0 103537
3470 1121 80 5503 903 4 0 105160
3471 1096 83 5503 890 4 0 101611
3472 1096 87 5503 885 4 0 101038
3473 1135 85 5504 928 4 0 109765
3474 1104 88 5505 895 4 0 102903
3475 1156 89 5506 958 4 0 115983
3476 1134 82 5507 927 4 0 109627
3477 1134 89 5507 912 4 0 108159
3478 1131 88 5507 901 4 0 106748
3479 1146 87 5507 927 4 0 111801
3480 1144 85 5507 928 4 0 111607
3481 1149 85 5507 951 4 0 114617
3482 1153 90 5508 953 4 0 114899
3483 1140 87 5508 931 4 0 110897
3484 1134 88 5508 921 4 0 108696
3485 1086 89 5508 868 4 0 98182.5
3486 1109 96 5510 896 4 0 103352
3487 1123 88 5511 915 4 0 106752
3488 1136 91 5512 921 4 0 109082
3489 1124 91 5512 912 4 0 107540
3490 1166 83 5512 961 4 0 117303
3491 1138 89 5512 937 4 0 111508
3492 1145 86 5512 926 4 0 111353
3493 1150 93 5513 935 4 0 112352
3494 1136 89 5513 932 4 0 110203
3495 1150 90 5513 946 4 0 113820
3496 1157 87 5513 957 4 0 115790
3497 1116 86 5514 916 4 0 107094
3498 1113 87 5515 910 4 0 105954
3499 1123 82 5516 927 4 0 108629
3500 1152 87 5516 943 4 0 113685
3501 1130 92 5516 915 4 0 108243
3502 1098 86 5517 890 4 0 102271
3503 1137 90 5518 946 4 0 112029
3504 1117 91 5518 927 4 0 107880
3505 1134 85 5520 939 4 0 111429
3506 1119 89 5521 917 4 0 106683
3507 1123 81 5521 921 4 0 107838
3508 1110 79 5522 912 4 0 106257
3509 1117 84 5523 890 4 0 104079
3510 1143 86 5523 943 4 0 113414
3511 1147 91 5524 946 4 0 113536
3512 1144 83 5524 959 4 0 115413
3513 1122 85 5524 912 4 0 106507
3514 1121 82 5524 915 4 0 107357
3515 1135 91 5524 929 4 0 110365
3516 1101 83 5524 883 4 0 101828
3517 1110 86 5525 891 4 0 103263
3518 1137 94 5525 934 4 0 111213
3519 1130 86 5525 938 4 0 111402
3520 1140 86 5525 948 4 0 113084
3521 1162 87 5525 973 4 0 118514
3522 1118 80 5526 914 4 0 106518
3523 1095 85 5527 876 4 0 100934
3524 1116 90 5527 898 4 0 105046
3525 1159 88 5528 963 4 0 117446
3526 1129 93 5528 904 4 0 107427
3527 1153 92 5528 953 4 0 115203
3528 1133 85 5529 928 4 0 110635
3529 1135 88 5529 923 4 0 110940
3530 1154 82 5529 971 4 0 116779
3531 1134 77 5529 937 4 0 111660
3532 1089 84 5529 878 4 0 99363.8
3533 1084 90 5530 878 4 0 99012.7
3534 1099 85 5531 892 4 0 102818
3535 1119 94 5532 918 4 0 107916
3536 1110 88 5532 902 4 0 104970
3537 1141 84 5533 949 4 0 113876
3538 1121 79 5534 922 4 0 108487
3539 1119 82 5534 924 4 0 108122
3540 1108 92 5534 906 4 0 104077
3541 1135 85 5534 930 4 0 110601
3542 1158 89 5535 961 4 0 116918
3543 1102 96 5535 884 4 0 101955
3544 1124 87 5535 923 4 0 108791
3545 1123 78 5536 926 4 0 108905
3546 1163 85 5536 973 4 0 118317
3547 1168 83 5536 973 4 0 118384
3548 1157 82 5536 951 4 0 114437
3549 1150 83 5537 960 4 0 115028
3550 1128 92 5538 916 4 0 108277
3551 1119 86 5538 909 4 0 105818
3552 1143 90 5538 956 4 0 114006
3553 1123 87 5539 919 4 0 107511
3554 1129 89 5539 922 4 0 108295
3555 1119 92 5539 898 4 0 105384
3556 1122 90 5540 912 4 0 107366
3557 1148 82 5541 948 4 0 114373
3558 1124 89 5542 916 4 0 107292
3559 1163 82 5542 967 4 0 117419
3560 1127 88 5542 932 4 0 109670
3561 1111 81 5544 915 4 0 106773
3562 1121 84 5544 915 4 0 106251
3563 1107 89 5544 893 4 0 103023
3564 1127 80 5544 917 4 0 107507
3565 1149 85 5544 960 4 0 115820
3566 1135 81 5544 938 4 0 110479
3567 1152 94 5545 936 4 0 112316
3568 1141 91 5545 947 4 0 113530
3569 1141 86 5545 942 4 0 112407
3570 1135 87 5545 926 4 0 110624
3571 1135 86 5545 937 4 0 111903
3572 1115 87 5545 896 4 0 105447
3573 1165 85 5545 975 4 0 119765
3574 1102 85 5545 905 4 0 105406
3575 1120 78 5545 922 4 0 107982
3576 1114 82 5545 903 4 0 105259
3577 1119 82 5545 911 4 0 106150
3578 1155 89 5545 960 4 0 116831
3579 1173 83 5547 974 4 0 118508
3580 1132 90 5548 930 4 0 109048
3581 1153 81 5548 964 4 0 115463
3582 1130 87 5548 946 4 0 111770
3583 1083 90 5548 876 4 0 99225.8
3584 1083 90 5548 861 4 0 97979.8
3585 1113 93 5549 911 4 0 106144
3586 1122 90 5550 927 4 0 109083
3587 1115 82 5551 897 4 0 104851
3588 1119 85 5551 904 4 0 106179
3589 1119 90 5552 903 4 0 105132
3590 1103 93 5552 873 4 0 101188
3591 1094 93 5554 882 4 0 101509
3592 1112 90 5555 898 4 0 105355
3593 1145 89 5555 941 4 0 113310
3594 1163 98 5556 963 4 0 118078
3595 1134 96 5557 914 4 0 108650
3596 1129 92 5557 911 4 0 108768
3597 1113 91 5557 894 4 0 104241
3598 1130 92 5557 928 4 0 109930
3599 1149 83 5557 953 4 0 114700
3600 1124 82 5557 920 4 0 107590
3601 1118 83 5557 918 4 0 107965
3602 1127 90 5557 924 4 0 109177
3603 1136 84 5558 935 4 0 111687
3604 1113 83 5559 896 4 0 104599
3605 1116 85 5559 915 4 0 107622
3606 1145 93 5560 940 4 0 112391
3607 1142 86 5560 941 4 0 112565
3608 1099 89 5560 889 4 0 102877
3609 1117 92 5560 898 4 0 105704
3610 1118 87 5560 909 4 0 106803
3611 1118 96 5560 899 4 0 105733
3612 1119 85 5560 902 4 0 105614
3613 1119 83 5561 909 4 0 106910
3614 1127 85 5561 921 4 0 107997
3615 1145 91 5561 939 4 0 113146
3616 1153 85 5561 938 4 0 113228
3617 1106 83 5562 889 4 0 103167
3618 1087 92 5563 863 4 0 98086
3619 1144 89 5563 934 4 0 111532
3620 1111 96 5564 897 4 0 104990
3621 1120 89 5564 919 4 0 107760
3622 1128 81 5564 925 4 0 108968
3623 1139 86 5564 951 4 0 113117
3624 1111 79 5564 907 4 0 105323
3625 1140 92 5565 946 4 0 112330
3626 1140 85 5565 942 4 0 112778
3627 1134 85 5565 936 4 0 111351
3628 1168 81 5567 982 4 0 119231
3629 1171 91 5567 990 4 0 121911
3630 1161 85 5567 972 4 0 118881
3631 1113 86 5567 905 4 0 105442
3632 1118 78 5567 927 4 0 108856
3633 1108 86 5567 907 4 0 105004
3634 1119 89 5570 918 4 0 107324
3635 1118 87 5571 920 4 0 107089
3636 1121 89 5571 920 4 0 108075
3637 1128 85 5572 917 4 0 108547
3638 1137 82 5572 945 4 0 112479
3639 1148 78 5573 958 4 0 115097
3640 1119 88 5573 910 4 0 106177
3641 1120 89 5575 913 4 0 107254
3642 1156 92 5575 969 4 0 117298
3643 1131 90 5575 934 4 0 111195
3644 1132 95 5576 933 4 0 110413
3645 1128 86 5576 919 4 0 108054
3646 1142 90 5577 929 4 0 110823
3647 1092 89 5577 861 4 0 98289.3
3648 1093 93 5577 865 4 0 98934.9
3649 1107 95 5577 895 4 0 103094
3650 1128 85 5577 929 4 0 109461
3651 1117 82 5577 917 4 0 107584
3652 1150 80 5577 961 4 0 114708
3653 1145 83 5577 951 4 0 113656
3654 1173 85 5578 991 4 0 121855
3655 1149 86 5578 943 4 0 114360
3656 1144 81 5579 944 4 0 112775
3657 1135 89 5579 933 4 0 110899
3658 1152 85 5579 959 4 0 116540
3659 1130 93 5579 910 4 0 107666
3660 1166 86 5579 966 4 0 118561
3661 1148 81 5579 954 4 0 115106
3662 1111 83 5580 907 4 0 105590
3663 1111 87 5580 897 4 0 103675
3664 1143 83 5580 941 4 0 111438
3665 1128 80 5580 924 4 0 108943
3666 1118 82 5582 914 4 0 106349
3667 1129 80 5582 928 4 0 109179
3668 1149 84 5582 949 4 0 113786
3669 1147 84 5584 956 4 0 114886
3670 1108 88 5584 896 4 0 103876
3671 1132 88 5585 924 4 0 109626
3672 1124 84 5586 935 4 0 110151
3673 1123 82 5586 920 4 0 107437
3674 1117 90 5586 908 4 0 106077
3675 1112 84 5587 903 4 0 104129
3676 1073 91 5587 864 4 0 96783.7
3677 1111 92 5588 914 4 0 105924
3678 1125 86 5588 910 4 0 107913
3679 1102 93 5588 873 4 0 100592
3680 1106 89 5588 886 4 0 103467
3681 1110 95 5588 897 4 0 104879
3682 1113 84 5588 908 4 0 106225
3683 1129 86 5588 925 4 0 108515
3684 1141 80 5588 948 4 0 113639
3685 1150 82 5588 957 4 0 115048
3686 1078 84 5589 862 4 0 96481.9
3687 1130 90 5589 927 4 0 110125
3688 1126 87 5589 929 4 0 108914
3689 1125 81 5589 929 4 0 109545
3690 1125 95 5589 916 4 0 107016
3691 1107 88 5589 901 4 0 105413
3692 1136 90 5590 934 4 0 110864
3693 1118 79 5590 911 4 0 106122
3694 1106 83 5590 891 4 0 102490
3695 1149 92 5591 953 4 0 114589
3696 1120 87 5591 917 4 0 107278
3697 1121 86 5592 906 4 0 106609
3698 1116 95 5593 895 4 0 104786
3699 1129 87 5593 931 4 0 110388
3700 1148 88 5595 941 4 0 112878
3701 1172 85 5595 997 4 0 121029
3702 1141 87 5595 933 4 0 110937
3703 1147 82 5596 939 4 0 113028
3704 1127 81 5596 920 4 0 108886
3705 1131 88 5596 931 4 0 110694
3706 1143 85 5596 932 4 0 111506
3707 1135 91 5596 922 4 0 109677
3708 1132 84 5596 924 4 0 109935
3709 1139 89 5596 946 4 0 113174
3710 1137 90 5596 936 4 0 111837
3711 1122 92 5597 919 4 0 108100
3712 1084 85 5597 878 4 0 100250
3713 1107 82 5597 888 4 0 102504
3714 1133 96 5597 924 4 0 109420
3715 1143 94 5598 950 4 0 114012
3716 1154 90 5598 956 4 0 116018
3717 1137 85 5598 931 4 0 110952
3718 1135 85 5598 947 4 0 112823
3719 1126 88 5598 915 4 0 108329
3720 1119 92 5598 910 4 0 106276
3721 1145 84 5599 950 4 0 114143
3722 1108 80 5599 898 4 0 103561
3723 1103 87 5600 875 4 0 101858
3724 1117 89 5600 899 4 0 104714
3725 1114 86 5600 897 4 0 103920
3726 1098 86 5602 891 4 0 101541
3727 1137 85 5603 943 4 0 112451
3728 1119 84 5604 904 4 0 105680
3729 1134 84 5604 936 4 0 111761
3730 1141 80 5604 944 4 0 112717
3731 1109 88 5605 898 4 0 104065
3732 1107 87 5605 900 4 0 103696
3733 1123 92 5606 909 4 0 107209
3734 1147 83 5606 949 4 0 114561
3735 1162 85 5607 951 4 0 116017
3736 1163 78 5607 966 4 0 117834
3737 1136 93 5608 924 4 0 109613
3738 1118 89 5608 912 4 0 106753
3739 1132 87 5609 932 4 0 110373
3740 1146 83 5609 948 4 0 113491
3741 1128 83 5611 911 4 0 107137
3742 1149 83 5611 953 4 0 114825
3743 1145 83 5611 948 4 0 113732
3744 1153 92 5611 953 4 0 114782
3745 1143 82 5612 946 4 0 113151
3746 1121 81 5612 919 4 0 107323
3747 1111 88 5613 888 4 0 102970
3748 1119 85 5613 912 4 0 107086
3749 1130 89 5613 914 4 0 107690
3750 1127 89 5614 919 4 0 108120
3751 1108 82 5615 897 4 0 104371
3752 1115 81 5615 907 4 0 105619
3753 1118 83 5615 915 4 0 107406
3754 1102 81 5616 891 4 0 102734
3755 1109 85 5617 892 4 0 104001
3756 1125 82 5618 915 4 0 108398
3757 1147 89 5618 947 4 0 115329
3758 1119 83 5619 919 4 0 108168
3759 1110 84 5619 895 4 0 104013
3760 1137 82 5619 944 4 0 112769
3761 1130 85 5619 923 4 0 109935
3762 1133 89 5619 934 4 0 110914
3763 1124 85 5619 911 4 0 106200
3764 1117 84 5619 914 4 0 106403
3765 1139 84 5619 934 4 0 111783
3766 1117 86 5619 897 4 0 104588
3767 1099 84 5620 888 4 0 102844
3768 1097 91 5620 868 4 0 99656.2
3769 1133 87 5620 925 4 0 109552
3770 1150 85 5620 953 4 0 114749
3771 1143 85 5621 954 4 0 114596
3772 1116 97 5621 901 4 0 105734
3773 1113 88 5622 899 4 0 105223
3774 1145 84 5623 949 4 0 113466
3775 1132 83 5623 925 4 0 110494
3776 1122 87 5623 916 4 0 107650
3777 1132 84 5623 919 4 0 108983
3778 1128 86 5623 931 4 0 110134
3779 1136 82 5624 940 4 0 111144
3780 1140 80 5625 934 4 0 110322
3781 1123 73 5626 915 4 0 107386
3782 1108 84 5626 889 4 0 102430
3783 1104 86 5626 866 4 0 100140
3784 1102 89 5626 875 4 0 100375
3785 1112 85 5626 903 4 0 105052
3786 1140 88 5627 943 4 0 113669
3787 1120 93 5628 894 4 0 104897
3788 1145 84 5628 948 4 0 113511
3789 1118 91 5629 910 4 0 106158
3790 1114 86 5629 903 4 0 105356
3791 1117 93 5630 897 4 0 104247
3792 1111 78 5630 899 4 0 104513
3793 1109 86 5630 895 4 0 104838
3794 1128 86 5630 923 4 0 108973
3795 1140 87 5630 940 4 0 112040
3796 1151 85 5630 945 4 0 114251
3797 1155 84 5630 954 4 0 115272
3798 1158 76 5630 945 4 0 114779
3799 1136 87 5630 924 4 0 109440
3800 1129 89 5631 905 4 0 106244
3801 1157 83 5632 964 4 0 116206
3802 1153 79 5632 950 4 0 114799
3803 1120 85 5632 905 4 0 106188
3804 1116 86 5633 902 4 0 105250
3805 1136 90 5633 926 4 0 110132
3806 1125 82 5633 920 4 0 108840
3807 1128 81 5633 934 4 0 109411
3808 1127 80 5633 915 4 0 107855
3809 1107 94 5635 876 4 0 100924
3810 1111 99 5640 883 4 0 101905
3811 1107 90 5640 865 4 0 99829.2
3812 1121 83 5640 913 4 0 106809
3813 1132 79 5640 935 4 0 110834
3814 1136 89 5641 915 4 0 108337
3815 1088 89 5641 856 4 0 97243
3816 1087 88 5642 866 4 0 97942.3
3817 1108 86 5642 900 4 0 104305
3818 1135 85 5643 942 4 0 112038
3819 1148 86 5643 959 4 0 114891
3820 1142 84 5643 948 4 0 112947
3821 1154 82 5644 952 4 0 114489
3822 1160 82 5645 962 4 0 117263
3823 1130 88 5646 927 4 0 109958
3824 1142 82 5646 937 4 0 112864
3825 1135 82 5646 933 4 0 111996
3826 1113 88 5647 897 4 0 104584
3827 1114 90 5647 906 4 0 105479
3828 1106 92 5647 879 4 0 102058
3829 1157 93 5647 946 4 0 114215
3830 1151 80 5647 953 4 0 114975
3831 1118 90 5647 897 4 0 104980
3832 1122 91 5648 901 4 0 105594
3833 1117 90 5648 914 4 0 108205
3834 1153 80 5648 974 4 0 118228
3835 1140 91 5648 945 4 0 112930
3836 1133 88 5648 932 4 0 111818
3837 1110 91 5648 899 4 0 104849
3838 1106 88 5648 900 4 0 104598
3839 1092 93 5649 878 4 0 100728
3840 1120 89 5649 917 4 0 107651
3841 1095 88 5650 879 4 0 101599
3842 1107 91 5652 899 4 0 104937
3843 1110 84 5652 911 4 0 105438
3844 1127 84 5652 937 4 0 110529
3845 1150 91 5653 949 4 0 113502
3846 1155 82 5653 958 4 0 115473
3847 1147 88 5653 939 4 0 112429
3848 1122 84 5653 915 4 0 106605
3849 1122 80 5653 912 4 0 106506
3850 1142 80 5653 947 4 0 112153
3851 1151 75 5653 960 4 0 116058
3852 1145 78 5653 939 4 0 112947
3853 1125 86 5653 907 4 0 107164
3854 1113 97 5654 900 4 0 104229
3855 1091 88 5654 889 4 0 101045
3856 1126 86 5654 926 4 0 108144
3857 1125 90 5654 928 4 0 109471
3858 1162 84 5655 976 4 0 117820
3859 1129 86 5655 934 4 0 109913
3860 1127 74 5656 935 4 0 110567
3861 1131 77 5658 933 4 0 110788
3862 1119 84 5659 909 4 0 107197
3863 1119 93 5659 907 4 0 105777
3864 1124 95 5660 919 4 0 107949
3865 1109 92 5660 903 4 0 104529
3866 1112 89 5660 907 4 0 105680
3867 1115 84 5660 909 4 0 105981
3868 1114 82 5660 915 4 0 106408
3869 1125 83 5660 912 4 0 107259
3870 1125 81 5662 927 4 0 108817
3871 1120 87 5664 904 4 0 105061
3872 1142 86 5664 920 4 0 109376
3873 1156 88 5665 957 4 0 115382
3874 1119 88 5665 910 4 0 105454
3875 1145 95 5667 945 4 0 112764
3876 1140 98 5667 937 4 0 112335
3877 1130 82 5667 931 4 0 110835
3878 1116 76 5667 910 4 0 106871
3879 1138 83 5668 935 4 0 111040
3880 1118 87 5668 907 4 0 105901
3881 1100 83 5668 889 4 0 102193
3882 1127 82 5668 931 4 0 109643
3883 1111 88 5669 897 4 0 104486
3884 1105 86 5669 899 4 0 103386
3885 1106 87 5669 905 4 0 104560
3886 1147 89 5669 954 4 0 114799
3887 1146 94 5669 937 4 0 111732
3888 1114 92 5669 901 4 0 106123
3889 1086 90 5670 863 4 0 98444
3890 1151 92 5670 950 4 0 114790
3891 1135 85 5670 946 4 0 112745
3892 1121 81 5671 924 4 0 108084
3893 1155 77 5671 952 4 0 114639
3894 1114 82 5671 890 4 0 104376
3895 1097 84 5671 882 4 0 101587
3896 1135 88 5671 930 4 0 110649
3897 1138 88 5671 934 4 0 111497
3898 1137 85 5671 936 4 0 111427
3899 1116 81 5671 903 4 0 105568
3900 1146 78 5671 940 4 0 113085
3901 1131 78 5671 938 4 0 111078
3902 1144 87 5671 945 4 0 114546
3903 1143 86 5672 940 4 0 112592
3904 1143 90 5672 935 4 0 111139
3905 1096 92 5672 910 4 0 104313
3906 1101 88 5673 901 4 0 103898
3907 1116 91 5673 904 4 0 105972
3908 1152 85 5673 953 4 0 115088
3909 1100 87 5673 884 4 0 100777
3910 1091 85 5673 874 4 0 99013.8
3911 1107 85 5673 902 4 0 104213
3912 1127 86 5673 924 4 0 109658
3913 1117 94 5673 927 4 0 108684
3914 1103 87 5673 908 4 0 105230
3915 1111 92 5673 899 4 0 104788
3916 1135 84 5675 929 4 0 110803
3917 1118 87 5675 923 4 0 108043
3918 1136 90 5675 949 4 0 113786
3919 1133 89 5677 937 4 0 111157
3920 1130 82 5677 933 4 0 109823
3921 1185 78 5678 1018 4 0 127686
3922 1136 80 5678 940 4 0 110621
3923 1120 81 5679 928 4 0 108095
3924 1157 84 5679 963 4 0 116732
3925 1139 79 5679 945 4 0 112304
3926 1111 83 5679 894 4 0 103594
3927 1080 82 5679 877 4 0 98896.2
3928 1126 86 5679 927 4 0 109108
3929 1137 87 5679 938 4 0 112321
3930 1119 96 5679 920 4 0 107098
3931 1176 93 5680 993 4 0 122059
3932 1148 86 5680 949 4 0 113875
3933 1113 93 5680 900 4 0 103964
3934 1138 86 5681 937 4 0 111057
3935 1111 90 5681 892 4 0 103432
3936 1138 87 5682 922 4 0 109599
3937 1133 81 5682 918 4 0 109063
3938 1131 87 5682 921 4 0 108609
3939 1110 76 5683 891 4 0 102873
3940 1126 81 5683 917 4 0 108567
3941 1113 83 5683 904 4 0 104438
3942 1104 83 5684 887 4 0 100965
3943 1102 80 5684 879 4 0 101162
3944 1133 86 5684 918 4 0 109013
3945 1134 87 5684 917 4 0 108558
3946 1162 84 5685 964 4 0 117033
3947 1152 88 5685 940 4 0 112748
3948 1155 91 5686 972 4 0 117471
3949 1139 87 5686 941 4 0 111882
3950 1134 86 5687 911 4 0 107971
3951 1148 88 5687 934 4 0 111184
3952 1120 89 5687 896 4 0 103934
3953 1108 79 5689 892 4 0 104054
3954 1150 87 5690 932 4 0 111833
3955 1146 86 5690 943 4 0 112259
3956 1127 85 5691 914 4 0 107366
3957 1125 86 5692 910 4 0 107456
3958 1145 84 5693 948 4 0 114201
3959 1130 98 5693 918 4 0 108257
3960 1111 88 5693 904 4 0 104810
3961 1123 88 5694 921 4 0 107439
3962 1113 92 5694 907 4 0 105010
3963 1148 89 5695 945 4 0 113468
3964 1129 87 5695 909 4 0 107040
3965 1113 83 5696 901 4 0 104652
3966 1120 85 5697 916 4 0 106424
3967 1096 90 5697 874 4 0 100410
3968 1131 88 5697 924 4 0 109228
3969 1121 82 5698 912 4 0 107487
3970 1108 92 5700 890 4 0 102110
3971 1154 84 5700 967 4 0 116596
3972 1129 87 5700 941 4 0 110968
3973 1118 89 5700 917 4 0 107815
3974 1137 87 5700 932 4 0 111036
3975 1140 92 5700 938 4 0 112068
3976 1101 85 5701 896 4 0 102948
3977 1158 81 5702 963 4 0 116959
3978 1154 90 5702 945 4 0 114730
3979 1154 86 5702 959 4 0 115980
3980 1130 80 5703 915 4 0 108737
3981 1115 95 5704 910 4 0 106613
3982 1117 94 5704 908 4 0 106100
3983 1128 91 5704 917 4 0 108529
3984 1128 86 5704 922 4 0 109151
3985 1150 86 5704 956 4 0 116046
3986 1136 86 5704 928 4 0 110316
3987 1140 83 5705 941 4 0 112458
3988 1142 81 5705 933 4 0 110903
3989 1166 88 5705 964 4 0 117591
3990 1118 99 5705 906 4 0 105617
3991 1104 88 5705 896 4 0 102374
3992 1122 89 5705 918 4 0 107908
3993 1150 88 5705 946 4 0 113549
3994 1148 81 5705 936 4 0 111789
3995 1166 84 5705 969 4 0 118022
3996 1149 91 5706 943 4 0 112738
3997 1122 91 5706 902 4 0 105685
3998 1117 89 5706 906 4 0 106117
3999 1132 92 5708 911 4 0 109225
4000 1146 88 5708 933 4 0 111782
4001 1167 75 5708 961 4 0 116820
4002 1153 89 5709 948 4 0 114420
4003 1138 91 5709 933 4 0 110926
4004 1125 87 5709 911 4 0 107107
4005 1110 90 5709 894 4 0 103459
4006 1112 87 5709 887 4 0 102620
4007 1127 96 5710 929 4 0 110417
4008 1142 87 5710 939 4 0 112334
4009 1105 88 5710 894 4 0 103362
4010 1144 83 5711 950 4 0 113935
4011 1137 86 5712 947 4 0 113196
4012 1143 79 5712 945 4 0 112633
4013 1103 86 5712 911 4 0 105493
4014 1140 88 5712 945 4 0 112152
4015 1160 80 5712 972 4 0 117520
4016 1142 85 5712 941 4 0 113024
4017 1155 87 5713 955 4 0 115198
4018 1143 83 5714 926 4 0 110849
4019 1142 94 5714 934 4 0 111595
4020 1173 82 5714 992 4 0 121824
4021 1131 86 5715 927 4 0 110139
4022 1133 85 5715 934 4 0 111850
4023 1122 85 5715 916 4 0 107665
4024 1102 88 5715 896 4 0 103105
4025 1118 94 5715 915 4 0 106778
4026 1110 84 5715 914 4 0 105657
4027 1098 86 5715 900 4 0 103360
4028 1147 83 5716 958 4 0 114341
4029 1170 81 5716 977 4 0 118786
4030 1152 81 5716 961 4 0 115603
4031 1117 91 5716 907 4 0 105433
4032 1142 82 5716 941 4 0 111854
4033 1118 86 5716 903 4 0 105695
4034 1132 83 5716 928 4 0 110069
4035 1137 88 5716 930 4 0 110999
4036 1130 84 5716 929 4 0 110014
4037 1124 94 5717 910 4 0 106513
4038 1126 92 5718 933 4 0 109542
4039 1136 92 5718 930 4 0 110456
4040 1106 84 5718 894 4 0 102625
4041 1134 85 5718 929 4 0 110256
4042 1107 82 5718 896 4 0 103290
4043 1127 78 5718 922 4 0 109072
4044 1141 80 5719 936 4 0 110919
4045 1131 84 5719 916 4 0 108320
4046 1106 87 5719 875 4 0 100325
4047 1170 84 5720 970 4 0 118851
4048 1141 81 5720 949 4 0 113248
4049 1152 80 5720 951 4 0 114929
4050 1168 80 5720 985 4 0 121118
4051 1099 79 5720 896 4 0 103756
4052 1132 80 5720 941 4 0 110912
4053 1123 92 5720 910 4 0 107064
4054 1135 87 5720 910 4 0 108800
4055 1153 89 5721 949 4 0 114009
4056 1138 78 5721 939 4 0 112316
4057 1153 87 5721 954 4 0 114913
4058 1140 90 5721 944 4 0 112096
4059 1128 88 5721 923 4 0 109012
4060 1125 75 5722 932 4 0 109984
4061 1119 83 5722 926 4 0 108685
4062 1128 81 5723 926 4 0 108927
4063 1152 85 5723 961 4 0 115652
4064 1148 87 5723 940 4 0 111896
4065 1121 84 5723 915 4 0 106658
4066 1139 81 5723 933 4 0 111130
4067 1143 85 5723 944 4 0 113466
4068 1137 84 5723 936 4 0 110902
4069 1115 84 5724 903 4 0 105227
4070 1149 78 5725 941 4 0 113217
4071 1166 81 5725 985 4 0 120774
4072 1177 81 5725 992 4 0 121773
4073 1137 87 5725 934 4 0 110811
4074 1128 86 5726 910 4 0 107226
4075 1132 90 5726 930 4 0 109706
4076 1128 90 5728 925 4 0 108206
4077 1090 91 5728 870 4 0 97626.7
4078 1101 89 5729 885 4 0 101791
4079 1102 89 5729 893 4 0 102911
4080 1146 92 5729 941 4 0 112796
4081 1149 84 5729 954 4 0 114048
4082 1161 84 5730 973 4 0 118129
4083 1130 88 5731 915 4 0 108755
4084 1131 78 5731 927 4 0 109995
4085 1146 82 5731 957 4 0 114974
4086 1142 79 5732 957 4 0 114439
4087 1130 77 5732 925 4 0 109789
4088 1117 79 5732 908 4 0 106074
4089 1136 77 5732 936 4 0 110769
4090 1125 91 5733 917 4 0 107782
4091 1145 83 5733 947 4 0 113770
4092 1128 85 5733 926 4 0 108323
4093 1099 91 5734 875 4 0 101059
4094 1109 83 5734 896 4 0 104327
4095 1126 83 5735 929 4 0 109873
4096 1114 84 5735 908 4 0 105776
4097 1140 93 5737 923 4 0 109112
4098 1152 77 5737 943 4 0 113293
4099 1125 81 5737 918 4 0 108390
4100 1121 84 5738 910 4 0 106977
4101 1102 86 5738 889 4 0 102850
4102 1125 84 5738 920 4 0 107850
4103 1157 83 5738 961 4 0 116494
4104 1138 87 5739 951 4 0 114001
4105 1149 85 5739 954 4 0 114243
4106 1150 83 5739 949 4 0 114409
4107 1116 85 5740 919 4 0 107777
4108 1136 83 5740 944 4 0 113047
4109 1144 94 5741 943 4 0 113298
4110 1138 92 5741 929 4 0 110192
4111 1116 84 5742 910 4 0 107115
4112 1112 86 5744 907 4 0 105541
4113 1145 79 5745 965 4 0 116451
4114 1143 90 5745 948 4 0 113730
4115 1121 80 5745 914 4 0 106936
4116 1100 95 5746 883 4 0 101223
4117 1103 90 5747 889 4 0 101732
4118 1150 84 5747 952 4 0 113972
4119 1155 81 5747 972 4 0 118856
4120 1156 90 5747 962 4 0 116266
4121 1121 86 5747 915 4 0 108649
4122 1149 88 5748 948 4 0 113893
4123 1133 94 5748 929 4 0 109623
4124 1116 85 5748 905 4 0 104396
4125 1118 91 5748 908 4 0 106030
4126 1110 91 5749 907 4 0 105004
4127 1089 91 5749 869 4 0 99179.2
4128 1156 87 5749 962 4 0 117536
4129 1174 84 5750 987 4 0 121995
4130 1144 81 5752 938 4 0 111767
4131 1116 99 5752 901 4 0 105196
4132 1126 99 5753 914 4 0 106505
4133 1134 81 5753 932 4 0 110024
4134 1123 85 5753 911 4 0 106840
4135 1119 88 5753 919 4 0 107160
4136 1150 86 5755 950 4 0 113211
4137 1131 81 5756 925 4 0 108920
4138 1096 91 5756 870 4 0 99432.2
4139 1103 92 5756 877 4 0 101895
4140 1112 90 5757 912 4 0 105878
4141 1076 89 5758 854 4 0 95466.7
4142 1112 83 5759 918 4 0 106785
4143 1122 81 5759 929 4 0 108637
4144 1094 80 5759 893 4 0 102025
4145 1081 93 5761 860 4 0 96472.9
4146 1110 88 5761 894 4 0 103417
4147 1143 86 5761 938 4 0 113574
4148 1119 90 5762 899 4 0 105415
4149 1108 92 5762 888 4 0 103382
4150 1135 87 5762 926 4 0 110847
4151 1133 81 5762 932 4 0 110764
4152 1136 87 5762 927 4 0 110449
4153 1154 80 5762 964 4 0 116430
4154 1122 94 5763 914 4 0 107495
4155 1157 83 5763 961 4 0 116072
4156 1118 90 5765 918 4 0 107309
4157 1108 84 5766 895 4 0 103421
4158 1133 85 5767 930 4 0 109651
4159 1157 82 5771 964 4 0 117369
4160 1123 91 5771 923 4 0 108272
4161 1152 77 5772 966 4 0 116674
4162 1111 84 5774 896 4 0 104096
4163 1097 74 5774 880 4 0 101715
4164 1128 80 5774 919 4 0 108390
4165 1117 77 5774 906 4 0 106514
4166 1116 80 5774 908 4 0 105926
4167 1093 91 5774 870 4 0 99738.6
4168 1089 89 5774 871 4 0 99844.9
4169 1126 84 5776 927 4 0 109347
4170 1159 82 5777 963 4 0 116675
4171 1138 85 5777 935 4 0 111225
4172 1127 83 5779 922 4 0 107940
4173 1172 82 5779 981 4 0 120458
4174 1175 77 5779 976 4 0 118881
4175 1142 81 5779 928 4 0 110282
4176 1163 87 5779 965 4 0 116525
4177 1122 88 5779 902 4 0 106246
4178 1149 82 5780 932 4 0 111506
4179 1134 82 5780 927 4 0 109895
4180 1143 83 5781 952 4 0 114067
4181 1143 88 5781 952 4 0 113657
4182 1127 90 5781 920 4 0 108131
4183 1127 87 5781 916 4 0 108683
4184 1110 88 5782 901 4 0 104215
4185 1130 90 5784 924 4 0 109427
4186 1130 83 5784 936 4 0 111402
4187 1134 87 5784 929 4 0 110584
4188 1118 86 5785 908 4 0 106436
4189 1119 83 5785 899 4 0 104290
4190 1125 75 5785 921 4 0 108793
4191 1084 82 5787 873 4 0 98856.1
4192 1094 87 5787 886 4 0 100334
4193 1114 82 5788 902 4 0 104838
4194 1153 81 5789 940 4 0 113920
4195 1109 91 5789 889 4 0 103331
4196 1140 83 5789 946 4 0 112924
4197 1146 85 5791 960 4 0 115455
4198 1134 92 5792 942 4 0 113196
4199 1106 88 5792 889 4 0 102514
4200 1105 89 5792 894 4 0 103131
4201 1116 77 5793 910 4 0 107023
4202 1133 85 5794 930 4 0 110219
4203 1166 87 5794 965 4 0 118125
4204 1112 87 5794 902 4 0 106235
4205 1176 82 5794 985 4 0 121361
4206 1146 100 5794 929 4 0 111148
4207 1154 86 5794 948 4 0 114287
4208 1121 74 5794 915 4 0 107296
4209 1118 82 5794 917 4 0 107998
4210 1107 85 5795 903 4 0 104149
4211 1122 88 5796 913 4 0 106554
4212 1089 85 5797 878 4 0 99368.6
4213 1086 92 5797 861 4 0 96210.2
4214 1119 81 5797 911 4 0 106229
4215 1140 81 5797 944 4 0 112871
4216 1111 81 5797 906 4 0 105834
4217 1128 84 5797 918 4 0 107980
4218 1147 90 5797 958 4 0 115824
4219 1129 86 5797 930 4 0 109985
4220 1129 83 5798 929 4 0 110142
4221 1156 84 5799 965 4 0 116371
4222 1157 83 5800 959 4 0 115981
4223 1147 82 5803 946 4 0 114293
4224 1135 88 5803 936 4 0 111218
4225 1122 80 5804 922 4 0 109269
4226 1150 83 5804 961 4 0 115733
4227 1138 85 5805 929 4 0 110995
4228 1117 97 5805 903 4 0 105843
4229 1126 84 5806 919 4 0 109189
4230 1123 88 5806 906 4 0 106439
4231 1115 94 5807 896 4 0 103868
4232 1147 90 5808 945 4 0 113118
4233 1132 84 5808 929 4 0 109223
4234 1137 83 5808 934 4 0 110954
4235 1140 80 5808 937 4 0 111467
4236 1124 83 5809 902 4 0 106870
4237 1143 84 5809 940 4 0 112661
4238 1122 95 5810 909 4 0 106616
4239 1075 90 5810 851 4 0 95697.3
4240 1125 90 5811 911 4 0 107548
4241 1102 91 5812 883 4 0 102401
4242 1123 85 5812 910 4 0 107031
4243 1134 95 5812 930 4 0 110389
4244 1111 93 5812 898 4 0 104432
4245 1122 88 5813 919 4 0 108246
4246 1110 88 5814 901 4 0 105092
4247 1138 88 5814 928 4 0 111059
4248 1118 83 5815 911 4 0 106516
4249 1134 74 5816 946 4 0 112239
4250 1139 78 5816 937 4 0 111855
4251 1118 85 5817 902 4 0 104457
4252 1116 90 5817 897 4 0 105701
4253 1070 86 5817 849 4 0 94859
4254 1090 90 5818 874 4 0 99032.5
4255 1110 88 5819 897 4 0 104426
4256 1132 83 5819 919 4 0 109620
4257 1146 86 5819 945 4 0 113119
4258 1132 84 5819 934 4 0 110855
4259 1156 87 5819 963 4 0 116171
4260 1151 88 5819 963 4 0 115690
4261 1131 91 5820 927 4 0 110042
4262 1112 93 5821 901 4 0 104201
4263 1115 85 5821 900 4 0 105127
4264 1152 81 5821 942 4 0 112651
4265 1125 78 5821 926 4 0 109413
4266 1152 86 5821 956 4 0 115066
4267 1133 84 5821 927 4 0 109573
4268 1113 91 5822 897 4 0 105779
4269 1092 86 5823 891 4 0 101932
4270 1121 87 5823 903 4 0 107234
4271 1100 91 5824 891 4 0 102935
4272 1135 82 5824 946 4 0 112362
4273 1138 83 5824 934 4 0 110880
4274 1157 88 5824 959 4 0 116157
4275 1144 86 5824 947 4 0 112492
4276 1128 82 5824 926 4 0 109300
4277 1111 87 5824 894 4 0 103814
4278 1114 85 5824 912 4 0 106963
4279 1115 93 5824 891 4 0 103875
4280 1091 87 5824 878 4 0 100439
4281 1111 82 5824 910 4 0 106121
4282 1119 95 5824 903 4 0 104555
4283 1083 91 5824 862 4 0 97552.2
4284 1135 88 5824 924 4 0 110474
4285 1117 90 5824 920 4 0 108848
4286 1146 78 5824 953 4 0 115106
4287 1147 85 5824 939 4 0 112376
4288 1132 90 5824 925 4 0 108936
4289 1129 88 5824 910 4 0 106595
4290 1110 88 5824 910 4 0 106783
4291 1122 96 5825 920 4 0 108013
4292 1146 88 5825 942 4 0 111955
4293 1126 85 5825 919 4 0 108404
4294 1131 83 5826 921 4 0 109562
4295 1125 85 5826 923 4 0 107975
4296 1119 85 5826 912 4 0 106422
4297 1092 88 5827 865 4 0 98919.9
4298 1119 88 5827 908 4 0 106854
4299 1138 79 5827 943 4 0 112277
4300 1150 82 5827 956 4 0 114504
4301 1135 89 5830 931 4 0 110948
4302 1122 87 5830 923 4 0 108799
4303 1150 84 5831 955 4 0 114564
4304 1179 81 5831 994 4 0 123180
4305 1136 83 5832 955 4 0 113333
4306 1151 79 5833 956 4 0 114309
4307 1144 84 5833 949 4 0 113702
4308 1147 80 5834 946 4 0 113824
4309 1141 84 5835 939 4 0 112541
4310 1145 84 5835 938 4 0 112177
4311 1153 83 5836 947 4 0 114111
4312 1122 84 5836 899 4 0 105643
4313 1133 79 5836 918 4 0 109035
4314 1121 82 5837 910 4 0 106149
4315 1124 80 5837 908 4 0 106494
4316 1123 91 5837 911 4 0 106503
4317 1105 84 5838 875 4 0 100870
4318 1106 89 5838 874 4 0 100912
4319 1102 94 5839 879 4 0 101698
4320 1149 79 5839 963 4 0 115111
4321 1135 85 5841 942 4 0 112713
4322 1143 80 5841 962 4 0 115167
4323 1122 88 5841 934 4 0 110044
4324 1113 93 5841 908 4 0 106212
4325 1128 91 5841 916 4 0 107819
4326 1137 83 5841 935 4 0 111357
4327 1138 86 5842 943 4 0 111465
4328 1138 76 5842 927 4 0 109559
4329 1135 82 5842 939 4 0 111458
4330 1149 92 5843 946 4 0 112609
4331 1149 84 5844 955 4 0 114122
4332 1119 86 5844 913 4 0 106529
4333 1127 92 5845 922 4 0 108807
4334 1138 97 5845 942 4 0 112007
4335 1140 88 5845 940 4 0 112053
4336 1141 82 5845 933 4 0 111720
4337 1129 84 5847 923 4 0 109213
4338 1134 81 5847 937 4 0 111522
4339 1139 88 5848 925 4 0 109785
4340 1090 84 5849 867 4 0 98401.6
4341 1081 85 5849 863 4 0 98195.1
4342 1109 85 5850 891 4 0 103364
4343 1111 95 5851 897 4 0 104076
4344 1145 85 5852 956 4 0 114179
4345 1115 90 5852 903 4 0 104172
4346 1123 91 5852 908 4 0 106514
4347 1137 81 5852 925 4 0 109385
4348 1098 89 5853 874 4 0 100424
4349 1134 83 5853 929 4 0 109621
4350 1098 82 5854 882 4 0 101104
4351 1106 86 5854 889 4 0 102576
4352 1079 81 5854 865 4 0 97870.7
4353 1122 83 5856 913 4 0 107524
4354 1102 91 5856 897 4 0 104253
4355 1165 91 5856 969 4 0 117734
4356 1142 85 5856 938 4 0 111665
4357 1134 88 5859 927 4 0 109738
4358 1105 93 5859 891 4 0 103175
4359 1110 94 5859 891 4 0 102718
4360 1149 85 5859 955 4 0 114096
4361 1138 84 5859 938 4 0 112118
4362 1136 74 5861 942 4 0 110916
4363 1129 84 5861 930 4 0 109547
4364 1125 86 5861 923 4 0 107971
4365 1114 89 5861 909 4 0 105274
4366 1121 85 5861 903 4 0 105404
4367 1137 86 5861 923 4 0 109907
4368 1130 81 5862 936 4 0 110996
4369 1155 85 5862 948 4 0 114627
4370 1137 76 5862 925 4 0 109632
4371 1140 89 5862 938 4 0 111694
4372 1137 85 5863 941 4 0 111479
4373 1146 90 5863 946 4 0 113349
4374 1149 80 5863 960 4 0 115227
4375 1134 84 5864 931 4 0 110818
4376 1144 76 5864 954 4 0 113840
4377 1156 87 5864 969 4 0 117745
4378 1136 82 5864 932 4 0 111687
4379 1150 92 5865 945 4 0 114144
4380 1160 88 5865 967 4 0 117766
4381 1126 85 5866 907 4 0 107247
4382 1118 83 5866 888 4 0 103970
4383 1112 88 5866 896 4 0 103735
4384 1113 94 5866 889 4 0 102361
4385 1089 100 5867 864 4 0 99085.2
4386 1109 87 5867 890 4 0 103191
4387 1097 99 5867 868 4 0 98768.2
4388 1133 87 5867 928 4 0 109265
4389 1125 93 5867 924 4 0 108344
4390 1137 89 5867 929 4 0 110839
4391 1145 79 5868 947 4 0 113918
4392 1150 85 5868 951 4 0 113672
4393 1138 83 5870 936 4 0 112047
4394 1106 88 5871 895 4 0 103035
4395 1088 87 5871 869 4 0 98031.5
4396 1133 91 5871 925 4 0 110543
4397 1127 87 5872 935 4 0 110918
4398 1143 87 5872 944 4 0 112670
4399 1125 84 5872 930 4 0 109086
4400 1099 89 5872 895 4 0 103102
4401 1111 90 5873 913 4 0 106183
4402 1119 92 5875 920 4 0 106881
4403 1128 89 5875 932 4 0 109911
4404 1112 85 5875 921 4 0 107822
4405 1140 86 5875 946 4 0 112765
4406 1153 83 5875 958 4 0 115541
4407 1140 87 5875 948 4 0 113045
4408 1162 81 5875 972 4 0 117346
4409 1138 85 5876 951 4 0 113123
4410 1105 89 5876 894 4 0 103788
4411 1115 81 5876 911 4 0 106852
4412 1132 76 5877 935 4 0 111196
4413 1119 80 5877 899 4 0 104813
4414 1083 75 5878 866 4 0 98588.2
4415 1104 81 5879 888 4 0 102219
4416 1113 85 5880 901 4 0 103406
4417 1122 88 5880 909 4 0 106000
4418 1105 86 5880 895 4 0 102538
4419 1080 80 5880 866 4 0 97526.7
4420 1120 83 5880 912 4 0 106765
4421 1119 84 5880 922 4 0 107090
4422 1116 89 5881 897 4 0 105518
4423 1165 98 5882 948 4 0 115054
4424 1119 100 5882 901 4 0 105575
4425 1138 85 5882 937 4 0 111528
4426 1094 85 5883 885 4 0 101378
4427 1096 80 5883 885 4 0 100618
4428 1118 82 5884 908 4 0 106584
4429 1135 81 5886 938 4 0 111563
4430 1107 81 5886 894 4 0 103414
4431 1115 78 5886 903 4 0 104800
4432 1117 88 5886 899 4 0 104771
4433 1101 80 5886 895 4 0 102622
4434 1128 81 5886 931 4 0 110322
4435 1116 84 5886 917 4 0 107707
4436 1160 78 5886 983 4 0 119014
4437 1132 82 5886 924 4 0 109790
4438 1113 90 5886 903 4 0 105248
4439 1117 91 5888 903 4 0 105686
4440 1093 86 5888 887 4 0 101265
4441 1102 85 5889 890 4 0 102479
4442 1092 87 5890 880 4 0 101079
4443 1089 99 5890 866 4 0 98783
4444 1102 87 5891 899 4 0 103873
4445 1109 79 5891 913 4 0 104873
4446 1145 82 5891 950 4 0 113395
4447 1154 85 5891 967 4 0 116541
4448 1136 82 5891 934 4 0 110146
4449 1108 80 5891 897 4 0 103592
4450 1133 81 5892 918 4 0 108573
4451 1147 85 5892 952 4 0 114472
4452 1136 84 5893 942 4 0 112822
4453 1133 84 5894 933 4 0 110836
4454 1120 85 5894 926 4 0 108859
4455 1151 85 5894 959 4 0 114570
4456 1125 86 5894 909 4 0 106039
4457 1108 91 5895 895 4 0 103050
4458 1090 87 5895 867 4 0 98566.1
4459 1116 91 5895 909 4 0 106361
4460 1134 94 5895 933 4 0 111118
4461 1150 81 5895 950 4 0 114358
4462 1112 79 5895 915 4 0 106724
4463 1115 80 5895 914 4 0 106420
4464 1118 85 5895 911 4 0 106668
4465 1128 92 5896 921 4 0 108435
4466 1132 92 5896 909 4 0 107672
4467 1133 90 5896 923 4 0 109774
4468 1171 87 5896 963 4 0 117177
4469 1144 92 5896 944 4 0 113591
4470 1108 88 5899 901 4 0 105138
4471 1115 86 5899 917 4 0 106029
4472 1125 85 5899 923 4 0 108576
4473 1143 83 5900 949 4 0 114239
4474 1102 93 5900 882 4 0 101129
4475 1098 85 5901 896 4 0 102765
4476 1134 91 5901 923 4 0 110027
4477 1112 90 5901 908 4 0 105910
4478 1152 91 5901 957 4 0 115467
4479 1138 88 5901 939 4 0 112549
4480 1110 90 5901 911 4 0 105036
4481 1149 81 5901 957 4 0 115189
4482 1118 87 5902 914 4 0 106685
4483 1152 84 5903 950 4 0 114843
4484 1140 90 5903 934 4 0 111007
4485 1119 92 5903 911 4 0 105590
4486 1114 92 5904 920 4 0 106824
4487 1144 86 5904 953 4 0 114492
4488 1138 92 5904 941 4 0 111269
4489 1106 96 5905 900 4 0 103903
4490 1117 84 5905 907 4 0 106257
4491 1139 88 5906 943 4 0 113090
4492 1121 89 5906 919 4 0 107880
4493 1089 87 5907 892 4 0 102174
4494 1147 80 5907 940 4 0 112465
4495 1131 86 5907 944 4 0 112487
4496 1127 92 5907 924 4 0 109605
4497 1143 88 5907 946 4 0 113244
4498 1105 99 5907 888 4 0 103164
4499 1136 90 5907 937 4 0 110653
4500 1098 95 5907 885 4 0 103187
4501 1116 90 5907 905 4 0 105916
4502 1111 91 5907 904 4 0 104479
4503 1119 86 5907 917 4 0 107289
4504 1119 85 5907 897 4 0 105520
4505 1110 80 5907 895 4 0 103426
4506 1124 87 5907 921 4 0 107604
4507 1140 88 5907 936 4 0 112404
4508 1110 95 5908 894 4 0 102829
4509 1119 92 5908 909 4 0 106458
4510 1134 82 5908 932 4 0 110177
4511 1105 91 5909 893 4 0 103897
4512 1124 96 5910 917 4 0 107527
4513 1134 95 5911 930 4 0 109876
4514 1138 91 5911 940 4 0 112056
4515 1108 88 5912 898 4 0 104348
4516 1133 81 5912 930 4 0 110182
4517 1160 84 5912 966 4 0 117407
4518 1116 81 5912 907 4 0 106066
4519 1152 81 5912 957 4 0 115383
4520 1142 80 5912 947 4 0 112938
4521 1139 79 5912 930 4 0 111080
4522 1132 86 5912 946 4 0 112606
4523 1117 83 5912 919 4 0 106680
4524 1121 85 5912 916 4 0 107505
4525 1120 86 5913 924 4 0 108926
4526 1154 89 5914 960 4 0 115755
4527 1127 93 5916 926 4 0 109676
4528 1113 87 5916 907 4 0 105580
4529 1104 97 5917 902 4 0 103774
4530 1117 90 5918 907 4 0 105505
4531 1081 99 5920 856 4 0 96606
4532 1112 90 5920 897 4 0 105691
4533 1102 91 5920 898 4 0 103301
4534 1125 89 5921 914 4 0 107028
4535 1106 86 5921 891 4 0 102092
4536 1095 85 5921 880 4 0 100284
4537 1115 80 5921 912 4 0 106795
4538 1115 86 5922 911 4 0 106915
4539 1118 90 5923 917 4 0 107062
4540 1108 84 5924 899 4 0 104416
4541 1132 81 5924 932 4 0 110498
4542 1116 87 5924 914 4 0 107135
4543 1114 87 5924 912 4 0 106727
4544 1138 88 5924 934 4 0 111165
4545 1129 81 5924 923 4 0 107760
4546 1098 91 5924 884 4 0 101395
4547 1121 97 5924 901 4 0 105126
4548 1173 88 5925 977 4 0 119797
4549 1146 88 5927 946 4 0 113965
4550 1146 83 5927 949 4 0 113438
4551 1134 85 5927 927 4 0 110257
4552 1105 77 5927 896 4 0 103009
4553 1088 84 5928 871 4 0 99126.2
4554 1103 77 5928 899 4 0 103699
4555 1135 81 5928 933 4 0 110880
4556 1133 81 5928 932 4 0 111292
4557 1135 82 5928 937 4 0 111096
4558 1136 89 5928 939 4 0 111132
4559 1131 88 5928 937 4 0 111118
4560 1097 77 5928 890 4 0 101871
4561 1119 77 5929 923 4 0 109017
4562 1118 86 5930 905 4 0 106064
4563 1133 86 5932 932 4 0 110730
4564 1155 86 5932 951 4 0 114808
4565 1143 85 5933 941 4 0 113043
4566 1114 83 5934 891 4 0 103368
4567 1142 76 5934 947 4 0 113022
4568 1158 88 5935 960 4 0 116181
4569 1120 88 5936 909 4 0 105847
4570 1086 84 5937 883 4 0 100250
4571 1111 90 5937 906 4 0 105339
4572 1112 97 5939 897 4 0 104521
4573 1084 81 5940 869 4 0 98378.9
4574 1138 78 5940 946 4 0 113302
4575 1147 78 5940 956 4 0 114749
4576 1127 81 5940 921 4 0 108806
4577 1126 90 5940 918 4 0 108644
4578 1122 83 5941 925 4 0 109054
4579 1129 79 5941 928 4 0 109510
4580 1097 77 5941 891 4 0 103023
4581 1164 82 5941 976 4 0 118580
4582 1144 85 5941 958 4 0 114417
4583 1146 89 5941 954 4 0 113904
4584 1128 93 5941 921 4 0 107652
4585 1126 89 5942 924 4 0 108945
4586 1128 84 5943 923 4 0 109367
4587 1156 80 5944 962 4 0 116257
4588 1153 82 5944 968 4 0 116870
4589 1114 87 5944 917 4 0 106142
4590 1098 88 5944 900 4 0 104086
4591 1105 89 5944 905 4 0 103322
4592 1123 90 5944 910 4 0 107713
4593 1121 89 5944 925 4 0 107853
4594 1130 79 5944 929 4 0 109985
4595 1109 80 5944 918 4 0 107063
4596 1174 81 5944 990 4 0 122005
4597 1163 77 5944 990 4 0 121481
4598 1133 83 5944 942 4 0 112340
4599 1151 81 5944 953 4 0 114371
4600 1129 81 5944 927 4 0 109883
4601 1162 81 5944 977 4 0 118412
4602 1122 81 5945 922 4 0 108440
4603 1140 87 5945 931 4 0 110581
4604 1128 81 5945 915 4 0 108833
4605 1107 86 5945 893 4 0 103777
4606 1123 94 5945 925 4 0 108632
4607 1134 89 5946 937 4 0 111583
4608 1088 95 5946 875 4 0 99707.9
4609 1134 86 5947 927 4 0 110082
4610 1123 84 5948 925 4 0 108423
4611 1117 89 5949 897 4 0 104205
4612 1110 95 5949 884 4 0 102382
4613 1143 90 5949 948 4 0 114532
4614 1124 91 5950 920 4 0 107688
4615 1118 96 5951 909 4 0 106976
4616 1102 93 5952 887 4 0 102063
4617 1137 77 5952 936 4 0 111320
4618 1127 90 5953 900 4 0 105649
4619 1141 76 5953 928 4 0 110466
4620 1142 90 5953 942 4 0 112478
4621 1132 92 5954 940 4 0 111895
4622 1133 89 5954 940 4 0 110906
4623 1131 90 5954 923 4 0 109936
4624 1118 81 5954 920 4 0 107552
4625 1112 96 5955 897 4 0 104411
4626 1146 84 5955 947 4 0 113696
4627 1129 91 5955 917 4 0 107488
4628 1104 81 5955 891 4 0 103388
4629 1129 90 5955 923 4 0 109551
4630 1116 87 5955 921 4 0 107711
4631 1111 95 5955 900 4 0 105202
4632 1150 95 5956 948 4 0 113587
4633 1119 86 5957 915 4 0 106610
4634 1124 90 5958 920 4 0 108464
4635 1140 92 5958 933 4 0 111933
4636 1146 91 5958 951 4 0 114379
4637 1159 89 5958 961 4 0 116144
4638 1162 87 5958 962 4 0 117111
4639 1130 80 5958 922 4 0 109776
4640 1149 88 5958 947 4 0 113392
4641 1131 89 5959 935 4 0 110400
4642 1116 83 5959 921 4 0 107150
4643 1143 90 5959 959 4 0 114956
4644 1110 91 5959 899 4 0 104437
4645 1144 98 5959 931 4 0 110432
4646 1138 90 5959 929 4 0 110948
4647 1149 87 5959 945 4 0 113716
4648 1150 82 5959 961 4 0 116108
4649 1152 84 5960 960 4 0 115539
4650 1157 81 5960 962 4 0 116263
4651 1140 88 5960 936 4 0 111268
4652 1169 80 5960 981 4 0 120610
4653 1122 82 5960 928 4 0 109217
4654 1143 85 5961 944 4 0 113467
4655 1119 87 5961 906 4 0 106212
4656 1130 79 5962 936 4 0 110972
4657 1136 78 5962 940 4 0 112008
4658 1103 91 5962 891 4 0 101966
4659 1122 94 5962 906 4 0 106704
4660 1101 90 5962 893 4 0 102695
4661 1130 82 5964 931 4 0 110868
4662 1119 82 5964 924 4 0 108162
4663 1154 80 5964 955 4 0 115365
4664 1149 77 5964 963 4 0 115736
4665 1144 83 5965 952 4 0 114880
4666 1128 82 5965 923 4 0 109767
4667 1115 81 5965 914 4 0 107110
4668 1101 77 5965 909 4 0 104357
4669 1130 88 5965 918 4 0 108457
4670 1118 90 5965 909 4 0 106520
4671 1102 97 5965 881 4 0 101567
4672 1120 82 5966 914 4 0 107479
4673 1123 89 5966 920 4 0 108158
4674 1113 82 5967 906 4 0 106010
4675 1163 84 5967 983 4 0 120276
4676 1146 84 5967 958 4 0 115332
4677 1112 87 5967 905 4 0 105356
4678 1095 84 5967 883 4 0 101772
4679 1137 86 5969 942 4 0 112339
4680 1150 89 5969 964 4 0 116479
4681 1143 82 5971 944 4 0 112346
4682 1136 85 5972 943 4 0 112183
4683 1154 87 5973 954 4 0 114652
4684 1129 82 5974 914 4 0 108097
4685 1138 74 5974 933 4 0 111272
4686 1153 81 5974 958 4 0 115677
4687 1151 83 5976 945 4 0 114427
4688 1145 83 5977 943 4 0 112255
4689 1128 84 5977 933 4 0 110270
4690 1112 84 5977 898 4 0 103852
4691 1106 89 5978 890 4 0 102867
4692 1081 91 5979 859 4 0 96438.2
4693 1105 76 5980 894 4 0 103130
4694 1116 81 5980 914 4 0 107336
4695 1153 84 5980 958 4 0 115348
4696 1146 83 5980 957 4 0 115110
4697 1150 82 5981 948 4 0 113279
4698 1138 85 5981 944 4 0 112170
4699 1115 84 5981 909 4 0 106118
4700 1108 90 5981 896 4 0 103128
4701 1149 85 5981 943 4 0 113084
4702 1162 89 5981 976 4 0 118846
4703 1113 86 5981 916 4 0 106527
4704 1125 86 5981 928 4 0 109097
4705 1111 95 5982 896 4 0 104227
4706 1121 81 5982 918 4 0 107860
4707 1109 90 5983 887 4 0 102434
4708 1147 86 5983 950 4 0 114473
4709 1112 78 5983 895 4 0 103622
4710 1127 84 5983 921 4 0 107547
4711 1121 77 5983 921 4 0 107843
4712 1110 88 5985 895 4 0 103552
4713 1131 90 5985 917 4 0 108310
4714 1119 79 5986 901 4 0 105981
4715 1104 89 5987 885 4 0 102579
4716 1130 85 5987 911 4 0 107499
4717 1134 89 5990 933 4 0 110773
4718 1134 83 5991 938 4 0 110884
4719 1143 84 5991 938 4 0 112748
4720 1120 85 5991 901 4 0 105768
4721 1113 87 5991 903 4 0 104087
4722 1141 87 5991 941 4 0 111679
4723 1133 88 5991 922 4 0 108285
4724 1123 84 5991 899 4 0 104815
4725 1135 86 5991 917 4 0 108399
4726 1123 84 5991 921 4 0 108392
4727 1134 90 5991 926 4 0 109681
4728 1108 89 5991 891 4 0 103088
4729 1107 84 5991 895 4 0 103345
4730 1116 86 5991 915 4 0 106439
4731 1115 91 5992 923 4 0 107314
4732 1100 85 5992 899 4 0 104126
4733 1113 79 5992 912 4 0 107190
4734 1146 88 5992 946 4 0 113080
4735 1144 89 5992 947 4 0 113356
4736 1149 87 5992 952 4 0 114647
4737 1102 78 5992 893 4 0 102736
4738 1136 82 5992 931 4 0 110573
4739 1153 84 5992 951 4 0 115271
4740 1137 94 5992 932 4 0 111121
4741 1118 90 5993 904 4 0 104846
4742 1125 84 5993 930 4 0 110315
4743 1080 100 5994 849 4 0 95614.3
4744 1114 87 5994 903 4 0 104848
4745 1102 80 5994 884 4 0 102018
4746 1096 85 5994 883 4 0 100658
4747 1109 86 5994 896 4 0 103753
4748 1123 89 5994 914 4 0 107199
4749 1098 84 5994 874 4 0 100083
4750 1120 86 5994 916 4 0 108049
4751 1084 87 5995 879 4 0 98877.7
4752 1103 98 5996 887 4 0 102528
4753 1126 94 5996 923 4 0 109301
4754 1117 83 5996 906 4 0 107128
4755 1146 76 5996 939 4 0 113663
4756 1147 80 5996 952 4 0 113144
4757 1137 89 5997 943 4 0 112504
4758 1161 90 5997 968 4 0 118854
4759 1138 83 5997 941 4 0 112381
4760 1085 84 5997 869 4 0 98106.6
4761 1107 87 5997 894 4 0 103507
4762 1101 83 5998 875 4 0 100054
4763 1128 84 5998 917 4 0 109248
4764 1151 84 5999 944 4 0 114500
4765 1132 92 6000 926 4 0 109869
4766 1135 89 6001 930 4 0 110494
4767 1139 80 6002 942 4 0 111666
4768 1128 87 6002 920 4 0 108347
4769 1139 91 6002 936 4 0 111193
4770 1100 92 6002 880 4 0 100940
4771 1141 97 6002 944 4 0 112498
4772 1133 92 6002 935 4 0 110816
4773 1090 92 6002 879 4 0 100249
4774 1116 89 6003 916 4 0 107070
4775 1094 83 6003 890 4 0 101632
4776 1107 91 6003 887 4 0 102395
4777 1126 90 6003 927 4 0 109451
4778 1139 87 6003 929 4 0 110534
4779 1128 84 6003 929 4 0 109185
4780 1137 91 6003 919 4 0 110356
4781 1153 78 6003 951 4 0 115337
4782 1125 86 6003 905 4 0 106513
4783 1125 89 6004 901 4 0 106540
4784 1120 86 6004 892 4 0 104291
4785 1105 91 6004 885 4 0 102991
4786 1145 83 6004 947 4 0 113400
4787 1150 88 6005 941 4 0 112783
4788 1135 83 6006 932 4 0 110834
4789 1145 94 6006 933 4 0 112152
4790 1133 85 6007 923 4 0 109317
4791 1138 88 6007 931 4 0 110756
4792 1096 91 6007 876 4 0 100753
4793 1128 85 6007 920 4 0 108237
4794 1101 91 6007 888 4 0 101995
4795 1142 84 6008 956 4 0 114315
4796 1122 97 6008 915 4 0 107607
4797 1124 87 6008 921 4 0 108846
4798 1123 93 6008 931 4 0 109643
4799 1131 91 6008 945 4 0 112348
4800 1166 87 6008 975 4 0 119019
4801 1151 89 6008 958 4 0 114893
4802 1122 89 6008 914 4 0 106717
4803 1147 87 6008 944 4 0 113718
4804 1138 93 6008 938 4 0 112112
4805 1119 101 6008 907 4 0 106020
4806 1113 93 6008 892 4 0 103360
4807 1119 91 6009 907 4 0 106240
4808 1146 84 6010 932 4 0 110849
4809 1136 80 6010 927 4 0 110826
4810 1157 79 6010 964 4 0 116882
4811 1146 86 6010 949 4 0 113980
4812 1127 91 6012 906 4 0 106959
4813 1090 81 6012 870 4 0 98651
4814 1089 81 6012 870 4 0 99483.8
4815 1137 82 6013 930 4 0 110972
4816 1127 89 6013 913 4 0 107907
4817 1114 81 6013 901 4 0 105312
4818 1092 90 6014 883 4 0 100527
4819 1108 85 6014 891 4 0 102953
4820 1121 84 6015 916 4 0 107316
4821 1111 87 6015 886 4 0 102317
4822 1115 89 6017 882 4 0 102399
4823 1100 86 6018 872 4 0 99432.5
4824 1094 86 6018 874 4 0 100744
4825 1108 85 6018 903 4 0 104263
4826 1130 89 6018 936 4 0 110724
4827 1147 85 6020 969 4 0 116218
4828 1135 82 6021 939 4 0 111257
4829 1126 89 6021 915 4 0 106655
4830 1142 81 6023 943 4 0 112582
4831 1134 84 6023 924 4 0 108120
4832 1150 84 6023 956 4 0 114741
4833 1111 89 6024 912 4 0 105159
4834 1117 88 6024 909 4 0 105233
4835 1084 89 6025 856 4 0 96527.5
4836 1108 91 6026 885 4 0 102646
4837 1091 80 6026 869 4 0 98731.9
4838 1127 81 6026 924 4 0 109098
4839 1114 89 6026 916 4 0 106812
4840 1146 82 6028 958 4 0 114495
4841 1125 87 6028 909 4 0 106660
4842 1134 99 6028 926 4 0 110488
4843 1144 86 6028 948 4 0 113217
4844 1096 96 6028 872 4 0 99798.3
4845 1110 90 6029 888 4 0 103065
4846 1133 90 6030 917 4 0 108563
4847 1105 84 6030 890 4 0 103620
4848 1157 81 6030 961 4 0 116979
4849 1131 97 6030 913 4 0 107369
4850 1111 88 6031 900 4 0 104934
4851 1099 92 6031 882 4 0 101184
4852 1133 80 6031 933 4 0 110608
4853 1143 84 6031 946 4 0 112933
4854 1165 78 6031 980 4 0 119870
4855 1153 83 6031 968 4 0 116148
4856 1096 89 6032 894 4 0 102344
4857 1109 91 6034 897 4 0 103500
4858 1150 89 6035 959 4 0 114562
4859 1151 83 6035 951 4 0 113923
4860 1121 85 6035 925 4 0 108097
4861 1127 79 6036 929 4 0 109256
4862 1151 83 6036 958 4 0 115559
4863 1116 93 6037 916 4 0 106672
4864 1134 94 6038 932 4 0 111297
4865 1153 88 6038 963 4 0 116554
4866 1126 87 6038 925 4 0 108868
4867 1125 87 6039 929 4 0 109315
4868 1118 80 6039 910 4 0 106897
4869 1122 81 6039 917 4 0 107088
4870 1139 79 6039 943 4 0 112805
4871 1140 82 6039 944 4 0 112751
4872 1110 87 6039 898 4 0 104880
4873 1115 77 6039 911 4 0 106493
4874 1105 85 6039 886 4 0 101190
4875 1095 89 6041 885 4 0 101294
4876 1115 86 6041 897 4 0 104906
4877 1133 87 6041 925 4 0 108900
4878 1108 85 6041 914 4 0 106157
4879 1142 80 6041 946 4 0 113428
4880 1126 85 6041 916 4 0 108048
4881 1074 86 6041 845 4 0 93970.4
4882 1078 83 6041 854 4 0 96464.4
4883 1116 82 6041 905 4 0 104885
4884 1112 87 6041 904 4 0 104585
4885 1112 87 6041 910 4 0 105827
4886 1126 78 6041 926 4 0 108973
4887 1111 78 6041 891 4 0 103511
4888 1150 82 6041 950 4 0 115248
4889 1119 82 6041 914 4 0 107222
4890 1109 80 6042 906 4 0 104846
4891 1116 85 6042 901 4 0 104999
4892 1111 83 6044 893 4 0 103504
4893 1123 87 6044 915 4 0 107742
4894 1127 82 6045 913 4 0 107665
4895 1143 84 6045 944 4 0 112718
4896 1134 84 6047 937 4 0 110982
4897 1142 78 6047 943 4 0 112496
4898 1110 81 6047 915 4 0 106756
4899 1128 90 6047 916 4 0 108232
4900 1141 82 6047 934 4 0 112427
4901 1168 71 6048 972 4 0 117995
4902 1150 83 6048 954 4 0 114750
4903 1144 89 6049 933 4 0 111391
4904 1131 92 6050 933 4 0 110868
4905 1122 97 6050 903 4 0 105436
4906 1125 90 6050 896 4 0 104978
4907 1140 87 6050 922 4 0 109165
4908 1124 85 6051 913 4 0 108441
4909 1147 79 6051 963 4 0 114248
4910 1136 93 6051 931 4 0 110170
4911 1158 82 6051 974 4 0 118597
4912 1126 81 6051 924 4 0 108828
4913 1129 86 6052 941 4 0 110872
4914 1129 86 6052 924 4 0 109418
4915 1138 83 6053 918 4 0 110026
4916 1141 97 6053 919 4 0 109782
4917 1124 90 6054 909 4 0 107006
4918 1107 88 6055 874 4 0 100188
4919 1127 88 6056 906 4 0 106176
4920 1106 94 6056 877 4 0 102142
4921 1124 82 6056 902 4 0 106010
4922 1120 81 6057 910 4 0 106139
4923 1132 80 6057 945 4 0 112207
4924 1144 83 6059 948 4 0 113497
4925 1167 82 6059 969 4 0 117461
4926 1136 96 6060 932 4 0 110322
4927 1127 93 6061 924 4 0 108707
4928 1118 99 6063 898 4 0 105308
4929 1087 95 6063 867 4 0 98627.8
4930 1142 86 6063 937 4 0 112288
4931 1111 90 6063 903 4 0 105192
4932 1140 93 6063 952 4 0 114361
4933 1143 89 6064 956 4 0 114736
4934 1137 84 6064 938 4 0 110853
4935 1132 79 6065 926 4 0 109298
4936 1101 79 6065 884 4 0 101768
4937 1134 88 6066 923 4 0 109147
4938 1128 85 6066 922 4 0 109230
4939 1116 83 6066 899 4 0 105167
4940 1146 85 6067 951 4 0 114200
4941 1136 86 6069 929 4 0 109414
4942 1145 88 6069 951 4 0 114036
4943 1152 84 6069 962 4 0 115752
4944 1160 80 6070 978 4 0 118469
4945 1141 81 6070 940 4 0 111128
4946 1148 76 6071 941 4 0 113566
4947 1099 90 6072 870 4 0 99926.3
4948 1128 95 6072 912 4 0 107951
4949 1116 93 6072 896 4 0 105410
4950 1129 82 6072 922 4 0 108590
4951 1140 77 6073 947 4 0 112872
4952 1147 81 6073 956 4 0 113555
4953 1120 82 6074 924 4 0 108088
4954 1112 86 6074 909 4 0 105562
4955 1100 85 6075 891 4 0 102239
4956 1096 83 6075 881 4 0 101694
4957 1137 83 6075 922 4 0 110453
4958 1129 86 6075 923 4 0 109279
4959 1112 92 6076 893 4 0 103305
4960 1159 85 6076 973 4 0 118703
4961 1121 84 6076 928 4 0 108451
4962 1134 88 6077 945 4 0 111550
4963 1129 88 6077 939 4 0 111699
4964 1095 91 6077 882 4 0 100513
4965 1088 98 6077 863 4 0 98948.5
4966 1083 97 6078 861 4 0 96654.7
4967 1121 87 6078 919 4 0 107991
4968 1116 87 6078 909 4 0 105654
4969 1110 91 6078 893 4 0 103094
4970 1107 77 6079 893 4 0 103043
4971 1134 75 6080 936 4 0 111433
4972 1100 85 6080 878 4 0 101233
4973 1100 80 6080 887 4 0 102523
4974 1109 82 6080 905 4 0 104721
4975 1128 87 6080 924 4 0 109596
4976 1145 92 6080 934 4 0 111074
4977 1112 93 6080 895 4 0 103671
4978 1099 90 6081 882 4 0 101468
4979 1141 86 6081 947 4 0 113373
4980 1137 81 6081 947 4 0 113313
4981 1131 93 6082 943 4 0 111107
4982 1154 85 6082 954 4 0 115573
4983 1137 87 6083 943 4 0 112067
4984 1125 89 6083 918 4 0 107763
4985 1142 78 6084 946 4 0 112545
4986 1141 85 6085 936 4 0 111266
4987 1132 89 6086 928 4 0 109737
4988 1120 88 6086 915 4 0 108010
4989 1117 82 6086 920 4 0 107628
4990 1109 79 6086 906 4 0 105468
4991 1124 90 6086 907 4 0 107191
4992 1110 85 6086 899 4 0 104541
4993 1113 95 6086 900 4 0 104191
4994 1107 89 6088 889 4 0 103162
4995 1135 86 6088 916 4 0 108682
4996 1105 86 6088 897 4 0 104617
4997 1120 85 6088 913 4 0 107424
4998 1137 83 6088 933 4 0 110081
4999 1140 85 6088 935 4 0 111740
5000 1140 86 6088 943 4 0 112613
5001 1142 82 6088 942 4 0 113604
5002 1135 83 6088 943 4 0 111955
5003 1096 88 6088 872 4 0 99077.8
5004 1087 90 6088 881 4 0 100524
5005 1124 81 6089 915 4 0 107047
5006 1154 86 6090 958 4 0 115850
5007 1122 83 6090 921 4 0 107486
5008 1120 87 6090 921 4 0 107881
5009 1095 87 6090 878 4 0 99932.4
5010 1119 78 6091 908 4 0 105391
5011 1101 92 6092 893 4 0 102537
5012 1122 93 6093 914 4 0 107184
5013 1082 88 6094 859 4 0 97501.5
5014 1113 96 6094 903 4 0 105870
5015 1123 92 6095 911 4 0 106499
5016 1116 78 6095 918 4 0 107813
5017 1140 92 6095 926 4 0 109724
5018 1130 98 6096 910 4 0 106925
5019 1149 103 6097 940 4 0 113041
5020 1132 88 6097 925 4 0 109009
5021 1113 94 6098 895 4 0 103731
5022 1144 86 6098 950 4 0 113299
5023 1090 95 6099 879 4 0 99816.4
5024 1115 87 6099 899 4 0 104900
5025 1131 84 6100 932 4 0 110156
5026 1143 90 6100 951 4 0 113466
5027 1129 86 6100 931 4 0 110218
5028 1129 89 6100 943 4 0 111939
5029 1128 92 6101 918 4 0 108876
5030 1111 93 6101 898 4 0 103376
5031 1139 85 6101 935 4 0 111846
5032 1115 79 6101 903 4 0 105146
5033 1099 80 6101 885 4 0 102952
5034 1124 92 6101 916 4 0 106937
5035 1114 81 6101 907 4 0 105980
5036 1141 86 6101 941 4 0 111293
5037 1132 88 6101 930 4 0 109751
5038 1153 87 6102 942 4 0 113352
5039 1138 91 6103 924 4 0 109654
5040 1078 83 6103 859 4 0 96127.8
5041 1098 83 6103 886 4 0 102010
5042 1118 88 6103 903 4 0 105013
5043 1116 84 6104 912 4 0 104899
5044 1098 88 6104 886 4 0 101781
5045 1119 85 6104 909 4 0 106072
5046 1087 90 6106 868 4 0 98327.2
5047 1123 91 6106 915 4 0 107690
5048 1101 89 6106 885 4 0 101452
5049 1124 89 6107 921 4 0 109268
5050 1154 85 6108 961 4 0 116034
5051 1162 72 6108 985 4 0 120898
5052 1151 77 6108 966 4 0 116686
5053 1153 73 6108 964 4 0 115624
5054 1126 84 6108 917 4 0 107753
5055 1129 82 6108 926 4 0 108520
5056 1128 92 6108 916 4 0 108033
5057 1143 89 6108 945 4 0 113359
5058 1158 85 6110 962 4 0 116809
5059 1135 85 6110 919 4 0 108719
5060 1120 90 6112 918 4 0 107754
5061 1134 88 6112 931 4 0 110267
5062 1139 90 6112 934 4 0 110898
5063 1147 78 6112 954 4 0 114748
5064 1136 80 6112 939 4 0 111311
5065 1108 82 6113 904 4 0 105014
5066 1115 90 6114 898 4 0 105096
5067 1167 86 6114 980 4 0 120515
5068 1151 85 6114 947 4 0 114248
5069 1143 77 6114 956 4 0 115191
5070 1132 90 6115 934 4 0 111571
5071 1142 80 6115 946 4 0 112971
5072 1124 90 6115 915 4 0 107704
5073 1132 84 6116 915 4 0 108074
5074 1121 82 6117 923 4 0 107977
5075 1109 84 6117 902 4 0 104117
5076 1101 81 6118 905 4 0 103941
5077 1133 74 6118 940 4 0 112183
5078 1140 84 6118 942 4 0 112552
5079 1095 79 6119 886 4 0 101847
5080 1115 92 6120 894 4 0 104096
5081 1123 87 6121 920 4 0 109259
5082 1093 78 6121 886 4 0 101639
5083 1131 76 6121 913 4 0 108186
5084 1119 88 6121 898 4 0 105439
5085 1129 93 6122 915 4 0 108255
5086 1115 93 6122 898 4 0 105087
5087 1106 91 6122 887 4 0 103270
5088 1130 78 6123 929 4 0 108859
5089 1114 82 6124 915 4 0 105739
5090 1096 97 6124 876 4 0 100466
5091 1103 94 6124 882 4 0 103261
5092 1135 85 6124 915 4 0 108333
5093 1122 88 6124 908 4 0 106760
5094 1139 87 6125 926 4 0 110784
5095 1135 82 6125 931 4 0 110771
5096 1151 83 6126 956 4 0 115142
5097 1129 83 6126 931 4 0 109708
5098 1121 86 6127 913 4 0 107660
5099 1119 82 6127 899 4 0 104476
5100 1103 92 6127 881 4 0 101541
5101 1110 84 6127 891 4 0 102724
5102 1166 84 6127 978 4 0 119276
5103 1142 79 6127 952 4 0 113556
5104 1126 87 6127 917 4 0 107716
5105 1139 81 6128 933 4 0 110993
5106 1149 89 6128 946 4 0 113791
5107 1116 89 6128 895 4 0 104003
5108 1130 89 6128 934 4 0 111380
5109 1100 95 6128 869 4 0 99823.7
5110 1130 91 6129 927 4 0 109675
5111 1127 87 6131 927 4 0 109694
5112 1151 88 6131 967 4 0 117135
5113 1157 89 6133 966 4 0 117173
5114 1113 84 6133 908 4 0 105864
5115 1108 81 6134 907 4 0 105272
5116 1138 80 6134 957 4 0 113541
5117 1136 83 6134 933 4 0 109875
5118 1137 86 6134 934 4 0 111767
5119 1121 86 6134 917 4 0 107460
5120 1116 90 6134 900 4 0 105250
5121 1086 81 6134 870 4 0 98876.7
5122 1114 80 6134 905 4 0 105153
5123 1120 83 6135 913 4 0 106698
5124 1122 95 6136 912 4 0 106540
5125 1098 90 6136 881 4 0 101793
5126 1149 80 6137 942 4 0 112168
5127 1127 77 6137 929 4 0 109400
5128 1163 81 6138 974 4 0 118390
5129 1127 86 6139 919 4 0 108213
5130 1140 88 6140 931 4 0 111388
5131 1097 94 6140 875 4 0 99885.8
5132 1097 87 6140 882 4 0 100561
5133 1160 82 6140 970 4 0 118659
5134 1138 89 6140 930 4 0 110544
5135 1106 87 6140 884 4 0 102253
5136 1108 86 6141 892 4 0 103968
5137 1133 85 6141 933 4 0 110553
5138 1119 89 6142 926 4 0 108970
5139 1156 88 6142 966 4 0 117664
5140 1148 87 6143 957 4 0 115193
5141 1137 87 6143 932 4 0 110787
5142 1141 81 6143 939 4 0 112312
5143 1162 76 6143 965 4 0 117972
5144 1131 83 6143 926 4 0 109820
5145 1138 84 6143 926 4 0 110540
5146 1112 83 6144 904 4 0 104914
5147 1104 88 6145 894 4 0 102863
5148 1137 86 6145 926 4 0 110401
5149 1104 92 6145 892 4 0 102849
5150 1121 88 6145 914 4 0 106973
5151 1149 86 6145 953 4 0 114165
5152 1140 81 6147 947 4 0 112870
5153 1124 85 6147 914 4 0 107259
5154 1107 82 6147 897 4 0 103081
5155 1120 88 6149 925 4 0 108302
5156 1124 79 6149 930 4 0 109377
5157 1125 80 6149 930 4 0 109702
5158 1128 88 6149 924 4 0 109254
5159 1148 82 6149 956 4 0 115088
5160 1153 84 6149 957 4 0 115169
5161 1181 82 6150 997 4 0 123053
5162 1171 89 6150 984 4 0 120174
5163 1143 91 6150 950 4 0 114050
5164 1145 83 6150 943 4 0 113560
5165 1144 78 6150 946 4 0 113391
5166 1130 88 6150 916 4 0 107327
5167 1179 85 6151 989 4 0 120939
5168 1108 81 6152 912 4 0 104793
5169 1119 85 6152 911 4 0 106077
5170 1129 88 6153 912 4 0 107087
5171 1137 85 6153 921 4 0 109716
5172 1123 84 6153 917 4 0 108110
5173 1149 85 6153 961 4 0 116002
5174 1145 84 6153 955 4 0 114570
5175 1140 84 6153 935 4 0 111185
5176 1109 76 6153 920 4 0 107467
5177 1130 81 6153 937 4 0 110834
5178 1128 85 6153 932 4 0 110168
5179 1110 80 6153 899 4 0 104486
5180 1133 84 6153 934 4 0 110776
5181 1107 87 6155 906 4 0 105272
5182 1091 90 6155 866 4 0 98178.1
5183 1115 81 6155 925 4 0 108836
5184 1143 80 6156 939 4 0 112052
5185 1132 79 6157 925 4 0 109479
5186 1128 81 6157 926 4 0 108856
5187 1087 86 6158 871 4 0 98982.8
5188 1133 81 6159 927 4 0 109795
5189 1149 89 6159 946 4 0 113346
5190 1119 84 6159 904 4 0 105941
5191 1106 90 6159 874 4 0 100682
5192 1112 89 6159 908 4 0 106163
5193 1153 91 6159 951 4 0 114692
5194 1108 89 6159 891 4 0 103202
5195 1128 84 6159 930 4 0 109762
5196 1161 81 6159 979 4 0 118845
5197 1136 78 6159 937 4 0 111774
5198 1141 88 6160 933 4 0 111424
5199 1128 82 6160 928 4 0 109920
5200 1120 92 6161 912 4 0 106730
5201 1118 85 6161 914 4 0 106639
5202 1132 81 6161 930 4 0 110813
5203 1153 84 6161 957 4 0 115280
5204 1133 87 6163 919 4 0 108313
5205 1111 81 6164 909 4 0 106512
5206 1104 89 6164 889 4 0 102583
5207 1150 84 6165 953 4 0 114780
5208 1126 83 6165 921 4 0 108729
5209 1109 85 6165 887 4 0 102715
5210 1133 89 6165 917 4 0 108854
5211 1124 92 6165 911 4 0 108089
5212 1107 80 6165 884 4 0 102517
5213 1125 75 6165 923 4 0 108271
5214 1148 84 6166 954 4 0 114379
5215 1123 84 6166 909 4 0 106855
5216 1129 85 6166 918 4 0 109358
5217 1136 89 6166 932 4 0 109980
5218 1131 87 6166 925 4 0 108834
5219 1097 85 6167 897 4 0 102734
5220 1116 85 6168 902 4 0 104561
5221 1114 83 6168 908 4 0 105085
5222 1153 90 6168 958 4 0 115578
5223 1124 89 6168 922 4 0 107993
5224 1129 81 6168 939 4 0 111242
5225 1153 86 6168 959 4 0 114705
5226 1155 84 6169 969 4 0 116702
5227 1154 83 6170 973 4 0 117595
5228 1133 87 6170 927 4 0 109449
5229 1134 93 6172 921 4 0 109267
5230 1125 85 6172 905 4 0 106468
5231 1129 82 6172 915 4 0 108425
5232 1127 85 6173 915 4 0 108012
5233 1141 84 6173 936 4 0 111681
5234 1154 84 6173 951 4 0 115853
5235 1160 85 6173 967 4 0 117194
5236 1135 93 6175 922 4 0 109388
5237 1122 96 6175 914 4 0 107061
5238 1133 82 6176 935 4 0 110807
5239 1109 79 6177 909 4 0 105277
5240 1122 85 6177 913 4 0 107288
5241 1148 83 6177 954 4 0 114989
5242 1115 90 6177 900 4 0 104824
5243 1118 84 6179 915 4 0 107448
5244 1134 93 6180 930 4 0 110315
5245 1136 84 6180 936 4 0 111880
5246 1125 90 6181 920 4 0 108725
5247 1122 94 6181 902 4 0 106766
5248 1135 88 6182 922 4 0 109607
5249 1138 85 6182 933 4 0 111503
5250 1096 85 6182 871 4 0 99565.2
5251 1104 90 6182 888 4 0 103095
5252 1090 93 6182 861 4 0 98269.9
5253 1102 86 6182 895 4 0 103005
5254 1126 88 6183 919 4 0 107423
5255 1132 90 6184 926 4 0 109840
5256 1115 88 6184 902 4 0 105353
5257 1105 82 6184 883 4 0 102492
5258 1107 91 6184 882 4 0 101784
5259 1087 79 6184 876 4 0 99024.2
5260 1132 85 6184 933 4 0 110635
5261 1136 79 6184 936 4 0 110475
5262 1125 84 6184 930 4 0 110125
5263 1118 86 6185 895 4 0 104628
5264 1107 94 6185 891 4 0 103377
5265 1132 87 6186 929 4 0 111050
5266 1130 84 6186 932 4 0 110031
5267 1151 79 6186 960 4 0 116073
5268 1149 79 6186 953 4 0 114426
5269 1138 89 6186 923 4 0 109585
5270 1114 90 6186 900 4 0 105198
5271 1151 93 6187 929 4 0 111743
5272 1139 92 6189 919 4 0 109623
5273 1143 95 6189 928 4 0 111215
5274 1133 95 6189 923 4 0 108927
5275 1156 86 6189 961 4 0 116492
5276 1148 82 6189 948 4 0 115014
5277 1165 79 6190 965 4 0 118141
5278 1130 88 6190 930 4 0 109500
5279 1150 86 6190 946 4 0 113372
5280 1153 79 6191 959 4 0 116111
5281 1120 88 6191 920 4 0 108033
5282 1102 86 6191 885 4 0 101606
5283 1116 76 6191 899 4 0 103798
5284 1134 85 6192 929 4 0 111077
5285 1136 79 6193 937 4 0 112350
5286 1140 92 6193 936 4 0 113026
5287 1127 88 6195 921 4 0 108626
5288 1095 84 6195 875 4 0 100451
5289 1135 92 6195 933 4 0 111653
5290 1096 94 6196 880 4 0 101180
5291 1127 92 6196 918 4 0 109781
5292 1113 86 6197 903 4 0 105498
5293 1137 89 6198 929 4 0 111963
5294 1128 82 6198 931 4 0 110454
5295 1100 83 6198 888 4 0 101216
5296 1113 87 6198 901 4 0 104213
5297 1134 88 6198 927 4 0 110004
5298 1104 95 6198 877 4 0 101242
5299 1109 85 6198 909 4 0 106069
5300 1084 82 6198 862 4 0 98016.9
5301 1154 84 6198 956 4 0 115071
5302 1145 75 6198 955 4 0 114998
5303 1163 84 6198 980 4 0 119436
5304 1160 91 6198 974 4 0 118236
5305 1148 91 6199 955 4 0 113370
5306 1159 80 6199 979 4 0 118276
5307 1130 85 6199 940 4 0 110553
5308 1139 84 6199 943 4 0 112522
5309 1134 89 6199 925 4 0 108850
5310 1110 86 6199 907 4 0 106057
5311 1112 96 6201 891 4 0 103906
5312 1111 90 6201 901 4 0 104769
5313 1132 86 6201 930 4 0 109626
5314 1139 84 6201 951 4 0 113880
5315 1130 82 6201 938 4 0 111385
5316 1090 88 6202 874 4 0 100078
5317 1133 88 6202 933 4 0 110257
5318 1139 85 6202 933 4 0 111440
5319 1160 89 6202 959 4 0 116837
5320 1108 83 6203 885 4 0 102006
5321 1100 86 6203 885 4 0 100693
5322 1115 84 6203 902 4 0 105142
5323 1114 88 6203 910 4 0 106286
5324 1081 83 6203 862 4 0 96903.2
5325 1119 77 6203 905 4 0 105973
5326 1140 88 6203 928 4 0 110069
5327 1097 86 6203 875 4 0 99812.8
5328 1136 92 6204 932 4 0 110409
5329 1138 83 6204 941 4 0 112203
5330 1100 82 6204 896 4 0 102099
5331 1109 98 6204 888 4 0 102599
5332 1142 93 6204 928 4 0 110981
5333 1150 83 6204 939 4 0 111932
5334 1137 87 6204 914 4 0 108177
5335 1128 84 6204 915 4 0 108069
5336 1160 86 6205 950 4 0 115101
5337 1100 83 6205 882 4 0 101803
5338 1099 84 6205 873 4 0 100365
5339 1100 87 6205 878 4 0 100658
5340 1122 88 6205 920 4 0 108318
5341 1117 84 6205 906 4 0 106386
5342 1128 85 6205 922 4 0 108537
5343 1124 83 6205 915 4 0 106522
5344 1129 85 6205 919 4 0 107903
5345 1148 87 6205 950 4 0 114632
5346 1127 85 6205 916 4 0 109027
5347 1114 84 6205 901 4 0 103871
5348 1111 82 6205 895 4 0 103561
5349 1133 85 6205 923 4 0 109033
5350 1093 86 6205 868 4 0 98803.9
5351 1115 83 6205 905 4 0 105506
5352 1110 83 6205 912 4 0 105915
5353 1117 91 6205 900 4 0 104439
5354 1134 92 6205 926 4 0 110195
5355 1128 83 6205 924 4 0 109386
5356 1146 81 6205 944 4 0 112883
5357 1121 79 6205 923 4 0 108794
5358 1098 94 6205 882 4 0 101167
5359 1086 91 6205 856 4 0 97319.1
5360 1102 89 6205 889 4 0 102210
5361 1128 84 6205 925 4 0 108523
5362 1111 85 6205 905 4 0 104143
5363 1119 83 6205 913 4 0 106684
5364 1149 78 6205 960 4 0 114476
5365 1115 88 6206 914 4 0 106346
5366 1098 89 6206 882 4 0 101689
5367 1113 90 6206 899 4 0 105212
5368 1109 92 6206 886 4 0 103115
5369 1121 88 6206 900 4 0 105267
5370 1125 83 6206 912 4 0 106874
5371 1110 83 6206 901 4 0 104677
5372 1122 86 6207 929 4 0 109281
5373 1157 83 6207 967 4 0 116660
5374 1138 93 6207 926 4 0 110809
5375 1133 87 6207 928 4 0 109836
5376 1135 91 6207 931 4 0 110803
5377 1117 83 6208 904 4 0 104616
5378 1120 87 6208 928 4 0 109956
5379 1134 80 6208 935 4 0 110420
5380 1162 76 6208 973 4 0 118109
5381 1128 82 6209 924 4 0 108963
5382 1126 83 6209 920 4 0 110020
5383 1134 88 6209 931 4 0 110699
5384 1113 88 6209 900 4 0 104465
5385 1087 83 6209 864 4 0 98796.9
5386 1129 85 6209 928 4 0 110108
5387 1149 84 6209 951 4 0 114013
5388 1157 92 6210 950 4 0 115655
5389 1146 90 6210 946 4 0 113385
5390 1115 82 6211 908 4 0 105785
5391 1119 81 6211 921 4 0 108078
5392 1147 89 6212 944 4 0 112288
5393 1118 91 6212 903 4 0 104994
5394 1100 87 6212 896 4 0 103476
5395 1080 92 6212 850 4 0 96446.9
5396 1124 79 6212 913 4 0 107483
5397 1104 88 6212 892 4 0 103031
5398 1091 95 6212 862 4 0 98153.4
5399 1101 85 6212 877 4 0 100744
5400 1114 90 6212 890 4 0 103336
5401 1070 94 6212 840 4 0 93874.5
5402 1096 85 6213 867 4 0 99200.9
5403 1132 90 6213 926 4 0 109593
5404 1107 79 6213 891 4 0 103304
5405 1132 87 6213 939 4 0 112143
5406 1154 85 6213 956 4 0 116083
5407 1131 99 6213 926 4 0 109556
5408 1110 90 6213 902 4 0 105372
5409 1108 88 6213 895 4 0 103589
5410 1113 89 6213 895 4 0 104802
5411 1129 83 6213 922 4 0 108508
5412 1126 81 6213 915 4 0 107695
5413 1120 76 6213 910 4 0 106831
5414 1121 78 6213 912 4 0 107698
5415 1103 84 6213 880 4 0 102110
5416 1100 85 6213 889 4 0 101987
5417 1106 83 6213 908 4 0 104797
5418 1112 100 6213 899 4 0 104584
5419 1128 86 6213 933 4 0 109694
5420 1136 82 6214 956 4 0 113540
5421 1126 83 6215 913 4 0 107847
5422 1138 96 6215 928 4 0 110261
5423 1154 93 6215 951 4 0 114710
5424 1103 89 6215 894 4 0 103036
5425 1126 87 6216 920 4 0 108474
5426 1144 88 6217 948 4 0 114072
5427 1114 89 6217 883 4 0 102175
5428 1116 81 6218 905 4 0 105387
5429 1133 87 6218 917 4 0 107707
5430 1120 89 6218 907 4 0 105549
5431 1107 89 6218 893 4 0 103261
5432 1119 93 6219 898 4 0 104669
5433 1152 94 6219 943 4 0 113183
5434 1160 89 6219 969 4 0 118282
5435 1114 86 6219 908 4 0 105230
5436 1095 81 6219 891 4 0 102785
5437 1102 83 6219 885 4 0 101519
5438 1118 80 6219 917 4 0 106847
5439 1102 85 6219 891 4 0 103191
5440 1121 86 6219 912 4 0 106976
5441 1115 78 6219 910 4 0 105835
5442 1137 82 6219 934 4 0 111528
5443 1141 87 6219 939 4 0 112009
5444 1105 85 6219 895 4 0 103937
5445 1160 91 6219 965 4 0 116462
5446 1182 82 6220 1001 4 0 123574
5447 1116 84 6220 918 4 0 106414
5448 1117 88 6220 916 4 0 107531
5449 1108 91 6220 897 4 0 103554
5450 1132 85 6220 931 4 0 110108
5451 1136 88 6221 942 4 0 112087
5452 1134 94 6221 928 4 0 109622
5453 1086 96 6221 871 4 0 97601.1
5454 1127 80 6221 927 4 0 109781
5455 1111 84 6221 895 4 0 104417
5456 1141 81 6221 924 4 0 109579
5457 1122 76 6221 913 4 0 107497
5458 1155 77 6221 953 4 0 115682
5459 1131 86 6221 926 4 0 109624
5460 1155 83 6222 959 4 0 116574
5461 1159 87 6223 961 4 0 116710
5462 1158 90 6223 949 4 0 115529
5463 1134 95 6223 917 4 0 109210
5464 1139 82 6223 936 4 0 112152
5465 1117 92 6223 910 4 0 106424
5466 1105 87 6224 897 4 0 103398
5467 1081 90 6224 856 4 0 96575.3
5468 1123 84 6224 924 4 0 109522
5469 1133 85 6225 938 4 0 111770
5470 1155 91 6225 973 4 0 117931
5471 1128 93 6225 916 4 0 107720
5472 1153 80 6226 961 4 0 116012
5473 1118 86 6226 914 4 0 106925
5474 1092 84 6226 868 4 0 99508.1
5475 1156 74 6226 965 4 0 116924
5476 1135 86 6226 935 4 0 111268
5477 1141 86 6226 930 4 0 110951
5478 1115 92 6226 903 4 0 105814
5479 1130 83 6226 937 4 0 110423
5480 1154 85 6226 955 4 0 115866
5481 1155 88 6226 964 4 0 117313
5482 1156 97 6226 962 4 0 116327
5483 1155 96 6226 961 4 0 117256
5484 1168 85 6226 962 4 0 117233
5485 1142 89 6226 935 4 0 111834
5486 1130 83 6226 901 4 0 105637
5487 1126 82 6226 923 4 0 108566
5488 1096 75 6226 886 4 0 100944
5489 1112 77 6226 898 4 0 104307
5490 1103 87 6226 884 4 0 101178
5491 1117 88 6226 904 4 0 105248
5492 1108 93 6227 905 4 0 104042
5493 1110 94 6227 902 4 0 104111
5494 1116 90 6227 906 4 0 105455
5495 1118 87 6227 903 4 0 105652
5496 1099 88 6227 876 4 0 100406
5497 1125 97 6227 915 4 0 106904
5498 1086 92 6227 862 4 0 97494.8
5499 1132 76 6227 936 4 0 110238
5500 1112 86 6228 906 4 0 104723
5501 1122 86 6229 914 4 0 108339
5502 1137 93 6230 921 4 0 108656
5503 1116 84 6230 908 4 0 105782
5504 1097 84 6230 891 4 0 102172
5505 1088 87 6230 859 4 0 97885.8
5506 1089 90 6230 851 4 0 96449.3
5507 1089 88 6230 859 4 0 97661.2
5508 1146 80 6230 946 4 0 114342
5509 1115 83 6230 911 4 0 106856
5510 1114 83 6231 923 4 0 107836
5511 1133 92 6231 929 4 0 110147
5512 1152 90 6231 948 4 0 114373
5513 1141 80 6231 951 4 0 114212
5514 1169 78 6231 980 4 0 120413
5515 1141 84 6231 941 4 0 112287
5516 1140 85 6231 937 4 0 110813
5517 1119 84 6232 910 4 0 106534
5518 1111 85 6232 902 4 0 104244
5519 1091 86 6232 854 4 0 97077.2
5520 1130 83 6232 925 4 0 109360
5521 1143 86 6232 924 4 0 110459
5522 1147 93 6233 936 4 0 112831
5523 1110 93 6233 890 4 0 103180
5524 1111 86 6233 896 4 0 104464
5525 1141 78 6233 949 4 0 113883
5526 1123 78 6233 936 4 0 109193
5527 1128 75 6233 932 4 0 110016
5528 1109 82 6233 894 4 0 103574
5529 1133 81 6233 936 4 0 111112
5530 1123 76 6233 936 4 0 109591
5531 1130 88 6233 921 4 0 108778
5532 1094 89 6233 877 4 0 99703.7
5533 1167 85 6233 975 4 0 120049
5534 1133 83 6233 920 4 0 108443
5535 1127 85 6233 926 4 0 109779
5536 1112 94 6234 890 4 0 103450
5537 1145 81 6234 945 4 0 113695
5538 1149 80 6235 934 4 0 112761
5539 1137 81 6235 917 4 0 110086
5540 1133 79 6235 923 4 0 109848
5541 1126 84 6235 917 4 0 108325
5542 1130 84 6235 919 4 0 109327
5543 1123 79 6235 914 4 0 107328
5544 1139 87 6235 938 4 0 111892
5545 1130 91 6235 923 4 0 108544
5546 1124 95 6235 905 4 0 105496
5547 1141 84 6236 932 4 0 110848
5548 1142 85 6237 935 4 0 110930
5549 1102 87 6237 879 4 0 101123
5550 1113 82 6237 907 4 0 105751
5551 1118 84 6237 924 4 0 108387
5552 1135 86 6237 926 4 0 110382
5553 1174 81 6237 980 4 0 120185
5554 1133 86 6238 907 4 0 107745
5555 1148 87 6238 955 4 0 114161
5556 1102 84 6238 892 4 0 103109
5557 1113 89 6238 894 4 0 103245
5558 1110 88 6239 901 4 0 104165
5559 1113 89 6239 898 4 0 103406
5560 1112 82 6239 900 4 0 104719
5561 1121 84 6239 909 4 0 106135
5562 1138 89 6239 926 4 0 109949
5563 1155 83 6241 952 4 0 115088
5564 1151 82 6241 956 4 0 115544
5565 1146 86 6241 940 4 0 112186
5566 1148 86 6241 962 4 0 115555
5567 1141 87 6241 945 4 0 112801
5568 1139 84 6241 943 4 0 112692
5569 1121 92 6241 905 4 0 106231
5570 1158 83 6241 966 4 0 116458
5571 1152 89 6243 953 4 0 114524
5572 1172 84 6243 980 4 0 120374
5573 1118 91 6243 902 4 0 105146
5574 1114 96 6244 895 4 0 104393
5575 1118 97 6244 905 4 0 105606
5576 1146 99 6244 942 4 0 113601
5577 1145 89 6244 946 4 0 113470
5578 1104 89 6244 897 4 0 103519
5579 1140 78 6244 943 4 0 111871
5580 1145 83 6244 939 4 0 112404
5581 1165 88 6244 977 4 0 119035
5582 1121 86 6245 915 4 0 107162
5583 1143 81 6245 951 4 0 114060
5584 1155 81 6245 967 4 0 117168
5585 1111 80 6245 893 4 0 104304
5586 1115 87 6245 892 4 0 103862
5587 1125 81 6245 908 4 0 106629
5588 1116 88 6245 884 4 0 103083
5589 1157 82 6245 953 4 0 114491
5590 1145 83 6245 934 4 0 112151
5591 1131 81 6245 930 4 0 109960
5592 1125 90 6246 924 4 0 108727
5593 1109 85 6247 907 4 0 104477
5594 1107 81 6247 900 4 0 104121
5595 1130 83 6247 933 4 0 110021
5596 1151 90 6247 948 4 0 114626
5597 1108 84 6247 908 4 0 105069
5598 1140 81 6247 953 4 0 113780
5599 1119 78 6247 915 4 0 106882
5600 1120 81 6247 918 4 0 107116
5601 1108 90 6247 900 4 0 103775
5602 1127 87 6247 917 4 0 107517
5603 1143 85 6247 945 4 0 113321
5604 1145 84 6247 946 4 0 113964
5605 1162 89 6247 963 4 0 118019
5606 1117 86 6248 918 4 0 108363
5607 1151 87 6248 958 4 0 115523
5608 1109 86 6249 898 4 0 104263
5609 1124 84 6249 922 4 0 107462
5610 1128 85 6249 943 4 0 110757
5611 1106 95 6250 880 4 0 102188
5612 1107 92 6250 891 4 0 103402
5613 1132 84 6250 923 4 0 109052
5614 1127 90 6250 921 4 0 107858
5615 1111 89 6250 906 4 0 106549
5616 1109 87 6250 891 4 0 103637
5617 1089 83 6251 872 4 0 99263.8
5618 1111 82 6251 889 4 0 103669
5619 1135 87 6251 923 4 0 109109
5620 1162 91 6251 940 4 0 113483
5621 1130 84 6251 922 4 0 108909
5622 1137 86 6251 935 4 0 111231
5623 1119 91 6252 902 4 0 105017
5624 1120 96 6252 904 4 0 104939
5625 1132 91 6253 933 4 0 110460
5626 1136 93 6253 926 4 0 109805
5627 1103 95 6256 899 4 0 103141
5628 1134 85 6256 937 4 0 111229
5629 1102 88 6256 877 4 0 101528
5630 1112 80 6256 907 4 0 105528
5631 1132 80 6256 922 4 0 108872
5632 1119 81 6256 916 4 0 107414
5633 1097 88 6257 874 4 0 100111
5634 1121 80 6257 917 4 0 107407
5635 1129 79 6258 936 4 0 110983
5636 1121 74 6258 921 4 0 107289
5637 1102 87 6259 895 4 0 102571
5638 1100 90 6259 891 4 0 102866
5639 1128 97 6259 923 4 0 108577
5640 1135 92 6259 944 4 0 112586
5641 1148 85 6259 951 4 0 115319
5642 1178 79 6260 990 4 0 122015
5643 1144 77 6260 954 4 0 114714
5644 1120 92 6260 916 4 0 106955
5645 1100 88 6261 893 4 0 102893
5646 1117 95 6261 905 4 0 105368
5647 1144 93 6261 941 4 0 112610
5648 1126 78 6262 922 4 0 108549
5649 1124 86 6262 918 4 0 108356
5650 1128 85 6262 913 4 0 108061
5651 1120 81 6262 911 4 0 106785
5652 1148 87 6262 960 4 0 115560
5653 1145 84 6262 951 4 0 114278
5654 1155 86 6262 962 4 0 115841
5655 1146 87 6262 945 4 0 113299
5656 1114 80 6262 910 4 0 106323
5657 1131 84 6263 942 4 0 110972
5658 1105 87 6263 892 4 0 101510
5659 1129 83 6263 926 4 0 108413
5660 1142 84 6263 943 4 0 113031
5661 1132 86 6264 922 4 0 108776
5662 1131 85 6264 915 4 0 107660
5663 1156 79 6264 962 4 0 115842
5664 1114 84 6264 910 4 0 105681
5665 1159 85 6264 963 4 0 116350
5666 1166 77 6264 970 4 0 117704
5667 1152 82 6264 946 4 0 113800
5668 1148 91 6264 946 4 0 112752
5669 1132 89 6264 919 4 0 107936
5670 1122 79 6264 917 4 0 107692
5671 1116 79 6264 913 4 0 105792
5672 1149 77 6264 958 4 0 115901
5673 1134 82 6265 929 4 0 110529
5674 1107 82 6265 895 4 0 103266
5675 1109 88 6265 888 4 0 103058
5676 1125 88 6265 917 4 0 107104
5677 1095 86 6266 879 4 0 100417
5678 1117 83 6266 918 4 0 106791
5679 1113 88 6267 916 4 0 107052
5680 1129 89 6267 931 4 0 109579
5681 1167 84 6267 984 4 0 120191
5682 1148 91 6267 961 4 0 115216
5683 1133 79 6267 935 4 0 110921
5684 1146 85 6268 950 4 0 113933
5685 1130 83 6269 931 4 0 110033
5686 1125 79 6269 923 4 0 108819
5687 1114 82 6270 906 4 0 105391
5688 1118 90 6271 906 4 0 105784
5689 1139 84 6272 923 4 0 110121
5690 1151 85 6272 951 4 0 113955
5691 1154 94 6273 958 4 0 115733
5692 1150 82 6274 960 4 0 116191
5693 1079 80 6274 863 4 0 96603.8
5694 1100 86 6275 886 4 0 101717
5695 1126 86 6275 909 4 0 106782
5696 1131 85 6277 923 4 0 110906
5697 1116 80 6278 920 4 0 108662
5698 1134 80 6279 940 4 0 110711
5699 1124 87 6279 928 4 0 109373
5700 1131 86 6279 928 4 0 110805
5701 1125 84 6280 905 4 0 107331
5702 1131 90 6280 928 4 0 110559
5703 1153 81 6280 950 4 0 114735
5704 1126 93 6280 916 4 0 107666
5705 1139 82 6280 944 4 0 111766
5706 1144 87 6281 943 4 0 113180
5707 1131 83 6281 923 4 0 109885
5708 1117 88 6282 898 4 0 105945
5709 1077 96 6282 846 4 0 95286
5710 1120 99 6282 896 4 0 104850
5711 1134 85 6282 921 4 0 109272
5712 1085 82 6282 866 4 0 98513.8
5713 1097 84 6282 874 4 0 99243.9
5714 1121 85 6282 896 4 0 105386
5715 1129 82 6282 917 4 0 107574
5716 1149 84 6282 945 4 0 112475
5717 1140 85 6283 930 4 0 111073
5718 1140 91 6283 936 4 0 111362
5719 1134 90 6283 938 4 0 111060
5720 1115 85 6283 904 4 0 104868
5721 1107 89 6283 888 4 0 102853
5722 1118 81 6283 912 4 0 106949
5723 1096 92 6284 884 4 0 101686
5724 1099 79 6284 900 4 0 102817
5725 1137 86 6284 943 4 0 112359
5726 1141 82 6284 936 4 0 111911
5727 1119 85 6284 914 4 0 106687
5728 1161 88 6285 951 4 0 115832
5729 1130 95 6286 913 4 0 107908
5730 1096 84 6286 877 4 0 100499
5731 1131 86 6286 926 4 0 110462
5732 1145 80 6286 936 4 0 113080
5733 1124 83 6286 903 4 0 105188
5734 1122 89 6286 903 4 0 106228
5735 1133 91 6286 922 4 0 108652
5736 1071 90 6286 851 4 0 94717
5737 1071 94 6286 847 4 0 94212.7
5738 1116 86 6286 913 4 0 105638
5739 1107 83 6286 905 4 0 104774
5740 1102 86 6287 892 4 0 101813
5741 1120 89 6287 922 4 0 107793
5742 1134 91 6288 930 4 0 111407
5743 1085 87 6288 871 4 0 98632.1
5744 1094 89 6288 877 4 0 99977
5745 1091 92 6288 878 4 0 100674
5746 1103 91 6289 886 4 0 101118
5747 1098 86 6289 887 4 0 101397
5748 1099 88 6289 889 4 0 102382
5749 1102 88 6289 888 4 0 102404
5750 1110 82 6289 903 4 0 104955
5751 1141 83 6289 945 4 0 112150
5752 1156 85 6291 958 4 0 116419
5753 1133 83 6291 925 4 0 109562
5754 1128 76 6291 927 4 0 110218
5755 1135 81 6291 920 4 0 108638
5756 1139 77 6291 933 4 0 111120
5757 1143 83 6292 943 4 0 113190
5758 1136 84 6292 937 4 0 111237
5759 1121 84 6292 909 4 0 107183
5760 1142 83 6292 927 4 0 109530
5761 1149 82 6292 947 4 0 114173
5762 1154 85 6292 948 4 0 115159
5763 1152 97 6292 957 4 0 115576
5764 1157 86 6293 965 4 0 117615
5765 1130 82 6293 923 4 0 109970
5766 1134 81 6293 927 4 0 110142
5767 1157 90 6293 971 4 0 117426
5768 1127 89 6293 921 4 0 108134
5769 1123 89 6293 920 4 0 108035
5770 1116 92 6294 918 4 0 106519
5771 1097 91 6294 883 4 0 100694
5772 1125 87 6294 932 4 0 108177
5773 1165 92 6294 962 4 0 117062
5774 1137 93 6294 940 4 0 112367
5775 1118 97 6294 910 4 0 106887
5776 1139 95 6294 928 4 0 110036
5777 1134 88 6294 946 4 0 112399
5778 1136 89 6294 930 4 0 111050
5779 1105 82 6294 894 4 0 102869
5780 1112 87 6296 898 4 0 105162
5781 1114 85 6296 894 4 0 105227
5782 1111 88 6296 902 4 0 105198
5783 1139 91 6297 949 4 0 113407
5784 1142 89 6297 956 4 0 115071
5785 1098 89 6297 886 4 0 101544
5786 1110 85 6298 891 4 0 102838
5787 1105 88 6298 899 4 0 103689
5788 1133 86 6299 926 4 0 110310
5789 1125 81 6300 925 4 0 109003
5790 1079 85 6300 875 4 0 98707.7
5791 1116 76 6300 918 4 0 107208
5792 1136 82 6300 935 4 0 110580
5793 1122 82 6300 924 4 0 107809
5794 1127 88 6301 914 4 0 107424
5795 1147 94 6301 939 4 0 112764
5796 1154 92 6301 952 4 0 115535
5797 1134 87 6301 942 4 0 111866
5798 1147 85 6301 964 4 0 115300
5799 1123 100 6301 919 4 0 107521
5800 1121 84 6301 918 4 0 107902
5801 1142 93 6301 925 4 0 110916
5802 1121 96 6301 902 4 0 105374
5803 1120 91 6302 915 4 0 106549
5804 1132 89 6302 926 4 0 109048
5805 1143 84 6302 946 4 0 112943
5806 1123 90 6302 923 4 0 109481
5807 1137 89 6302 917 4 0 108199
5808 1164 85 6302 975 4 0 118972
5809 1128 88 6302 927 4 0 109926
5810 1125 87 6302 919 4 0 107778
5811 1161 87 6303 955 4 0 116195
5812 1143 88 6303 941 4 0 111612
5813 1128 90 6303 908 4 0 106658
5814 1127 82 6303 924 4 0 109075
5815 1145 89 6303 952 4 0 114764
5816 1161 87 6303 968 4 0 117815
5817 1142 86 6303 935 4 0 112817
5818 1160 82 6303 960 4 0 116131
5819 1139 90 6303 933 4 0 111632
5820 1127 90 6303 919 4 0 108283
5821 1127 85 6304 923 4 0 108356
5822 1133 96 6304 912 4 0 107805
5823 1115 88 6304 895 4 0 103833
5824 1109 91 6304 901 4 0 104320
5825 1156 85 6304 959 4 0 117239
5826 1156 82 6304 958 4 0 116163
5827 1146 81 6304 955 4 0 114264
5828 1126 83 6304 936 4 0 110338
5829 1131 88 6304 933 4 0 110149
5830 1136 89 6304 942 4 0 111509
5831 1121 87 6305 921 4 0 108073
5832 1112 91 6305 901 4 0 104492
5833 1141 91 6305 933 4 0 111217
5834 1091 90 6305 882 4 0 99433.5
5835 1098 86 6305 886 4 0 101864
5836 1117 88 6305 915 4 0 107680
5837 1111 90 6305 885 4 0 103118
5838 1131 87 6305 914 4 0 108006
5839 1138 92 6305 933 4 0 111543
5840 1129 88 6307 924 4 0 108881
5841 1137 82 6308 937 4 0 111024
5842 1164 77 6308 985 4 0 120039
5843 1128 86 6308 925 4 0 108436
5844 1111 89 6308 893 4 0 103582
5845 1133 84 6309 921 4 0 108467
5846 1107 84 6309 905 4 0 105513
5847 1111 89 6309 895 4 0 104249
5848 1129 76 6309 937 4 0 109860
5849 1121 84 6309 913 4 0 106978
5850 1155 92 6309 966 4 0 116858
5851 1138 81 6309 942 4 0 113111
5852 1136 87 6309 935 4 0 110876
5853 1123 82 6309 919 4 0 107515
5854 1132 77 6309 938 4 0 111038
5855 1122 81 6309 926 4 0 109174
5856 1146 85 6309 962 4 0 115542
5857 1157 88 6310 954 4 0 115470
5858 1167 86 6310 979 4 0 119654
5859 1159 82 6310 973 4 0 118686
5860 1155 92 6312 953 4 0 115201
5861 1132 86 6313 924 4 0 109071
5862 1130 85 6313 931 4 0 109925
5863 1135 89 6313 943 4 0 112324
5864 1139 86 6314 940 4 0 110996
5865 1141 87 6315 938 4 0 112054
5866 1138 78 6315 940 4 0 112368
5867 1121 89 6316 913 4 0 107876
5868 1106 80 6316 915 4 0 106929
5869 1116 90 6317 903 4 0 105331
5870 1144 82 6317 952 4 0 113321
5871 1095 84 6317 884 4 0 101687
5872 1153 80 6318 952 4 0 114058
5873 1139 83 6318 951 4 0 114173
5874 1153 90 6318 951 4 0 114111
5875 1117 84 6319 904 4 0 105113
5876 1108 82 6319 897 4 0 104038
5877 1110 81 6320 913 4 0 106442
5878 1113 91 6320 915 4 0 106893
5879 1132 85 6320 931 4 0 110482
5880 1125 82 6321 917 4 0 107331
5881 1118 81 6321 921 4 0 107535
5882 1109 84 6321 907 4 0 104812
5883 1115 75 6321 923 4 0 108042
5884 1108 87 6322 908 4 0 105100
5885 1097 96 6323 881 4 0 100428
5886 1114 86 6323 912 4 0 106798
5887 1143 88 6324 939 4 0 111657
5888 1116 85 6325 912 4 0 105947
5889 1132 73 6325 929 4 0 109853
5890 1098 83 6325 883 4 0 101090
5891 1086 85 6325 862 4 0 98261.6
5892 1100 81 6325 885 4 0 102532
5893 1094 90 6325 865 4 0 98034.1
5894 1088 85 6325 866 4 0 97842.3
5895 1131 75 6325 929 4 0 109550
5896 1132 83 6325 933 4 0 110239
5897 1110 86 6325 893 4 0 103488
5898 1114 88 6325 911 4 0 106331
5899 1069 86 6325 843 4 0 94181.7
5900 1136 82 6325 937 4 0 110197
5901 1123 85 6325 914 4 0 107012
5902 1099 88 6325 887 4 0 102113
5903 1140 81 6325 944 4 0 112262
5904 1111 82 6325 906 4 0 105530
5905 1127 79 6325 930 4 0 110196
5906 1121 78 6325 917 4 0 107111
5907 1138 81 6325 937 4 0 111563
5908 1159 84 6325 958 4 0 116419
5909 1147 82 6325 941 4 0 112704
5910 1102 92 6325 888 4 0 102774
5911 1126 89 6325 905 4 0 106597
5912 1112 89 6325 904 4 0 105103
5913 1112 86 6325 904 4 0 105575
5914 1094 86 6325 866 4 0 99630.8
5915 1108 88 6326 896 4 0 103638
5916 1133 85 6326 934 4 0 110207
5917 1142 83 6326 945 4 0 113346
5918 1110 84 6326 898 4 0 103277
5919 1131 87 6326 913 4 0 107333
5920 1107 88 6326 902 4 0 104326
5921 1161 77 6326 980 4 0 118883
5922 1145 82 6326 942 4 0 113460
5923 1143 82 6327 939 4 0 112411
5924 1122 91 6328 900 4 0 105492
5925 1127 94 6328 904 4 0 106099
5926 1158 86 6328 959 4 0 116495
5927 1159 78 6328 979 4 0 119598
5928 1123 79 6328 933 4 0 109935
5929 1082 77 6328 885 4 0 99580.1
5930 1108 83 6329 911 4 0 105576
5931 1165 80 6329 980 4 0 119807
5932 1137 84 6329 950 4 0 112216
5933 1122 89 6329 925 4 0 108132
5934 1072 91 6329 851 4 0 94983.5
5935 1092 88 6329 876 4 0 99522.6
5936 1084 96 6329 859 4 0 97134.2
5937 1099 91 6329 878 4 0 100173
5938 1120 84 6330 914 4 0 106671
5939 1104 77 6331 890 4 0 102078
5940 1135 81 6331 931 4 0 110376
5941 1123 90 6331 913 4 0 107616
5942 1135 86 6332 924 4 0 110160
5943 1103 93 6332 902 4 0 103734
5944 1073 93 6332 840 4 0 93393.4
5945 1085 89 6332 865 4 0 97987.5
5946 1125 86 6332 916 4 0 107955
5947 1116 85 6332 901 4 0 106108
5948 1144 85 6332 938 4 0 111571
5949 1144 82 6332 941 4 0 111809
5950 1101 90 6332 883 4 0 101905
5951 1111 82 6332 901 4 0 104328
5952 1125 89 6332 924 4 0 109055
5953 1136 92 6332 935 4 0 111253
5954 1143 83 6333 943 4 0 113447
5955 1176 83 6333 981 4 0 122180
5956 1134 83 6333 928 4 0 110250
5957 1132 82 6333 944 4 0 111525
5958 1141 89 6333 943 4 0 112204
5959 1137 90 6333 946 4 0 112233
5960 1165 85 6334 1002 4 0 122738
5961 1144 91 6334 951 4 0 114246
5962 1144 85 6335 945 4 0 113563
5963 1123 93 6335 902 4 0 105334
5964 1121 93 6335 901 4 0 106117
5965 1125 84 6336 914 4 0 106571
5966 1135 80 6337 942 4 0 111132
5967 1144 84 6337 950 4 0 114096
5968 1127 82 6337 925 4 0 109104
5969 1130 81 6338 930 4 0 110051
5970 1112 88 6338 894 4 0 104010
5971 1132 85 6338 906 4 0 106609
5972 1116 88 6338 895 4 0 104233
5973 1102 79 6338 881 4 0 102043
5974 1130 81 6338 920 4 0 108764
5975 1088 82 6339 875 4 0 100271
5976 1074 88 6339 840 4 0 94059.8
5977 1119 89 6339 905 4 0 105295
5978 1126 82 6339 917 4 0 107922
5979 1098 86 6340 881 4 0 102120
5980 1131 86 6340 925 4 0 110142
5981 1145 80 6340 933 4 0 112455
5982 1123 79 6340 904 4 0 106749
5983 1136 81 6341 924 4 0 109852
5984 1136 90 6341 926 4 0 110193
5985 1145 82 6341 945 4 0 113506
5986 1153 81 6342 959 4 0 116424
5987 1122 78 6343 921 4 0 107947
5988 1138 87 6343 926 4 0 109390
5989 1096 94 6343 878 4 0 100965
5990 1114 91 6343 918 4 0 106124
5991 1118 96 6344 906 4 0 105971
5992 1117 93 6344 897 4 0 105605
5993 1148 89 6344 947 4 0 114212
5994 1115 92 6344 906 4 0 105455
5995 1134 80 6344 939 4 0 111732
5996 1133 80 6344 919 4 0 108799
5997 1130 86 6345 916 4 0 108462
5998 1160 83 6345 957 4 0 116106
5999 1139 86 6345 931 4 0 110564
6000 1146 88 6345 949 4 0 112984
